女优名称,排序
佳芯,1
金丞熙,1
朵儿,1
国产,1
董欣,1
理名,1
小丽,1
金巧巧,1
苏然,1
乐乐,1
白娇娇,1
李师师,1
孟菲菲,1
李雪,1
夏希梦,1
小岛樱,1
陈美惠,1
浩宇,1
乔安,1
莉娜,1
辛巴,1
芊芊,1
媛媛,1
小野猫,1
贝拉,1
娃娃,1
唐柔,1
圆圆,1
洛雪,1
夏滢,1
秦可欣,1
林思妤,1
园园,1
许安妮,1
李熙,1
顾伊梦,1
艾秋,1
张云熙,1
叶一涵,1
赵颖儿,1
李婧琪,1
永愛,1
李慕儿,1
沐沐,1
小葛格,1
徐韵姗,1
刘语珊,1
王茜,1
杜冰若,1
欧美玲,1
赵佳美,1
吴梦梦,1
佳芯,2
小林杏,2
吴凯彤,2
余丽,2
粉色情人,2
陆雪琪,2
唐月琴,2
董欣,2
叶柔,2
何小丽,2
萧悦儿,2
小丽,2
李萍,2
吴语菲,2
张子瑜,2
徐洛瑶,2
金巧巧,2
徐慧慧,2
李曼丽,2
陈悠悠,2
苏然,2
温婉,2
神山奈奈,2
琳 （Lynn）,2
Edith（伊蒂丝）,2
美竹玲,2
李师师,2
91制片厂素人,2
潘甜甜,2
Gina (吉娜),2
Anna（安娜）,2
袁可妮,2
陈若瑶,2
孟菲菲,2
卢珊珊,2
萧蔷,2
谢语彤,2
李雪,2
李丽,2
萧诗颖,2
李忆彤,2
陈美惠,2
媛媛,2
雅洁,2
91AV,2
小林杏,3
程媛媛,3
吴凯彤,3
林洋,3
王玥,3
余丽,3
茉莉,3
董欣,3
小丽,3
白娇娇,3
王有容,3
李恩琦,3
赵美凤,3
琳希,3
张美娜,3
王亦舒,3
李莎,3
杨美娟,3
董小婉,3
董小宛,3
文琪,3
李茹,3
Rae,3
刘颍儿,3
聂小倩,3
何雨,3
丁香,3
美樱,3
林雨露,3
李娜,3
田恬,3
李琼,3
何苗,3
戚小怜,3
韩小雅,3
张晴,3
杨思敏,3
杨柳,3
林凤娇,3
黄雪纯,3
杜鹃,3
玛丽莲,3
肖泳,3
苏妲己,3
陈小云,3
子言,3
白晶晶,3
媛媛,3
园园,3
张云熙,3
佳芯,4
程媛媛,4
吴凯彤,4
林洋,4
李小萤,4
余丽,4
蒋梦琳,4
兰心洁,4
茉莉,4
朵儿,4
唐月琴,4
董欣,4
萧悦儿,4
小丽,4
金巧巧,4
水冰月,4
白娇娇,4
李师师,4
卢珊珊,4
林妙可,4
七七,4
艾玛,4
小媛,4
媛媛,4
娜娜,4
小野猫,4
圆圆,4
园园,4
林思好,4
李熙,4
沐沐,4
温婉林,4
佳芯,5
吴凯彤,5
国产,5
小丽,5
孟菲菲,5
谭晓彤,5
柚子猫,5
小媛,5
媛媛,5
小野猫,5
瑶瑶,5
圆圆,5
园园,5
李熙,5
甜心宝贝,5
朵儿,6
小丽,6
金巧巧,6
温婉,6
乐乐,6
白娇娇,6
李师师,6
李雪,6
李丽,6
潮美舞,6
七七,6
伊娃,6
小媛,6
涵菱,6
杨幂,6
小野猫,6
91大神唐哥,6
圆圆,6
李熙,6
沐沐,6
海空花,6
陈枢,7
戴璐,7
JK萝莉,7
1121,7
RBQ,7
艾小青,7
迪丽热巴,7
杨超越,7
HongKongDoll,7
李真,7
Vivian,7
处男,7
纪录片,7
阿朱,7
唐嫣,7
沈樵,7
李玉洁,7
痴女,7
精饮,7
戏剧,7
吴施蒙,7
兔子先生,7
林雅儿,7
掉掉,7
NTR,7
陈思妍,7
DesireVol,7
安雪儿,7
葛宁宁,7
張語昕,7
第一人称,7
3P·4P,7
口交,7
多P,7
撸先生,7
想真花,7
刘玥,7
欧美,7
高大,7
美少女,7
PRED-203-CN,7
美乳,7
清纯,7
美腿,7
巨乳,7
300MAAN-500,7
中文字幕,7
体内射精,7
单体作品,7
苗条,7
人妻,7
熟女,7
PPPD-807-CN,7
326EVA-032,7
轮奸,7
性骚扰,7
林美玲,7
0,7
多名素人,8
無碼素人,8
韩国素人,8
日本素人,8
无码素人,8
台湾素人,8
欧美素人,8
华裔素人,8
素女,8
素人,8
暗黑王子,9
小林纱织,9
宇佐爱花,9
緒方千乃,9
池田瞳,9
八木奈々,9
森日向,9
橘雏乃,9
广濑美月,9
七濑爱丽丝,9
越智爱拉,9
有棲花あか,9
宫岛芽衣,9
伊贺真子,9
柊麗奈,9
三上悠亚,9
艾绒,9
玉置ゆき,9
Chocoletmikk,9
TokyoDiary,9
花咲柚乃,9
越智綾香,9
沙月芽衣,9
妃月留衣,9
吉根柚莉愛,9
本真百合,9
吉井美希,9
百田胡桃,9
橘雪梨,9
宫泽纱织,9
婕咪,9
志田雪奈,9
姫咲はな,9
武田みう,9
明里紬,9
天使亚梦,9
飛鳥りいな,9
長谷川えり,9
佐野ゆいな,9
瀬名ひかり,9
風間ゆみ,9
成田つむぎ,9
中山美優,9
乃木はるか,9
宮国はなこ,9
melody marks (美乐蒂 ·雏,9
望月あやか,9
永瀨唯,9
早美怜夢,9
风间希,9
美咲七七,9
柊纱荣子,9
白峰美诗,9
水户可奈,9
风间由美,9
香水纯,9
市来优心,9
广瀬美月,9
天上美沙,9
松宫翡翠,9
柊木茉莉奈,9
永原夏树,9
西野桃,9
来栖琴叶,9
楪可怜,9
户田美美香,9
羽月有丽,9
长谷川柚月,9
永澤ゆきの,9
白高ちさと,9
朱果,9
高樹みか,9
鷹宮唯,9
瀬名光,9
菅野舞美,9
後藤みさき,9
西尾かおり,9
悠木あやね,9
佐佐木由纪,9
樱井日菜乃,9
南泽友里惠,9
希岛爱理,9
吉高宁宁,9
天音真比奈,9
悠月梨爱菜,9
成美木叶,9
栗山里奥,9
凉宫音,9
木下日雏,9
卯月千早,9
吉永好美,9
桃乃木香奈,9
安斋拉拉,9
天绪麻衣,9
加藤椿,9
大冢真由,9
天音唯,9
东条夏,9
月乃樱,9
七嶋十爱,9
希代亚美,9
水原丽子,9
仲本舞花,9
工藤丽华,9
清宫理惠,9
桃尻要,9
樱空桃,9
水野优香,9
木村穗乃香,9
杉山薫,9
向井蓝,9
天海翼,9
纱仓美雪,9
天然花音,9
星菜子,9
江波凉,9
逢坂莉乃,9
澤雪音,9
凉南佳奈,9
皆月光,9
宫原圭子,9
飞鸟利稻,9
小衣久留美,9
小梅惠奈,9
姬咲华,9
花宫亚梦,9
夕季千岁,9
乙白沙也加,9
葵司,9
二葉エマ,9
岬櫻,9
西島ゆいか,9
板野莉亜,9
高島かな,9
蓮見天,9
会沢凛,9
早川ひかり,9
森下かすみ,9
夏目響,9
山崎水愛,9
滝沢ライラ,9
浅見レナ,9
上本ゆり,9
朝比奈ななせ,9
衣吹かのん,9
星仲みなみ,9
堀口美紀,9
星仲ここみ,9
武田エレナ,9
七瀬ありす,9
月乃さくら,9
宮島めい,9
東條なつ,9
奏莉子,9
緑川みやび,9
月島さくら,9
夕季ちとせ,9
橋本玲美,9
水野優香,9
马保国,9
伊東沙蘭,9
竹內夏希,9
赤城碧,9
葵玲奈,9
山口珠理,9
花音うら,9
月城兰,9
椿莉香,9
黑川紗里奈,9
樞木葵,9
豐崎美里,9
高飛車オンナ,9
野本裕子,9
林思予,9
霜月るな,9
美月みさと,9
綾瀬麻衣子,9
西田那津,9
七瀬ひかり,9
乙白さやか,9
愛須もえ,9
麻宫玲,9
春音りお,9
冴島奈緒,9
衣吹かの,9
麻倉ゆあ,9
菅野真穂,9
小衣くるみ,9
影山さくら,9
浅井信晴,9
純真かれん,9
柏木あみ,9
希代あみ,9
みひな,9
二階堂ゆか,9
七瀬りん,9
ももたらら,9
大塚まゆ,9
吉岡明日海,9
吉泽明歩,9
清宮すず,9
小泉香苗,9
悠木茜,9
城咲京花,9
吉根ゆりあ,9
冬愛ことね,9
中条カノン,9
廣瀬結香,9
広瀬結香,9
若宮穂乃,9
斎藤みなみ,9
木下ひまり,9
かわいまゆ,9
速水るな,9
詩月まどか,9
山上ゆうか,9
渚このみ,9
蒼井れいな,9
春明潤,9
咲野ひより,9
川村晴,9
田中ねね,9
菅野礼奈,9
羽田希,9
黒木美沙,9
加藤あやの加藤ももか,9
滨崎真绪,9
中城葵,9
亜矢みつき,9
北山柑菜,9
花井明彩,9
立川理惠,9
飛鳥利稻,9
神坂朋子,9
推川悠里,9
黑宮詠美,9
河合明日菜,9
七ツ森りり,9
七海ひな,9
逢見梨花,9
二宮光,9
吉良蓮,9
三宮椿,9
葉山夏菜,9
Emma,9
古川伊織,9
篠田優,9
深田詠美,9
飯岡佳奈子,9
小泉日向,9
椿利香,9
槙東名,9
佐藤莉子,9
唯月优花,9
羽咲美亜,9
橘小春,9
吉澤明步,9
若宫穂乃,9
高橋聖子,9
吉良鈴,9
桃尻かなめ,9
小春ももこ,9
南乃空,9
池田咲,9
天川空,9
葵伊吹,9
吉良铃,9
斎藤美波,9
山本莲加,9
白鳥みなみ,9
若宮はずき,9
永野つかさ,9
桥本有菜,9
佐久間ゆう,9
山本蓮加,9
森日向子,9
香椎花乃,9
日高りこ,9
高嶋明实,9
七森莉莉,9
相馬茜,9
乃木螢,9
大空七海,9
中瀬のぞみ,9
三宮つばき,9
長濱もも,9
日向真凛,9
鷲尾めい,9
不见星空,9
彩月あやめ,9
滝川穂乃果,9
花音麗,9
白石れいか,9
宮澤さおり,9
樋口みつは,9
夕月わかな,9
片岡杏奈,9
舞原聖,9
美雲あい梨,9
大谷翔子,9
中條カノン,9
真宮あや,9
白石かんな,9
武田玲奈,9
真白真绪,9
波多野结衣,9
雪乃凛央,9
山井铃,9
绀野光,9
川崎纪里恵,9
相泽南,9
青山夏树,9
よしい美希（伊沢涼子、吉井美希） 大原千,9
二宫和香,9
大原千穂,9
凉城理绪菜,9
香坂乃亚,9
成宮えりか,9
伊藤枫,9
天音まひな,9
星優香,9
日向海,9
冲田里绪,9
堀沢ゆい,9
小林麻衣子,9
如月夏希,9
夏野あき,9
如月結衣,9
永瀬由衣,9
三岛奈津子,9
望月绚香,9
西田卡莉娜,9
志木茜,9
宫园琴音,9
加賀美さら,9
深航空姐,9
凛音桃花,9
汤筱田,9
白杞莉莉,9
羽咲美晴,9
瞳亮,9
铃木真夕,9
Aira,9
水泽亚美,9
森下美绪,9
天月叶菜,9
美原堇,9
三条翼,9
环日香,9
佐藤白音,9
黒泽雪,9
Hitomi（田中瞳） 堇美香,9
紗霧ひなた,9
水卜櫻,9
彌生美月,9
真白若菜,9
坂本ほのか,9
綾野鈴珠,9
彩風のん,9
姬野琴梅,9
秋元千早,9
仲间安住,9
凯娜·库梅,9
本真由梨,9
佐藤爱琉,9
桃尻花音,9
花宫丽,9
真宫彩,9
新川爱七,9
永野司,9
明里䌷,9
浜崎真绪,9
音羽宁彩,9
安部未华子,9
有村希,9
美月安洁莉亚,9
琴井汐里,9
柚木,9
莲实克蕾儿,9
神木まほろ,9
朝比奈七濑,9
椿りか,9
紗倉みゆき,9
水卜樱,9
初川南,9
樱木梨乃,9
浆果儿,9
由爱可奈,9
舞原圣,9
星野娜美,9
纱纱原百合,9
永井玛丽亚,9
愛沢さら,9
美园和花,9
川越结衣,9
美乃雀,9
春风光,9
古川伊织,9
叶子媚,9
桃井早苗,9
春菜花,9
辻井穗乃果,9
尹美丽,9
朴超贤,9
智在瑞,9
白咲花,9
杉咲しずか,9
冬爱琴音,9
本多杏奈,9
豊田爱菜,9
海咲奈美,9
彩月菖蒲,9
宇流木纱罗,9
弥生美月,9
片瀬千纱,9
长濑麻美,9
丘惠里菜,9
皆川优奈,9
八乃翼,9
葵百合香,9
桜田みつ葉,9
叶月梨乃,9
秋元真由花,9
川村真矢,9
立花沙耶,9
牧野绘里,9
深田结梨.逢见梨花,9
田中宁宁,9
佐山爱,9
堀越みな,9
城山若菜,9
一条美绪,9
花音丽,9
七濑日向,9
佐仓宁宁,9
香苗玲音,9
富山诗音,9
藤浦惠,9
心実瑠奈,9
七濑伊织,9
伊吹葵,9
有坂真宵,9
美云爱梨,9
加贺美真理,9
樱子,9
逢见梨花,9
宫泽真希,9
推川悠里.早川濑里奈,9
青泽惠美梨,9
星空萌爱,9
大槻响,9
仓多真央,9
篠田优,9
笹仓杏,9
梦乃爱华,9
中野七绪,9
结白优季,9
堇美香,9
西宫梦,9
新垣智惠,9
小田真子,9
青山优,9
波形莫奈,9
水沢美心,9
うららか麗,9
川原みのり,9
菊川三叶,9
与田知佳,9
村上丽奈,9
石原希望,9
丘えりな,9
今田美玲,9
黒谷咲紀,9
叶ユリア,9
さとう白音,9
児玉れな,9
今井ひまり,9
矢乃かのん,9
遠野ありさ,9
七瀬なな,9
青空ひかり,9
栗山絵麻,9
朝日しずく,9
北沢蓮,9
黒田なな,9
穂高ひな,9
志木あかね,9
香坂のあ,9
希崎結衣花,9
結城のぞみ,9
坂上莉央,9
织田真子,9
長谷川アン,9
妃ひかり,9
加美杏奈,9
みやび,9
豊崎みさと,9
碧えみ,9
七美せな,9
重本ミチル,9
牧瀬みさ,9
立花あんり,9
美月まい,9
香澄せな,9
宮城りょう,9
小野六花,9
中出し解禁,9
梓ヒカリ,9
黒宮えいみ,9
吉野まい,9
Marks,9
詩音乃らん,9
大島沙織,9
桜樹玲奈,9
嵐山みちる,9
美波沙耶,9
花音うらら,9
瀬戸レイカ,9
神谷ゆうみ,9
谷花紗耶,9
心実るな,9
本田若菜,9
藤浦めぐ,9
水卜えみり,9
永野いち夏,9
竹内有紀,9
木下凛々子,9
桜井千春,9
宜家女,9
椎名あすか,9
成都素人,9
春風ひか,9
古賀みなみ,9
櫻井えみ,9
June,9
宇都宮 しをん,9
青山悠,9
蜜美杏,9
冯珊珊,9
浜崎さん,9
美乃すずめ,9
川口夏奈,9
愛加あみ,9
瀧澤蘿拉,9
泷泽萝啦,9
藍芽みずき,9
岡山まお,9
徐爱丽,9
小森みくろ,9
河合ゆい,9
加藤いおり,9
音羽ねいろ,9
長澤梓,9
生驹满,9
饭山香织,9
桐山结羽,9
汤唯,9
风吟鸟唱,9
ちひろ,9
若菜光,9
広瀬りおな,9
青木美香,9
初音ろな,9
葉月りの,9
李采潭,9
上野真奈美,9
渚沢まゆ,9
三原穗香,9
坂道みる,9
環ニコ,9
陸畑ひなの,9
井ひまり,9
朴银狐,9
朱艺彬,9
月乃しずく,9
许艺昌,9
結城るみな,9
瞳みさ,9
成瀬祥子,9
前田桃杏,9
久留木玲,9
松本菜美,9
白坂有以,9
皆川ゆうな,9
上原爱,9
北條リエコ,9
美森けい,9
杉山千佳,9
心菜りお,9
神咲まい,9
柊シエル,9
早美れむ,9
夏羽なつは,9
倉多ま,9
美咲结衣,9
高槻れい,9
大贯梓,9
樞木あおい,9
月森ゆの,9
奥川るきの,9
梦见照うた,9
奥川琉希,9
松元一香,9
槙いずな,9
河奈亜依,9
三浦歩美,9
東条蒼,9
天川そら,9
メロディー・雛・マークス,9
飯山香織,9
小坂サラ,9
MIDE-742-CN,9
河北春菜,9
宮園ももこ,9
市川花音,9
大川月乃,9
松井千春,9
近藤れおな,9
佐野栞,9
ASUKA,9
羽月希,9
花井メイサ,9
篠田あゆみ,9
白川ゆず,9
汐見ゆうな,9
南マナ,9
朱莉きょうこ,9
和久井まりあ,9
小山加奈,9
松本いちか,9
月宮ねね,9
宮澤エレン,9
三浦裕子,9
藤白桃羽,9
一色まりあ,9
市川サラ,9
早川ルイ,9
佐藤りこ,9
佐知子,9
春風ひかる,9
七瀬いおり,9
広瀬なるみ,9
玲奈,9
夜空せいら,9
白石あこ,9
森下かりん,9
美甘りか,9
真乃あいか,9
来まえび,9
米倉穂香,9
二宮ひかり,9
岡本理依奈,9
@YOU,9
竹内夏希,9
葉月桃,9
結々萌奈実,9
逢実ほたる,9
日下部加奈,9
根尾あかり,9
日向あん,9
七瀬ひな,9
小梅えな,9
中尾芽衣子,9
黛ユイ,9
山本まい,9
目黑惠,9
森沢リサ,9
伊泽睦美,9
黑川瑾,9
紺野光,9
桐谷茉莉,9
神宫寺奈绪,9
大岛美绪,9
关根奈美,9
LUNA,9
星川凛凛花,9
永濑未萌,9
岬梓,9
仓木诗织,9
有村惠梨香,9
戶田真琴,9
东凛,9
青山华,9
夏目かふか,9
瀬崎彩音,9
鹰宫唯,9
美乐蒂・雏・马克思,9
瀬戸堇,9
大沢佑香,9
橫山美雪,9
夏目みくる,9
白杞りり,9
夏木なつ,9
碧志乃,9
大塚みなみ,9
藤森里穂,9
森陽菜乃,9
夏原唯,9
はるかみらい,9
深沢いのり,9
夏目なな,9
010120-001-CARIB,9
花宮あむ,9
大久保ゆう,9
みずき麗花,9
霧島レオナ,9
大塚奈々子,9
青山翔,9
小泉ひなた,9
内海はるか,9
美月はとり,9
森なおみ,9
菊川怜子,9
瀧澤まい,9
蓝芽水月,9
凉森玲梦,9
望月米雪,9
天使萌,9
雾岛里绪菜,9
芽森滴,9
双叶美绪,9
新川愛七,9
彩月あかり,9
水濑优夏,9
奏音花音,9
神野はづき,9
有栖いおり,9
堀りほ,9
三上悠亞,9
高坂あいり,9
大原ゆりあ,9
清音咲良,9
野々宮蘭,9
関口まさこ,9
もなみ鈴,9
咲乃小春,9
高美はるか,9
明望萌衣,9
楓カレン,9
七瀬もな,9
河西乃愛,9
七海なな,9
伊賀まこ,9
筧ジュン,9
坂道みる,9
花守みらい,9
黒川さりな,9
中野七緒,9
深田結梨,9
理々香,9
菊池リナ,9
乃木蛍,9
小園梨央,9
安齋らら,9
夏木ゆきえ,9
泉麻里香,9
波形モネ,9
愛瀬るか,9
弥生みづき,9
永瀬みなも,9
中山文香,9
三船かれん,9
五十嵐星蘭,9
みながわ千遥,9
綾音うた,9
夏希まろん,9
业馀,9
独家推荐,9
神代にな,9
叶月丽罗,9
琴井しほり,9
新名あみん,9
彩音めぐみ,9
目黒めぐみ,9
森本つぐみ,9
ルナ,9
真樹涼子,9
新谷未来,9
今井夏帆,9
赤瀬尚子,9
織笠るみ,9
水森翠,9
栗栖みなみ,9
心乃秋奈,9
松井悠,9
友利七葉,9
佐藤エル,9
小鳥遊ももえ,9
柊るい,9
谷あづさ,9
花宮レイ,9
優木しの,9
吉岡ひより,9
高山ちさと,9
蒼風とわ,9
晶エリー,9
永井マリア,9
山口葉瑠,9
倉田アンナ,9
奏音かのん,9
知花凛,9
辻井ほのか,9
Audrey Hempburne,9
星野朱莉,9
枫まい,9
ふわりゆうき,9
后藤里香,9
椎葉えま,9
吉良りん,9
結城のの,9
七瀨日向,9
皆月ひかる,9
佐仓ねね,9
神崎るみ,9
七海ティナ,9
斎藤あみり,9
春鳥みつき,9
莲実クレア,9
桜庭ひかり,9
桃井杏南,9
唯乃光,9
吉澤ひかり,9
朝倉琴美,9
令和れい,9
稻場流花,9
咲々原リン,9
生田みく,9
相澤ゆりな,9
神纳花,9
深田结梨,9
メイリン,9
あしかわ めい,9
平花,9
丸千香子,9
優月心菜,9
藤嶋直,9
向理来,9
有马芳彦,9
浅见せな,9
神宫寺ナオ,9
桃尻かのん,9
早川瑞希,9
花咲いあん,9
摩耶,9
NIMO,9
やしきれな,9
葉月もえ,9
富永舞,9
紗藤あゆ,9
水咲萝拉,9
大浦真奈美,9
宮川ありさ,9
ラン・ミンメイ,9
Sumire,9
相沢恋,9
椿くるみ,9
佐久間恵美,9
乃木かな,9
優月せら,9
音海里奈,9
加瀬ななほ,9
逢沢りいな,9
黒川すみれ,9
優木美羽,9
渚みつき,9
白季マリア,9
今井麻衣,9
美沙,9
涌本楓,9
新山恵梨,9
神谷充希,9
みお,9
青澤えみり,9
成宮ひかる,9
深田咏美,9
枢木葵,9
筱田优,9
雨音若菜,9
早乙女结衣,9
真城杏,9
青泽えみり,9
石原理央,9
稻场流花,9
京香julia,9
仲村さり,9
工藤れいか,9
深田みお,9
はるか樹里,9
芦那しおり,9
彩葉みおり,9
有栖るる,9
鈴木美嘉,9
伊吹彩,9
星川憂香,9
結真希奈,9
真奈里緒菜,9
愛波凜凜香,9
河北香菜,9
日高のりこ,9
佐々木愛美,9
女大學生偷窺,9
櫻井心菜,9
黒咲しずく,9
望雪米月,9
遠山雪菜,9
新村晶,9
平川琴菜,9
花守未来,9
御坂莉亚,9
あゆみ,9
成宮はるあ さ,9
梨杏夏,9
清水理紗,9
一ノ瀬菫,9
立浪花恋,9
加瀬エリナ,9
星宫一花,9
伊賀真子,9
上原結衣,9
加藤沙季,9
七澤美亞,9
姬川優奈,9
美園和花,9
愛香,9
白葉りこ,9
工藤真奈美,9
瀨名光莉,9
水戶可奈,9
白咲莉乃,9
椎名美優,9
皆野愛,9
乃木千春,9
流田みな実,9
西村春香,9
河北恵美,9
岬あずさ,9
美咲佳奈,9
逢澤遙,9
野野原夏菜,9
神坂ひなの,9
海藤みずほ,9
彩月希,9
麻生香月,9
成島亞希,9
河北麻衣,9
樱井莉亚,9
羽田愛,9
琴宮リオナ,9
椎名由奈,9
高梨ゆあ,9
あいら,9
星宮一花,9
小泉ミツカ,9
成沢きさき,9
武井もな,9
蕾,9
木村真奈,9
ひなたまりん,9
月島奈奈子,9
雪城まどか,9
椎葉みくる,9
青木花恋,9
藤咲セイラ,9
緒方流菜,9
根元えりな,9
新城由衣,9
三咲美憂,9
有馬芳彦,9
深田梨奈,9
星亞愛梨,9
小澤マリア,9
蒼井櫻,9
小暮カレン,9
早乙女ルイ,9
井川みおり,9
笠木いちか,9
桐岛绫子,9
桃尻かのん,9
悠月リアナ,9
春希ゆきの,9
佐藤みき,9
赤木碧,9
上村香澄,9
沖田里緒,9
里崎あかね,9
星あめり,9
真鍋まゆ,9
三谷希,9
逢見リカ,9
斉木ゆあ,9
沙月由奈,9
江波亮,9
石田カレン,9
橘梨紗,9
白雪麻衣,9
沢野美香,9
きららかおり,9
永瀬ゆい,9
八尋麻衣,9
樹まりこ,9
小川阿佐美,9
井上英李,9
茉城ねね,9
長澤果奈,9
立花めい,9
伊藤舞,9
松島楓,9
吉咲あきな,9
木內亞美菜,9
原田純,9
星川凛々花,9
宮澤みほ,9
亜美,9
生駒みちる,9
朱音ゆい,9
中島美加,9
宝田もなみ,9
廣瀨奈津美,9
白咲なるみ,9
野間あんな,9
日高千晶,9
@yano_purple,9
益坂美亜,9
ビビアン・リン,9
箕輪ともみ,9
吉岡蓮美,9
佐々木優奈,9
大澤雛乃,9
藤江史帆,9
東山実,9
大貫梓,9
樞木美栞,9
明日香克蕾雅,9
白雪心々奈,9
君戶步實,9
浅見せな,9
夢見照うた,9
心有花,9
新美かりん,9
君川結衣,9
優木カリナ,9
中野ありさ,9
稲場るか,9
長澤あずさ,9
涼森れむ,9
葉月レイラ,9
雙葉美緒,9
羽田サラ,9
石黒京香,9
黒崎みか,9
いずみ美耶,9
上山奈々,9
星咲マイカ,9
並木優,9
矢田美紀子,9
杏美恋,9
水川堇,9
我妻里帆,9
冈本真忧,9
咲咲原凛,9
杏树纱奈,9
畑めい,9
织笠流美,9
桜羽のどか,9
野々浦暖,9
长谷川秋子,9
深田えいみ,9
坂道美琉,9
夕美しおん,9
乾立夏,9
春埼めい,9
蓝沢润,9
乙叶ななせ,9
君色华奈,9
枫可怜,9
泷泽萝拉,9
生稲花歩,9
上条惠,9
日向うみ,9
大桥未久,9
倉田恵,9
まどか翠,9
小坂みゆき,9
朔葉あすか（霧島さくら）,9
天音優愛,9
中邑みずき,9
北森麻子,9
西浦紀香,9
麻見ももか,9
大森なおみ,9
桃瀬さくら,9
佐伯なるみ,9
華嶋れい菜,9
名森さえ,9
熊宮由乃,9
音あずさ,9
松沢ゆかり,9
吉瀬菜々子,9
相沢さつき,9
天川涼羽,9
青山ちさ子,9
宮澤アオ,9
三浦凜,9
本庄鈴,9
赤木靖子,9
藤原小夜,9
大山ももか,9
朝陽そら,9
香坂紗梨,9
坂本美波,9
持田栞里,9
唯井まひろ,9
小倉由菜,9
朝長ゆき,9
高見怜奈,9
澤村レイコ（高坂保奈美、高坂ますみ）,9
水川スミレ,9
新沢平蘭,9
緒方エレナ,9
嵐山里緒奈,9
相沢夏帆,9
喜多方涼,9
沙月ひなの,9
北野亜希,9
栞風ふう,9
さくらはる,9
白鳥すず,9
小山珠那,9
ジェマ,9
三崎祐子,9
百多えみり,9
一ノ瀬梓,9
月美もえ,9
北川礼子,9
木野香織,9
岡村香澄,9
美国沙耶,9
松村みをり,9
奥村沙織,9
倉木しおり,9
沙月とわ,9
一条みお,9
森崎マリア,9
伊東かな,9
渡良瀬りほ,9
桑田みのり,9
鈴森ひなた,9
佐々木ゆき,9
麻生知香,9
涼木奏,9
仲間明日香,9
新川優里,9
蓮海まりな,9
岡崎なつめ,9
春花くるみ,9
橋本直美,9
メイメイ,9
如月愛,9
藤井麻未,9
松永さな,9
高丘大空,9
日々輝ここの,9
美波りな,9
水川かずは,9
福田涼子,9
水原乃亜,9
兼子美笛,9
河北彩花,9
桃生しお梨,9
東條美樹,9
能勢えりか,9
武田真,9
有村のぞみ,9
美作彩凪,9
織田真琴,9
橋本りお,9
若本あん,9
沢井みらい,9
川崎紀里恵,9
藤代ゆかり,9
美原すみれ,9
みつ葉（菊川みつ葉）,9
楓まい,9
尾崎翠,9
長谷川由香,9
白石蓮,9
藤川れい子,9
永井すみれ,9
佐々木めい,9
水卜さくら,9
遥あやね,9
星野友里江,9
佐々木えな,9
舞村奏,9
高杉麻里,9
日菜々はのん,9
優梨まいな,9
五十嵐星蘭,9
神宮寺ナオ,9
八乃つばさ,9
香苗レノン,9
有坂深雪,9
泉りおん,9
安西ひかり,9
石川祐奈,9
南果菜,9
八ツ橋さい子,9
森ほたる,9
凛音とうか,9
祈里きすみ,9
河合あすな,9
倉多真央,9
ひなた澪,9
双葉良香,9
架乃ゆら,9
ななせ麻衣,9
大黒セイラ,9
有星あおり,9
川角ひかる,9
速美もな,9
有原あゆみ,9
岩瀬りな,9
梨木萌,9
山岸琴音,9
水沢かおり,9
神咲紗々,9
南未果子,9
伊藤舞雪,9
優希まこと,9
渋谷まなか,9
木下あずみ,9
川北りな,9
宇多田あみ,9
本多あんな,9
麻美ゆま,9
優菜真白,9
白瀬ななみ,9
桐山結羽,9
工藤まなみ,9
鈴木みか,9
生田みく,9
小栗もなか,9
Yuri,9
梨々花,9
山本しゅり,9
小松美柚羽,9
辰巳ゆい,9
大杜若羽,9
小泉麻里,9
藤波さとり,9
結菜はるか,9
早川美緒,9
七沢みあ,9
八田愛梨,9
桐嶋もも香,9
青葉はるな,9
桜結奈,9
浜崎瑞穂,9
山井すず,9
真菜果,9
三崎りえ,9
伊吹まどか,9
前園ゆり,9
榎本葉月,9
志摩明日香,9
大倉ひろみ,9
うさぎ美優,9
鈴南ほのか,9
石田結実,9
Lilly,9
山岸凛,9
ひなの里歩,9
南莉奈,9
七瀬りの,9
中村優奈,9
有坂玲奈,9
黒木あおい,9
小嶋えみ,9
柊木友美,9
九条円香,9
愛葵いちか,9
風間萌衣,9
平沢すず,9
池江はるか,9
小倉優,9
森田めぐみ,9
ななみゆい,9
藤堂結衣,9
杉崎綾,9
華咲じゅら,9
坂咲みほ,9
橘れな,9
黛あお,9
釈迦由美子,9
富田優衣,9
夏井瀬里奈,9
一色さゆり,9
森高七海,9
高橋亜弥,9
宮島優,9
葉月もえ,9
桜月舞,9
美波杏,9
斉藤りこ,9
倉田江里子,9
松岡聖羅,9
望月りさ,9
水川愛莉,9
さくら莉麻,9
愛内ゆう,9
五十嵐潤,9
大崎静子,9
杠えな,9
石原ルリカ,9
結城恋,9
服部香菜,9
成宮麗子,9
菊池つぼみ,9
二ノ宮慶子,9
結城花梨,9
長瀬あおい,9
由紀なつ碧,9
来栖らいち,9
小沢アリス,9
大橋ゆきな,9
鈴ノ木桜,9
瀧沢クリス,9
大日向遥,9
神崎モカ,9
橋下まこ,9
井上すず,9
愛羽なな,9
持田茜,9
大沢つくし,9
よしい美希（伊沢涼子、吉井美希）,9
長瀬望美,9
保坂友利子,9
井上らん,9
琴水せいら,9
仲村みう,9
千夏南那,9
あかぎ碧,9
愛世くらら,9
紅音レイラ,9
星乃月,9
豊中アリス,9
月村ひかる,9
神南ひかり,9
白川千織,9
青山りん,9
夏目しおん,9
夜桜すもも,9
椎名ゆうき,9
鳴美れい,9
夏目葵,9
こずえまき,9
平塚まい,9
あおい,9
上條つかさ,9
樹花凜,9
川奈まり,9
北村沙織,9
真田菜々,9
兵藤由紀,9
響りん,9
友梨佳,9
小原たか子,9
岸田舞,9
真中つぐみ,9
女沢りさ,9
高坂保奈美,9
星乃ゆいり,9
五十嵐小悠希,9
月島小菊,9
黒川さえ,9
野宮陽子,9
熊谷みさ子,9
真弓あずさ,9
深井京香,9
平本めいさ,9
浅井色織,9
新井ゆり,9
大田のぞみ,9
なつみひな,9
伊藤美由紀,9
田代マリ,9
白川さや,9
小嶋亜美,9
水野夏海,9
若村美沙子,9
三村春菜,9
千秋夕,9
夏川遥,9
矢野沙紀,9
咲田うらら,9
木下柚花,9
松下紗世,9
新山らん,9
星乃ここみ,9
ののか,9
鈴木ありさ,9
大塚ひな,9
最上りこ,9
香坂りな,9
二階堂ローザ,9
桐原あずさ,9
姫野りむ,9
千寿まゆ,9
綾乃千晶,9
藍川なぎさ,9
舞島環,9
牧野紗代,9
鳥井美希,9
愛実れい,9
藤崎エリナ,9
石倉沙緒里,9
吉澤清美,9
嶋崎香里,9
愛原理彩,9
中原愛子,9
早川メアリー,9
工藤恵理子,9
南祥子,9
星崎キララ,9
川口葉純,9
高城姫華,9
一乃瀬るりあ,9
陽咲希美,9
紺野京子,9
宮崎由麻,9
宮前幸恵,9
荻野むつき,9
ゆうみ菜穂,9
橘かえで,9
永咲こころ,9
辻倉あかり,9
浜田翔子,9
綾見ひなの,9
山本ありさ,9
鳥井真央,9
新倉このみ,9
滝田恵理子,9
櫻由羅,9
ゆい,9
牧野すず,9
酒井奈々未,9
久保今日子,9
舞川ゆりな,9
白咲あいら,9
綾瀬れん,9
前田優希,9
新井エリー,9
高嶋碧,9
森咲あゆみ,9
吉川なお,9
小柳歩,9
白戸英理奈,9
徳永しおり,9
夏川ひまり,9
秋山ゆう,9
小峰由衣,9
有村咲良,9
椎名みゆ,9
井川ゆい,9
笠木忍,9
河井美香,9
橋口りおな,9
RUMIKA,9
石見ちはる,9
木崎実花,9
愛音麻友,9
香坂はるな,9
秋草めい,9
神谷祥子,9
浜田麻由美,9
ほのかまゆ,9
千星はるか,9
朝宮涼子,9
桜ゆい,9
浅井千尋,9
石井麻奈美,9
黒沢那智,9
星杏奈,9
永井みひな,9
牧野絵里,9
白鳥美玲,9
早見るり,9
平山みな,9
白鳥るり,9
望月あられ,9
舟木真奈,9
星野ひとみ,9
加藤結彩,9
泉水らん,9
笹本梓,9
北嶋ゆい,9
立花涼子,9
小出遥,9
彩音かのん,9
白咲舞,9
星野ゆめか,9
美神あや,9
大家あみ,9
汐美あや,9
河内まこと,9
不二まこ,9
ましろ杏,9
本庄真理,9
三好亜矢,9
葵こはる,9
小野はるか,9
すなお恵,9
村上佳苗,9
秋吉ひな,9
ひなた唯,9
板垣あずさ,9
杏璃さや,9
月宮こはる,9
美咲ヒカル,9
琴古ひまり,9
阿部栞菜,9
桐谷なお,9
三田杏,9
百々谷りあ,9
徳永れい,9
真白ここ,9
篠原りょう,9
山岡真理,9
桜木れん,9
小野理菜,9
新村まり子,9
竹田ゆめ,9
ひなみるか,9
志穂美カノン,9
手島知世,9
音市真音,9
愛乃はるか,9
二ノ宮りほ,9
小嶺心春,9
桜もこ,9
中山陽菜,9
喜山エリカ,9
小澤まな,9
金澤セレナ,9
荒木ありさ,9
兼子あやか,9
芹沢まゆら,9
山田まり,9
渋谷りな,9
荒木りこ,9
乙都さきの,9
黒川美咲,9
ほしのみゆ,9
水戸かな,9
清水愛梨,9
櫻木ひびき,9
白金れい奈,9
岬ななみ,9
響まりこ,9
倖田りな,9
古瀬玲,9
西野エリカ,9
渡辺美羽,9
宮本沙央里,9
れおな,9
三浦凛,9
濱松愛季,9
川瀬紗那,9
星島るり,9
赤槻さやか,9
春乃さくら,9
山岸逢花,9
美谷朱里,9
北井梓,9
小久保円花,9
杉田奈美子,9
進藤由紀乃,9
柳田和美,9
愛花みちる,9
山本鈴,9
櫻井美月,9
枡田ゆう子,9
乃木ちはる,9
広瀬優希,9
宮田加奈子,9
あいださくら,9
宝生リリー,9
風間リナ,9
姫沢ハレン,9
平岡里枝子,9
遠野あかり,9
吉高寧々,9
稲垣かほ,9
松坂るみ子,9
高岡麗奈,9
山崎麻里子,9
朝河蘭,9
川崎舞莉,9
渡部晴香,9
植田陽菜,9
琴音はづき,9
天音しずか,9
星奈あい,9
まなかかな,9
水川かえで,9
倖田李梨,9
美咲まや,9
島津かおる,9
柚月,9
君島みお,9
折原ゆら,9
初美りん,9
悠木美雪,9
妃宮侑里,9
杏美月,9
宮崎リサ,9
中嶋佐奈,9
白鳥ゆき,9
青木梨花,9
沖那つばさ,9
松永わかな,9
中洲瑞江,9
咲野の花,9
江口美沙,9
渡辺芽衣,9
戸叶真菜,9
宮城心菜,9
平原心,9
橋本京子,9
東峰きさ,9
佐佐木繪美,9
小林メイ,9
高光真子,9
小宮山怜,9
坂井美紀,9
香月かのん,9
松岡りほ,9
朝比奈リカ,9
南麗美,9
石川めぐみ,9
藍澤ひとみ,9
松村かすみ,9
立花樹里亜,9
泉麻那,9
松岡香純,9
星咲ひな,9
瀬戸愛莉,9
北条サキ,9
森月茉由,9
涼宮遙香,9
中村日咲,9
MEGUMI,9
椎名まりな,9
菅野みいな,9
雪谷ちなみ,9
柏木のぞみ,9
田辺優愛,9
宮崎このみ,9
杏奈りか,9
成宮梓,9
成海つばさ,9
菅野真弓,9
小花藍莉,9
新垣美緒,9
鈴木みき,9
神田桃子,9
あすな小春,9
田中ユカリ,9
白咲まどか,9
HIBIKI,9
竹内乃愛,9
桃色ゆりあ,9
夏目优希,9
上原空,9
佐藤ひろ美,9
Marin.,9
若葉ひな,9
恋野恋,9
天衣みつ,9
大空あかね,9
萩原めぐ,9
吉永ゆりあ,9
上原留華,9
槙田ひなの,9
夏原あかり,9
椎奈さら,9
瞳リョウ,9
瀬戸ひまり,9
水樹心春,9
大塚りか,9
黒木れん,9
奥村かや,9
西里夕海,9
浅田ゆり,9
小嶋ゆうか,9
園田セイラ,9
坂上ゆあ,9
立川理恵,9
ARIA,9
姫野るな,9
吉川蓮,9
ふわり結愛,9
正木可奈,9
早野いちか,9
鈴木エリカ,9
成瀬めい,9
来未エリカ,9
山下美樹,9
相沢れいか,9
吉澤りょうこ,9
愛田ミナ,9
和城裕美,9
桐山あかり,9
立野みき,9
華音,9
橋本れいか,9
小坂麗子,9
皆川エレナ,9
浅川ののか,9
佐藤葵,9
牧野えり,9
星名愛美,9
君島まりや,9
河口ふみな,9
橘波留,9
椎名いくみ,9
七瀬萌,9
由良翠,9
黒川サリナ,9
満島エリー,9
音ノ木さくら,9
芹那ゆい,9
植田奈菜,9
向井夏海,9
夢咲かのん,9
鮎川つぼみ,9
浜中ゆうな,9
竹内瑞穂,9
ひばり結羽,9
岩崎みさ,9
伊東エリ,9
春咲りょう,9
夏海あや,9
若瀬まどか,9
白河ゆりか,9
萩尾千明,9
YANAMO,9
和泉小春,9
エンジェル・ピアフ,9
奈々瀬みく,9
水城唯,9
長澤えりな,9
松井レナ,9
今井パオラ,9
笠原あおい,9
西条ひまり,9
広瀬奈津美,9
瀬戸真白,9
宮村ななこ,9
八木友理奈,9
麻宮萌,9
西内萌菜,9
平真凛,9
江口美里,9
結まきな,9
早坂リア,9
江川遥,9
前田沙羅,9
横山凛,9
姫野未来,9
琴音りあ,9
日野みこと,9
宮村恋,9
姫野あやめ,9
佐伯ほのか,9
住吉綾香,9
椎谷愛結,9
黒木ちさと,9
白石奈々子,9
渋谷ひとみ,9
めぐみ,9
阿澄ちほ,9
尾花もも,9
百合野もも,9
安達優香,9
和希梨花,9
永井歩美,9
大滝華蓮,9
折原穗花,9
倉科もえ,9
田中瞳,9
萩原理央,9
愛花沙也,9
椎名ひかる,9
七瀬いずみ,9
千葉かれん,9
坂内里奈,9
希志優希,9
村上まお,9
木村美羽,9
遙めぐみ,9
一ノ瀬るか,9
彩夏,9
秋元まゆ花,9
菜々瀬ゆい,9
みなみ愛梨,9
京野ななか,9
滝川ソフィア,9
浅之美波,9
小野さち子,9
森永ぴの,9
結希真琴,9
クロエ,9
木村成美,9
伊東繪里,9
椎名なお,9
如月ジュリ,9
山手栞,9
沢田メイ,9
咲田ありな,9
あさひ奈々,9
絢葉由貴,9
胡桃まこ,9
綾名レナ,9
金子リオ,9
雪美えみる,9
松下理彩,9
大矢美由紀,9
葉月七瀬,9
三苫うみ,9
東杏果,9
竹内麻耶,9
三浦みなみ,9
白咲はる,9
加賀美静香,9
羽島愛,9
藍川美夏,9
市川つばさ,9
10号,9
性欲処理マゾマスク,9
倉木ひな,9
桜木エリナ,9
矢野仁美,9
栗山こい,9
鈴代えな,9
遥とわ,9
秋川真理,9
西尾みずえ,9
中山佳子,9
藤沢芳恵,9
霧島ゆかり,9
岩崎千鶴,9
熊谷麻美,9
茜はな,9
安達亜美,9
佐々木結苺,9
藤本えりな,9
宇都宮しをん,9
高梨遥香,9
秋元まゆら,9
大森一花,9
悠月アイシャ,9
小谷野まゆ,9
吉川みくり,9
香澄レイ,9
石田さとみ,9
長塚友里,9
堀北祐希,9
滝沢彩音,9
日高結愛,9
星川光希,9
竹内瞳,9
仁科りえ,9
乳咲杏,9
美波ゆさ,9
岡本優紀,9
ゆき,9
中野ゆう,9
豊田ゆう,9
白石美子,9
上原栞咲,9
彩波有紀,9
西門和恵,9
山根美加,9
虻川ゆうり,9
青田祥子,9
森田加代,9
永山春子,9
佐伯ユアン,9
白咲かれん,9
村上りおな,9
矢口弘美,9
中村ひかる,9
叶志穂,9
名波ルナ,9
遠野杏南,9
月島アンナ,9
芦田かれん,9
日野さやか,9
富岡花梨,9
水野すみれ,9
友田さや,9
足立美菜,9
羽多野しずく,9
山本千紘,9
桐谷寛子,9
早川友香,9
森さなえ,9
柊恋,9
安達いずみ,9
柚木ここ,9
大沢はるか,9
篠原奈美,9
クリスティーン,9
咲良しほ,9
クリスティーン北島,9
布川遼子,9
山咲ゆいな,9
愛内ゆず,9
岡田あい,9
藤井未来,9
来栖あさみ,9
坂本ひかり,9
白鷺ゆい,9
石川しずか,9
日向みさき,9
冴木エリカ,9
宮本るみ,9
米倉のあ,9
悠希めい,9
水川アンナ,9
新堂有望,9
日向あみる,9
石原あい,9
高岡すみれ,9
五十嵐さゆ,9
真崎寧々,9
青山夏樹,9
夕陽ことか,9
小嶋えみり,9
白河カイリーさや,9
沢木りりか,9
桜井あ,9
御伽みこ,9
岸川しの,9
大森美穂,9
元川真希,9
米沢澄礼,9
荒木りな,9
一ノ瀬なつき,9
小野優葉,9
望月ひなこ,9
中村志保,9
双葉かえで,9
綿木芽衣,9
菅野紗世,9
北川沙織,9
白金せりか,9
深江千夏,9
早川れい,9
相場洋子,9
北原美香,9
井口恵美,9
浅井奈央,9
小林莉緒,9
草間美咲,9
近藤瀬奈,9
森野雫,9
瀬名きらり,9
椎名茉友,9
長瀬百合,9
中谷有希,9
水原麗子,9
池上まひろ,9
篠岬ことみ,9
栗衣みい,9
相沢遥,9
星咲せいら,9
湯川愛菜,9
水木遥香,9
西野セイナ,9
武智沙世,9
井川鈴乃,9
雲乃亜美,9
堀越なぎさ,9
黒柳美沙子,9
上原志織,9
堺希美,9
元山はるか,9
有森涼,9
牧野遥,9
雪菜,9
水樹くるみ,9
児玉るみ,9
白山葉子,9
水鳥文乃,9
広瀬みお,9
豊崎かなえ,9
上原茉咲,9
岸上あいか,9
倉端佐江子,9
紗凪美羽,9
横山美雪,9
新崎雛子,9
児島奈央,9
三上絵理香,9
坂下えみり,9
佐田杏南,9
佐野あい,9
結月ましろ,9
三咲ちひろ,9
SARA,9
鶴田舞,9
本多ちひろ,9
杉浦杏奈,9
櫻井彩,9
西山あさひ,9
大咲萌,9
朝日かえで,9
朔葉あすか,9
神田るな,9
南條れいな,9
観月ひかる,9
加藤みゆ紀,9
浅野恋,9
榊里緒,9
松岡すず,9
石森まお,9
和登こころ,9
春原未來,9
伊藤のどか,9
羽奈美すず,9
レイコ,9
隈井しおり,9
里峰恵麻,9
飯島あすか,9
菊川麻里,9
生島涼,9
立花里奈,9
松井めぐみ,9
成海あすか,9
いろはまりん,9
野々宮あん,9
桜城あんな,9
瀬戸すみれ,9
川上優,9
新木さや,9
羽田真里,9
沢舞桜,9
音海さや,9
本条彩乃,9
芹沢紀香,9
菊池よしの,9
こはる,9
有尾さくら,9
初音杏果,9
橘咲良,9
早乙女夏菜,9
島谷梓,9
夏野めぐみ,9
Rina,9
秋吉花音,9
酒井みずき,9
菜月アンナ,9
矢野ありさ,9
華城まや,9
島咲友美,9
横山紗江子,9
戸田ゆりあ,9
南河あかね,9
鵜久森ほの,9
門倉めぐみ,9
中村さら,9
小池愛菜,9
浅倉のどか,9
宮藤まい,9
倉田麻紀,9
月嶋あかり,9
佐々木ひな,9
北川りこ,9
白石優杞菜,9
香純ゆい,9
諸星エミリー,9
桃瀬れもん,9
神木澪,9
奥田カリナ,9
城戸のあ,9
小湊さくら,9
柊衣織,9
都丸ふみ奈,9
朝川ここみ,9
柳川みどり,9
広田さくら,9
素瞤,9
希咲良,9
渋谷ありす,9
成田あゆみ,9
桜井日菜乃,9
真山由夏,9
安達メイ,9
優希エリナ,9
真崎美里,9
守屋かな,9
上原みく,9
河合千里,9
隅田涼子,9
眞ゆみ恵麻,9
徳島美沙,9
黛日出子,9
高西夏葉,9
KAREN,9
中尾澪,9
瀧本梨絵,9
葉月ゆか,9
日向るな,9
葉加瀬ベティ,9
彩音心愛,9
橘なお,9
水川ひなこ,9
玉木なるみ,9
島崎綾,9
桃瀬雛乃,9
大高頼子,9
秋本翼,9
花井優子,9
有坂つばさ,9
須永ひより,9
眞実かなえ,9
本庄小百合,9
坂井亜美,9
柑南るか,9
一ノ瀬夏摘,9
浅井美穂,9
佐藤カレン,9
満嶋陽子,9
真名瀬りか,9
なるせみらい,9
浅倉まおみ,9
神谷みなみ,9
羽田美夢,9
栗原ゆい,9
霧生ゆきな,9
江口浩美,9
筒井まほ,9
椎名優香,9
山元あや,9
金島裕子,9
望月ひな,9
椎名千景,9
西口あられ,9
桜井まほ,9
高谷さつき,9
香澄莉緒,9
二宮莉央,9
倉本雪音,9
竹内奈美,9
高井華音,9
相沢玲奈,9
市原みう,9
星崎琴音,9
岸田歩美,9
青山みき,9
野口まりや,9
優月まりな,9
新垣智江,9
佐川はるみ,9
若菜まゆ,9
高木千里,9
三上千夏,9
長谷川澪,9
桐島ひとみ,9
平清香,9
田中みゆき,9
一之瀬みき,9
夏樹カオル,9
羽月都花沙,9
広瀬ひろ,9
愛野ももな,9
水トさくら,9
北川レイラ,9
成宮かんな,9
伊東紅蘭,9
来栖まゆ,9
新田真美,9
岡野美由紀,9
白石りん,9
西園さくや,9
千葉みゆ,9
森村さき,9
富樫由紀子,9
中園貴代美,9
美玲,9
久保田慶子,9
まなみ,9
飯田久実子,9
桜井茉莉,9
加藤かすみ,9
三枝あおい,9
藤森さやか,9
松浦理央,9
明音ひかる,9
愛音まりあ,9
湯本珠未,9
桜空もも,9
新村あかり,9
由來ちとせ,9
楓,9
芦屋静香,9
今井花菜,9
上原まさき,9
つるのゆう,9
辻ユキ,9
リオナ,9
水野優奈,9
山中麗子,9
かな,9
滝川ちさ,9
最上晶,9
笹宮えれな,9
長谷川奈々,9
美空杏,9
大倉みゆ,9
中井まゆみ,9
柊木なな,9
森川アンナ,9
並樹ひかり,9
小鳥遊まゆ,9
森真季,9
益田千佳子,9
菅原恵麻,9
橋野愛琉,9
小笠原祐子,9
恵菜穂,9
椎名明日美,9
鈴森柚季,9
高城彩,9
羽生あり,9
苑田あゆり,9
愛瀬美希,9
阿川蘭,9
霧島かほ,9
南美りこ,9
北川瞳,9
成瀬心美,9
平野里実,9
石川明日美,9
森高かすみ,9
RISA,9
桜咲姫莉,9
常盤こころ,9
深田久美,9
羽生ありさ,9
めぐり（藤浦めぐ）,9
川上ゆう（森野雫）,9
西条麻美,9
廣田翠里,9
乙川結衣,9
柚木彩花,9
九条紗季,9
花園ふたば,9
小鳥遊まりん,9
凛花アナスタシア,9
逢沢まりあ,9
白石すみれ,9
あけみみう,9
あまね弥生,9
水嶋アリス,9
宮下結莉,9
白石雪愛,9
中原ひとみ,9
月野ゆりあ,9
柚月すず,9
白咲ゆず,9
舞園かりん,9
井上みづき,9
ひなたりこ,9
新海みおな,9
武田理紗,9
春野サキ,9
若槻美香,9
吉岡寧々,9
宮沢ちはる,9
滝本アリサ,9
美堂かなえ,9
中森いつき,9
小柳亜希,9
藍川京子,9
七海ゆあ,9
長澤ルナ,9
櫻井菜々子,9
天野美優,9
真田美樹,9
森下美緒,9
松田美子,9
二葉あかり,9
江藤ゆい,9
大石香織,9
大西まい,9
前沢小百合,9
星野いくみ,9
中野翔子,9
菅野みらい,9
歩,9
大沢まなみ,9
七瀬リナ,9
服部圭子,9
大原すず,9
桜ひめな,9
日向ひなた,9
澄川鮎,9
木元真希,9
柊さき,9
水原あみ,9
めぐ,9
篠崎もも,9
水咲菜々美,9
橘ゆうな,9
有田しずく,9
しいなゆき,9
美月恋,9
河野アキ,9
日向曜,9
朝比奈みなみ,9
宮前ことね,9
羽多野しずく,9
斎藤はるな,9
水奈まい,9
白瀬ここね,9
みき,9
山村ともみ,9
中西まみ,9
なつき,9
遠野唯,9
安室サリー,9
桜井りか,9
凰かなめ,9
富田あおい,9
椎名恋,9
北野らみ,9
松雪かなえ,9
小瑠璃,9
古川澄江,9
神宮寺ナナ,9
若槻さぁや,9
宮迫蘭,9
唯川希,9
水咲あかね,9
九条さやか,9
一色桃子,9
雲母みくる,9
雫,9
水澤佳奈美,9
飛鳥,9
柚月ひまわり,9
山口明日香,9
大島ひな,9
清塚れん,9
萌乃ゆう,9
仲間あずみ,9
白咲奈々子,9
荒木まい,9
桃井りの,9
神崎莉乃,9
小沢かれん,9
安室絵里,9
川原あすか,9
秋場莉緒,9
ゆうき美羽,9
水樹さくら,9
佐伯ひなた,9
大井結仁,9
紺野香織,9
窪塚みいな,9
戸田くれあ,9
初音ろりあ,9
一ノ瀬もも,9
七瀬恵梨香,9
橘ゆうな なつめ 正木可奈,9
橘美鈴,9
桃里美奈子,9
七海,9
美咲愛,9
椿織さとみ,9
YUNI,9
小椋あずき,9
渚ひかり,9
きみかわ結衣,9
君色花音,9
みか,9
このは,9
枢木あおい,9
いちか,9
笹川蓉子,9
小枝成実,9
杉浦花音,9
楠木真奈美,9
窪田さおり,9
常盤ゆり子,9
前田由美,9
友田真希,9
黒川ひかる,9
楠木沙羅,9
上園ゆりか,9
愛葉りり,9
明里つむぎ,9
西宮ゆめ,9
広瀬みづき,9
熊倉しょうこ,9
沢村みれい,9
井上真帆,9
すみれ美香,9
鷹宮ゆい,9
あかね葵,9
本城要,9
姫嶋杏奈,9
早乙女りん,9
関根奈美,9
成海夏季,9
明海こう,9
佐々波綾,9
志田ゆき,9
本間ゆかり,9
まさき,9
城星凜,9
愛里るい,9
小泉沙彩,9
森高ふみか,9
美咲真由,9
朝霧ゆう,9
鈴木えり,9
桜木かおり,9
八木あずさ,9
椎名綾,9
瀬野ゆかり,9
近藤郁美,9
東城佳苗,9
葵みさき,9
桃瀬ひかる,9
高島みれい,9
咲田凛,9
柏木舞子,9
竹内梨恵,9
金子まどか,9
山川ゆな,9
新川千尋,9
篠宮玲奈,9
池内涼子,9
門脇みき,9
黒崎ひなの,9
明里ともか,9
石原恵麻,9
庵叶和子,9
西崎さやか,9
井上まこと,9
岩沢美穂,9
前田可奈子,9
乃南静香,9
今井メロ,9
白石麗奈,9
朝比奈菜々子,9
小林あさみ,9
野口京子,9
多田淳子,9
高畑ゆり,9
加瀬かなこ,9
香澄麗子,9
結月恭子,9
後藤里香,9
森崎りか,9
深田ナナ,9
長谷川ゆう,9
雛菊つばさ,9
森まゆ,9
成澤ひなみ,9
佐倉あゆ,9
南澤ゆりえ,9
滝川なるみ,9
夏樹まりな,9
本多成実,9
安達かすみ,9
神谷瑠里,9
河合くるみ,9
逢瀬ゆみ,9
初野こころ,9
倉内まりや,9
桐谷まほ,9
一松愛梨,9
峯岸まおみ,9
夢川エマ,9
四ツ葉うらら,9
百瀬ひまり,9
松岡玲奈,9
河南実里,9
有村みかこ,9
石原ニコル,9
瀬野みやび,9
柳みゆう,9
つくし,9
渡辺千紗,9
北見かなみ,9
ANRI,9
梅田みのり,9
蒼井なみ,9
星咲伶美,9
加藤ももか,9
松本菜奈実,9
二階堂あい,9
香澄のあ,9
小倉奈々,9
有花もえ,9
樟弥音,9
佐藤リナ,9
姫川亜由美,9
はるのるみ,9
清本玲奈,9
玉木くるみ,9
愛咲れいら,9
優木涼香,9
今永亜美,9
星あんず,9
岡沢リナ,9
三井さき,9
天海こころ,9
菊川みつ葉,9
藤野もも花,9
桐谷まつり,9
小谷みのり,9
水橋ゆり,9
吉岡奈々子,9
篠崎みお,9
夏希結愛,9
樹カンナ,9
もちづきる美,9
村崎ちづる,9
香山亜衣,9
成海さやか,9
咲坂花恋,9
西尾れむ,9
あいりみく,9
はる,9
八木美智香,9
ひなみれん,9
松本ななえ,9
かさいあみ,9
藤川れいな,9
川島くるみ,9
一之瀬すず,9
西宮このみ,9
花岡加菜,9
陽向さえか,9
緒方ルナ,9
MIRANO,9
倉持りん,9
中山香苗,9
宮藤尚美,9
みのりしょこ,9
高坂麗子,9
Ai,9
蒼井そら,9
心花ゆら,9
雛形くるみ,9
花崎りこ,9
篠宮千明,9
乙葉このみ,9
城月あやね,9
今亜理沙,9
夏川あかり,9
速水ライリ,9
榎本美咲,9
安藤つばさ,9
真鍋はるか,9
水崎ゆきこ,9
加藤紗理奈,9
神木風舞,9
小田エリナ,9
黒木澪,9
野々宮みさと,9
仲村えれな,9
佐山杏里,9
永瀬りえ,9
星乃ゆづき,9
鳴海めい,9
はろぅみきてぃ,9
松本しのぶ,9
園原いずみ,9
白砂ゆの,9
竹井ゆかり,9
間宮志乃,9
愛璃みい,9
町村小夜子,9
愛菜りな,9
彩花ゆめ,9
水野美香,9
宮咲志帆,9
古川祥子,9
藤澤美織,9
夏乃ひまわり,9
矢澤美々,9
咲良つむぎ,9
瞳ひかる,9
九重かんな,9
今宮慶子,9
泉ののか,9
高井ルナ,9
みなみ蘭,9
諸星まりる,9
武井恵梨香,9
若葉加奈,9
小花まなみ,9
小向美奈子,9
麻生千春,9
清城ゆき,9
月本衣織,9
栄川乃亜,9
天海しおり,9
桃園みらい,9
梨杏なつ,9
藍里ゆな,9
伊賀けいこ,9
梅原すみれ,9
北浦みづほ,9
清川慶子,9
清水エリ,9
五十嵐慶子,9
宮村ゆうこ,9
松坂晴美,9
加藤貴子,9
高瀬ひとみ,9
白石れいこ,9
奈良絵美子,9
松嶋友里恵,9
椎名いずみ,9
黒崎ゆりな,9
真咲アイラ,9
小泉真希,9
柚木和奏,9
水野ふうか,9
真山美幸,9
三咲悠,9
水樹まや,9
華原美奈子,9
筒井まりか,9
天野小雪,9
明音ちあ,9
加藤朱里,9
恵美,9
舞咲みくに,9
藍奈みずき,9
こはる柑夏,9
神山しずく,9
中西まや,9
綾芽しゅり,9
きみお美央,9
上野莉奈,9
三浦レミ,9
真仲佐知,9
小池絵美子,9
浜崎なお,9
高城アミナ,9
美田さえ,9
水谷玲奈,9
相沢みなみ,9
よしい美希,9
宇垣ちさと,9
坂本すみれ,9
毬るい子,9
新城あゆみ,9
大河内真美,9
麻生まり子,9
野宮凛子,9
八束みこと,9
宮本紗央里,9
柚木はるか,9
相島奈央,9
絵色千佳,9
Alice,9
管野しずか,9
桂木ゆに,9
菊地はな,9
小倉みおん,9
優里,9
上田京子,9
八ッ橋さい子,9
高橋りえ,9
美神さゆり,9
新尾きり子,9
もりの小鳥,9
逢坂優,9
佐々木ゆう,9
加藤ほのか,9
小出亜衣子,9
小沢留美,9
みのり,9
水城えま,9
笹山千尋,9
目々澤めぐ,9
香田麗奈,9
若林美保,9
川瀬さやか,9
流川純,9
烏丸まどか,9
せいの彩葉,9
初音ありさ,9
若村さつき,9
山本いずみ,9
藤崎エリ子,9
青山みおん,9
天川夏凪,9
いろはめる,9
三浦えりか,9
芹沢ゆず,9
園田詩織,9
日向リサ,9
紫艶,9
一ノ瀬愛子,9
北原ちあき,9
鈴平ナオ,9
紺野渚,9
遠藤百音,9
鈴木あいり,9
堀北とも,9
桐谷あや,9
沙原さゆ,9
彩奈,9
七瀬ひなた,9
城田るり,9
伊藤まい,9
島田響子,9
新堂綾乃,9
桐島秋子,9
松下美香,9
百合華,9
古谷美穂,9
水上由紀恵,9
畑野聖奈,9
月島えみり,9
西野あこ,9
美智子小夜曲,9
仲西なつき,9
松野朱里,9
上原ひなの,9
ななみるき,9
沢城つぐみ,9
加藤あずみ,9
南佳代,9
九条あすか,9
君島アンナ,9
真城リナ,9
黒木いくみ,9
愛内ひかり,9
比留間千沙,9
あいかわ優衣,9
小桜りく,9
翼,9
柚葉みいさ,9
牧瀬りみ,9
八咲唯,9
八神さおり,9
笑果りょう,9
水島にな,9
小池奈央,9
平川莉沙,9
藤本ゆうり,9
玲央奈,9
夢野りんか,9
西野なこ,9
倉馬ちよ,9
さくら杏,9
森野ひまり,9
今井まい,9
琴音ありさ,9
加藤えま,9
荒木レナ,9
花岡よし乃,9
光井ひかり,9
加藤あやの,9
石神さとみ,9
新美もも,9
さくらえな,9
橘まゆき,9
飛鳥りん,9
浅井舞香,9
真白ゆず,9
西原亜実,9
朝比奈もあ,9
神山なな,9
結城あい菜,9
榊梨々亜,9
平塚麻衣,9
かなで自由,9
宮沢ゆかり,9
双葉陽菜,9
榎本南那,9
森野杏,9
椎名結希,9
橘花音,9
青山沙也加,9
笹川りほ,9
立花瑠莉,9
川崎亜里沙,9
鈴木もも,9
小嶋ジュンナ,9
前田陽菜,9
内山みく,9
色川なつ,9
経堂里穂,9
ありす実来,9
寧々,9
二階堂ゆり,9
あゆみ千紗,9
桃瀬ゆり,9
市原由芽,9
兎澤なな,9
品川優,9
八橋小枝子,9
今藤霧子,9
藤井凛,9
松岡みれい,9
萩野舞,9
百合咲うるみ,9
内川桂帆,9
沙藤まゆ,9
日比乃さとみ,9
今井すみか,9
池井戸エミリ,9
比嘉蓮,9
麻井海未,9
羽川るな,9
西島みづき,9
桜乃ゆいな,9
佐倉ねね,9
望月れな,9
川奈亜希,9
千早希,9
汝鳥すみか,9
白鳥寿美礼,9
木崎レナ,9
千鳥ミリヤ,9
楠木つかさ,9
夢咲りお,9
吉田優希,9
島本みゆき,9
真白初音,9
瑠奈,9
麻宮りな,9
戸田真琴,9
大空美緒,9
小波風,9
渡辺結衣,9
栄倉彩,9
相川潤,9
柏木ゆり菜,9
神原あいる,9
姫咲るい,9
雨音わかな,9
深沢きい,9
蒼井さくら,9
藤咲まい,9
桜井綾音,9
綾辻ほとり,9
三浦わかな,9
ゆうき麻里,9
有村愛莉,9
胡桃ここあ,9
朝比奈京子,9
ゆり菜すず,9
桃谷エリカ,9
今野美奈,9
一色まりな,9
有沢りさ,9
高本優香,9
彩奈リナ,9
初芽里奈,9
千夏まりな,9
霧嶋りお,9
河北はるな,9
真田美穂,9
月本愛,9
杏音ルナ,9
結川ゆう,9
吉田美鈴,9
佐々木いつき,9
坂本玲香,9
前田さおり,9
加納花,9
渡辺由梨香,9
西園寺ミヅキ,9
小池里菜,9
寺崎泉,9
杏音リカ,9
村瀬夢佳,9
知世奏,9
桜木莉愛,9
稲川なつめ,9
さくらみゆき,9
桜華ユリア,9
藤井くるみ,9
小嶋みわ,9
安藤ありさ,9
Rio,9
nao.,9
最上架純,9
町村美咲,9
高木早希,9
春日部このは,9
黒木彩花,9
三島奈津子,9
並木塔子,9
涼乃はる,9
御舟みこと,9
小鳥遊つばさ,9
酒井ももか,9
Ray,9
青山はな,9
松下美織,9
蓮見かな,9
七咲あゆみ,9
美咲杏,9
佐野あおい,9
栗原葵,9
一条ゆきな,9
本多恵,9
白川麻衣,9
立原みずき,9
夏目レイコ,9
山口沙英,9
南瀬奈,9
双葉みお,9
高橋まほ,9
青山美緒,9
香純あいか,9
月島ゆめ,9
今永さな,9
黒崎潤,9
NOA,9
蒼井朱里,9
板野有紀,9
坂下まなみ,9
白石ななせ,9
阿川りほ,9
岩倉しずく,9
日向あいり,9
藤井あいり,9
春日もな,9
鈴村いろは,9
永作ゆう美,9
吉永あかね,9
入江愛美,9
波木真由,9
羽咲みはる,9
星空キラリ,9
咲舞,9
麻里梨夏,9
このみあん,9
佐東愛美,9
北山早妃,9
西内るな,9
なおい夕羅,9
鈴森るな,9
柚月しろ,9
雨宮ののか,9
楠千夏,9
真崎香奈,9
大沢ひなの,9
瀬川るか,9
永原まい,9
堀江真希,9
今井セナ,9
宮沢すず,9
春宮すず,9
茜すず,9
白河里奈,9
西川ちひろ,9
木実杏,9
春菜絵美,9
青山れん,9
今宮なな,9
秋月ひな,9
水原あお,9
ボィーン・フジオカ,9
水元佳乃,9
希美かんな,9
芦屋玲美,9
妃月るい,9
中村まゆり,9
ひばり乃愛,9
白衣ゆき,9
みくるみく,9
香乃まどか,9
藤波さえ,9
綾瀬ゆい,9
佐藤カリン,9
桜ノ宮てんま,9
美森すずか,9
戸部聡子,9
鈴屋いちご,9
中沢ケイト,9
安西まみ,9
城田アンナ,9
彩音舞衣,9
ルロア・クララ,9
国見みすず,9
さい子ちゃん,9
南まゆ,9
藤咲エレン,9
笹本結愛,9
間宮つくし,9
みなみもえ,9
奏瀬なつる,9
姫川ゆうな,9
白石美緒,9
奈菜原心美,9
乙葉奈菜,9
彩名愛実,9
三崎かんな,9
しほのちさ,9
秋葉あかね,9
真鍋ゆうき,9
酒井あさひ,9
中村唯,9
橘メアリー,9
前田かおり,9
北澤舞,9
橋本さやか,9
高橋しょう子,9
岡田真由香,9
瀬名あゆむ,9
沢尻涼子,9
聖あいら,9
尾崎ちえ,9
埴生みこ,9
平沢なつ,9
浅倉領花,9
片瀬唯,9
相澤ゆりな,9
ミーナ,9
椎名理紗,9
桐原エリカ,9
Hitomi,9
周防ゆきこ,9
水澤りこ,9
盛岡れみ,9
神楽アイネ,9
葉山瞳,9
潮崎ミア,9
ももか,9
倉持ゆな,9
成瀬怜菜,9
ましろあい,9
里中ともみ,9
徳島えり,9
神納花,9
小松千春,9
あかり美来,9
梢あをな,9
深美せりな,9
小谷瑠那,9
ももき希,9
渡辺そら,9
手嶋ゆな,9
桜ちずる,9
平井ゆきな,9
芹沢つむぎ,9
加藤めぐみ,9
吉村美咲,9
黛ちよ,9
緒沢くるみ,9
香月悠梨,9
二宮沙樹,9
橘莉央,9
今井ゆあ,9
紗々原ゆり,9
島谷愛,9
原望美,9
高月和花,9
宮瀬リコ,9
舞島あかり,9
葉月渚,9
堀北さくら,9
あず希,9
水野らん,9
藍田さとみ,9
小口田桂子,9
若菜すず,9
上原美佐,9
池野朋,9
しずく,9
神谷しほり,9
まひろ芽唯,9
七瀬まお,9
優姫ひかり,9
矢吹リカ,9
早坂メロ,9
北井杏樹,9
北川舞,9
朝井涼香,9
栞菜まなみ,9
美木ななみ,9
椎名りりこ,9
秋山夏凜,9
春乃莉梨,9
河音くるみ,9
保志美あすか,9
成瀬みゆ,9
木下寧々,9
とみの伊織,9
相本みき,9
浅美結花,9
新月さなえ,9
稲村ひかり,9
松うらら,9
菊池えり,9
たかせ由奈,9
柳あきら,9
森内香奈美,9
柳美和子,9
楓姫輝,9
柏木もえ,9
手塚みや,9
花宮あみ,9
紫彩乃,9
立花さや,9
南星愛,9
宮本七音,9
秋野早苗,9
市川みのり,9
こころ,9
黒沢歩,9
水稀みり,9
宮沢まき,9
望月さくら,9
藤沢亜美,9
瀬戸友里亜,9
吉村杏菜,9
黒田麻世,9
滝川玲美,9
楓乃々花,9
麻丘みゆう,9
雪白かん菜,9
白石真琴,9
美月レイア,9
本庄優花,9
唯川みさき,9
藍乃ゆずき,9
柴崎ひかる,9
三井悠乃,9
大澤ゆかり,9
一ノ瀬アメリ,9
安西詩織,9
椿かなめ,9
水希舞,9
知花メイサ,9
愛乃ゆな,9
青山葵,9
松下紗栄子,9
逢沢ことね,9
白間れおな,9
井上リオナ,9
松田美羽,9
星川ういか,9
星川麻美,9
ひなた朱莉,9
白石つばさ,9
七瀬美香,9
眞木あずさ,9
内田美奈子,9
丸山れおな,9
水沢真樹,9
あすかみみ,9
坂下里美,9
初見果梨奈,9
有沢実紗,9
川村典子,9
中島あいり,9
新見さくら,9
詩乃,9
華月さくら,9
岡田智恵子,9
清野ふみ江,9
山下ゆき子,9
秋山静香,9
寺島志保,9
佐藤真央,9
鮎原いつき,9
美咲あや,9
夏野ひまり,9
来栖みさ,9
白井まい,9
花園みゆか,9
舞野いつき,9
源みいな,9
川美優香,9
七菜原ココ,9
葉月みや,9
塚田詩織,9
石原ゆうか,9
今宮いずみ,9
桐島なみ,9
真木ゆかり,9
涼南佳奈,9
櫻井ともか,9
真白愛梨,9
美雪さくら,9
西田カリナ,9
ゆいかまな,9
成田麗,9
緒奈もえ,9
伊藤果夏,9
菅野ミリア,9
水樹りさ,9
南ほのか,9
及川はるな,9
藤崎もえ,9
雨宮琴音,9
宮下つばさ,9
辻本杏,9
篠原もえ,9
峰なゆか,9
安部ちなつ,9
黒沢英里奈,9
北島優,9
紅音ほたる,9
南波杏,9
紋舞らん,9
中村推菜,9
涼風ことの,9
相葉レイカ,9
哀川りん,9
澄川ロア,9
凉宮すず,9
橘みおり,9
柏田あい,9
波木はるか,9
真琴りょう,9
秋月心音,9
三浦りな,9
桐生れいこ,9
本真ゆり,9
橋本ありな,9
岡本希,9
天野弥生,9
神谷円果,9
愛音くぅ,9
美咲ゆう,9
夏目あきら,9
香西咲,9
前園希美,9
七瀬ひとみ,9
杏堂怜,9
百田まゆか,9
星崎みゆう,9
黒羽みり,9
推川ゆうり,9
板野ユイカ,9
青空小夏,9
みなみ伊織,9
愛川未来,9
杏沙耶,9
篠原まこ,9
大川文香,9
市橋由衣,9
藤本梨花,9
小西架純,9
大橋ひとみ,9
片桐沙夜子,9
三上由梨絵,9
高橋美緒,9
神崎久美,9
日乃本亜美,9
星南まゆ,9
美月笑麻,9
斉藤みゆ,9
小池みのり,9
琴沖華凛,9
森星いまり,9
千野くるみ,9
工藤樹里,9
笹倉杏,9
北川ゆず,9
愛華みれい,9
西垣るか,9
内山まい,9
竹内紗里奈,9
瀬田奏恵,9
咲羽優衣香,9
松坂美紀,9
今井真由美,9
篠宮ゆり,9
立花彩,9
高嶋亜美,9
小宮山ゆき,9
巨乳丸杏,9
今井初音,9
井上あやめ,9
酒井紗也,9
湖城りせ,9
新実まりあ,9
愛川ななみ,9
北村玲奈,9
南ありさ,9
中里慶子,9
大塚れん,9
星咲優菜,9
妃乃ひかり,9
吹石れな,9
鈴木理沙,9
北山かんな,9
桐原莉那,9
星井笑,9
向井藍,9
岩崎リサ,9
葉山めい,9
若菜かなえ,9
江奈るり,9
香奈美,9
みゆき,9
恋野はがね,9
桃乃木かな,9
栗原ゆうこ,9
高千穂すず,9
愛野深雪,9
真木美咲,9
清塚那奈,9
新井梓,9
ミナミ,9
荒川由紀,9
乃咲かのん,9
桐生ゆい,9
水島さやか,9
美月あおい,9
アメリア・イア・ハート,9
南希海,9
浜本まり,9
大石忍,9
和久井ナナ,9
麻生遥,9
櫻木梨乃,9
星咲茜,9
二本木百合,9
小宮るな,9
瑞穂,9
天音ありす,9
成宮みこと,9
霧島さくら,9
月美弥生,9
佐伯春菜,9
三浦まい,9
宮間葵,9
北川杏樹,9
丘咲エミリ,9
小野寺梨紗,9
花咲いあん,9
美咲エリカ,9
望月かのん,9
芦名ユリア,9
瞳ゆら,9
芹沢恋,9
翼りおん,9
染谷あゆみ,9
長谷川美裸,9
那月めい,9
咲乃柑菜,9
谷田部和沙,9
木下麻季,9
千葉ねね,9
宇野杏奈,9
春日由衣,9
秋野千尋,9
鈴木りりか,9
藤沢けい,9
松浦ゆきな,9
小西レナ,9
琥珀うた,9
菊池えりか,9
望月・エレーヌ・アンジェリカ,9
黒瀬ララ,9
リンドル星川,9
川瀬麻衣,9
天野ふうか,9
上村みき,9
松すみれ,9
真下礼子,9
早乙女らぶ,9
若菜あゆみ,9
立花みか,9
工藤りさ,9
天羽栞,9
清野いろは,9
福元美砂恵,9
藤下梨花,9
桐岡さつき,9
松下ひかり,9
宇佐美なな,9
矢部寿恵,9
伊織涼子,9
早瀬和香,9
稲森琴,9
木村真子,9
藤原ひとみ,9
桜りお,9
SHIN,9
竹田いずみ,9
観月奏,9
古谷まい美,9
双葉ゆきな,9
越川アメリ,9
栗林里莉,9
桐嶋りの,9
穂波ひなこ,9
宮益ことは,9
長瀬麻美,9
あまねめぐり,9
涼宮琴音,9
新川優衣,9
能美ちなつ,9
佐々木エリー,9
尾崎ののか,9
円城ひとみ,9
あすか光希,9
藤宮櫻花,9
伊東紅,9
青山茉利奈,9
沢木えりか,9
杉本美奈代,9
五十嵐しのぶ,9
高倉梨奈,9
花咲あん,9
たまき梨奈,9
瀬奈まお,9
吉田花,9
七瀬みお,9
三上悠亜,9
西村ニーナ,9
繭村めい,9
沖田奈々,9
立花まおみ,9
和泉紫乃,9
武藤つぐみ,9
ayami,9
倉木志乃,9
里美まゆ,9
あいの美羽,9
佐々木あき,9
浅田結梨,9
綾瀬みなみ,9
長谷川夏樹,9
長沢真美,9
皆野あい,9
秋山彩,9
有賀ゆあ,9
あゆな虹恋,9
森苺莉,9
七緒ゆづき,9
菅野さゆき,9
根本恵理沙,9
山田彩夏,9
坂井里美,9
佐々木美南,9
碧木凛,9
新道ありさ,9
琴羽雫,9
片山雫,9
道重咲,9
唯川千尋,9
吉澤友貴,9
葉山奈々実,9
森下真美,9
白河静,9
桃園怜奈,9
星咲光耶,9
市川彩香,9
中里美穂,9
美月るな,9
綾野りさ,9
吹石みゆ,9
彩奈つばさ,9
艶堂しほり,9
あおいれな,9
星野はるあ,9
西野翔,9
水原梨花,9
明日花キララ,9
池端真美,9
土屋あさみ,9
小峰みこ,9
浅宮ゆうか,9
成宮はるあ,9
瀬奈みかげ,9
水城りの,9
藤にいな,9
跡美しゅり,9
美咲かんな,9
峰エリ,9
青木美空,9
郡司結子,9
相澤ひなた,9
奥野まひる,9
神田朋実,9
Erina,9
滝沢優奈,9
新山沙弥,9
紅月ひかり,9
三宅美香,9
咲村みなみ,9
杉原えり,9
涼海みさ,9
高見ひなた,9
七瀬ともか,9
葵千恵,9
中島京子,9
月野美羽,9
桜庭うれあ,9
蛯名りな,9
白桃心奈,9
井浦沙織,9
西野希,9
藤森沙織,9
小野ほのか,9
小高里保,9
上本莉央,9
橋本怜奈,9
宇佐木りん,9
ミムラ佳奈,9
NAOMI,9
鈴木真夕,9
美咲涼,9
桐島綾子,9
冬木舞,9
河北紗依,9
しほの千里,9
真波月美恋,9
宮下華奈,9
寿まゆ,9
ほのか夢,9
星まりあ,9
城崎桐子,9
本多由奈,9
西野ななみ,9
跡見しゅり,9
戸田ゆきの,9
逢月はるな,9
あやみ旬果,9
南真菜果,9
若菜奈央,9
香椎りあ,9
上杉玲奈,9
冴君麻衣子,9
美涼りな,9
小泉まり,9
涼宮のん,9
椿あいの,9
桜井彩,9
神木優愛,9
木南日菜,9
鳴沢ゆり,9
桐島美奈子,9
阿久津華,9
一ノ瀬朋花,9
雪平こよみ,9
朝倉花恋,9
里中結衣,9
水沢あいり,9
琴吹まりあ,9
佐々木絵美,9
百合川さら,9
都盛星空,9
川越ゆい,9
小野麻里亜,9
篠めぐみ,9
晴華れい,9
さくらここる,9
きみの奈津,9
鈴羽みう,9
大島ゆず奈,9
藤井なな,9
中村奈菜,9
愛沢かりん,9
北澤まや,9
白井ゆずか,9
麻生沙奈,9
川菜ひかる,9
河西希,9
大島美緒,9
秋山祥子,9
神咲詩織,9
あきら,9
川瀬まゆら,9
姫野心愛,9
今野杏美南,9
希島あいり,9
麻田みお,9
尾上若葉,9
月島杏奈,9
咲本はるか,9
羽田桃子,9
ももかりん,9
愛内梨花,9
愛純彩,9
すみれ,9
加藤なつみ,9
市川まほ,9
和泉潤,9
戸田エミリ,9
枢木みかん,9
灘ジュン,9
峰崎まえ,9
三原ほのか,9
夏希のあ,9
神谷秋妃,9
きみと歩実,9
西川りおん,9
真琴あず,9
金井みお,9
葉月美音,9
秋本楓,9
高山玲奈,9
小西みか,9
宮沢あめり,9
並木あゆ,9
朝比奈麻里,9
一条リオン,9
椎名ゆな,9
小川あさ美,9
桜ここみ,9
結城みさ,9
徳井知咲,9
椎名そら,9
アメリア,9
今井キキ,9
長澤エミリ,9
美里麻衣,9
野中あんり,9
長谷川エレナ,9
松本亜璃沙,9
寺澤しのぶ,9
野宮あかり,9
紫月いろは,9
冴島かおり,9
矢沢りょう,9
菊島夕子,9
西園寺れお,9
水澤まお,9
愛海一夏,9
岡山涼花,9
星乃せあら,9
上村みなみ,9
あいか莉乃,9
中森いちな,9
青柳ひなた,9
逢坂はるな,9
成宮いろは,9
みなみ菜々,9
早川伊織,9
北条ルルカ,9
井原希,9
牧村ひな,9
大野美鈴,9
広瀬うみ,9
結菜えま,9
初島かなで,9
みやび音羽,9
唯名あいみ,9
有村みいな,9
白石みお,9
夏川未来,9
橘芹那,9
河西あみ,9
福咲れん,9
葉里さやか,9
江上しほ,9
風音舞香,9
向井こころ,9
松岡セイラ,9
瀧川花音,9
藤北彩香,9
水嶋あずみ,9
みづなれい,9
深田梨菜,9
赤井美月,9
乃々果花,9
土屋慧,9
佐伯かのん,9
羽田璃子,9
皆道あゆむ,9
最上ゆり子,9
森はるら,9
市ヶ谷めい,9
咲良ひとみ,9
ほしの景子,9
小椋かをり,9
芦川芽依,9
高瀬杏,9
美月優芽,9
市川まさみ,9
有沢杏,9
平山こずえ,9
本庄瞳,9
松本まりな,9
舞園にこ,9
相原翼,9
柚月あい,9
湊莉久,9
萩原奈々,9
藤川千夏,9
悠木ユリカ,9
音市美音,9
宇佐美まい,9
西川ゆい,9
水谷ちひろ,9
さちのうた,9
川口はるか,9
栗山あやか,9
西澤まりあ,9
月島ななこ,9
西岡奈央,9
今井かな,9
安西りの,9
山咲まい,9
音羽レオン,9
鈴木心春,9
宮野麻美,9
幸田ユマ,9
穂高結花,9
花澤アン,9
望月ゆな,9
白石悠,9
鶴見沙耶,9
安藤冴子,9
愛代さやか,9
橘美穂,9
白川里奈,9
黒木彩,9
相模麻央,9
桜ちなみ,9
高嶋ゆいか,9
小崎里美,9
古川いおり,9
香澄はるか,9
天衣萌香,9
長谷川るい,9
柿谷ひかる,9
藤井有彩,9
春川せせら,9
早川瑞希,9
若槻みづな,9
伊東ちなみ,9
愛乃なみ,9
樹林れもん,9
黒木蘭花,9
聖菜アリサ,9
深津佳乃,9
千束すみれ,9
音羽あみ,9
冴島夏希,9
華原恵里奈,9
真島かおる,9
芹野莉奈,9
松本メイ,9
秋月小町,9
小西悠,9
サリー,9
愛菜,9
山口智美,9
生田沙織,9
沢口みき,9
青木玲,9
吉浦みさと,9
川上奈々美,9
長谷川モニカ,9
甘良しずく,9
雛森みこ,9
有村リア,9
坂口みほの,9
仁奈るあ,9
桂希ゆに,9
如月めい,9
二宮和香,9
篠崎ゆう,9
仲村茉莉恵,9
桃瀬友梨奈,9
綾波ゆめ,9
冴木真子,9
上野菜穂,9
紗藤まゆ,9
神月カレン,9
花蓮カオル,9
柏木もも,9
黒川ニコル,9
輝月あんり,9
上原瑞穂,9
嶋野遥香,9
みづき乃愛,9
月丘雅,9
美月,9
青山ゆい,9
黒木小夜子,9
後藤美玲,9
北川千尋,9
村山りこ,9
夢実あくび,9
敷根まほ,9
北嶋あん,9
中西翔子,9
西田りこ,9
今村加奈子,9
希美まゆ,9
澁谷果歩,9
愛乃まほろ,9
三喜本のぞみ,9
美雪ありす,9
武藤あやか,9
時任明菜,9
浅倉かなこ,9
志村朝子,9
早乙女ありさ,9
琥珀さやか,9
神咲美優,9
裕木まゆ,9
愛須心亜,9
ほしのなつ,9
愛原さえ,9
奥菜莉乃,9
RION,9
園田みおん,9
星野千紗,9
永倉せな,9
三浦恵理子,9
夏希みなみ,9
さくらあきな,9
宮崎愛莉,9
柏木由実,9
本山茉莉,9
九条妃織,9
七原あかり,9
藤江由恵,9
葉山友香,9
相原さつき,9
松本稚奈,9
新島りおな,9
森川真奈美,9
羽月ミリア,9
栗山香純,9
折原ほのか,9
青井いちご,9
さくら悠,9
咲月りこ,9
Maika,9
滝川エリナ,9
城咲こまき,9
東城華菜,9
藤本紫媛,9
翼みさき,9
橋本麻衣子,9
松本ほのか,9
南せりな,9
岸杏南,9
青葉ゆな,9
三好春美,9
あやなれい,9
鈴村あいり,9
冬月かえで,9
奥菜アンナ,9
美竹すず,9
江波りゅう,9
水城奈緒,9
片岡リサ,9
AIKA,9
臼井さと美,9
伊東美姫,9
本城小百合,9
松井優子,9
大見はるか,9
荻野舞,9
浅尾美羽,9
水沢のの,9
柏木あおい,9
砂川梨那,9
白咲まりあ,9
芝崎かんな,9
青木春香,9
杏,9
水沢みゆ,9
海野空詩,9
青島かえで,9
桜木郁,9
横山夏希,9
白石茉莉奈,9
涼川絢音,9
美波ねい,9
川上ゆう,9
大橋優子,9
希咲あや,9
加美山あやの,9
黒沢あきな,9
柏木胡桃,9
若月まりな,9
春山彩香,9
宮崎あや,9
立花美里,9
美月アンジェリア,9
橋本さゆり,9
内村りな,9
池端真実,9
竹内れい子,9
加山なつこ,9
葉月奈穂,9
水村友加里,9
月野こころ,9
大森玲菜,9
伊東真緒,9
つぼみ,9
片倉もえ,9
西咲妃那,9
森咲みちる,9
恋中いろは,9
沖田杏梨,9
麻倉憂,9
羽月希,9
青葉優香,9
神山杏奈,9
葵ぶるま,9
原波瑠,9
高槻ルナ,9
夏来みあ,9
中澤真紀,9
一之瀬愛理,9
上条藍,9
瑠川リナ,9
南菜々,9
鶴田かな,9
水谷あおい,9
愛咲えな,9
松島葵,9
野田楓梨,9
島崎結衣,9
松岡ちな,9
武藤亜樹,9
一条綺美香,9
舞希香,9
杉崎絵里奈,9
大崎美佳,9
飯島くうが,9
青山ななせ,9
工藤美紗,9
如月ユナ,9
春野ひなた,9
水嶋あい,9
折原ゆかり,9
花城あゆ,9
川菜美鈴,9
白石みなみ,9
小川桃果,9
星美りか,9
絢森いちか,9
水嶋杏樹,9
彩乃なな,9
広瀬りほ,9
桃原茜,9
辻井ゆう,9
佐倉絆,9
槇原愛菜,9
かすみりさ,9
黒瀬萌衣,9
天音りん,9
友田彩也香,9
EMIRI,9
希志あいの,9
あかね杏珠,9
佐山愛,9
葵つかさ,9
吉川あいみ,9
星南きらり,9
YURINA,9
宇多田みか,9
立花はるみ,9
菜々葉,9
ERIKA,9
MOMOKA,9
矢吹京子,9
美里有紗,9
西條るり,9
夢乃あいか,9
水原さな,9
中山理莉,9
天海つばさ,9
青木りん,9
初音みのり,9
希崎ジェシカ,9
中村知恵,9
西山樹,9
綾波まこ,9
森保さな,9
三上里穂,9
甲斐ミハル,9
鈴原エミリ,9
あやね遥菜,9
浅倉あすか,9
成海うるみ,9
大堀香奈,9
直嶋あい,9
安達まどか,9
松井加奈,9
南梨央奈,9
松嶋葵,9
柏木りか,9
北野のぞみ,9
矢田ちえみ,9
高橋幸,9
花音しおり,9
夢咲りぼん,9
緒咲みお,9
坂口れな,9
宮地藍,9
森川涼花,9
平山聖花,9
真木かおり,9
雪野みほ,9
滝口愛菜,9
本田岬,9
笛木薫,9
七海ひさ代,9
佐伯ゆきな,9
葵,9
原ちとせ,9
朝倉ことみ,9
浅野えみ,9
夏目彩春,9
卯水咲流,9
里美ゆりあ,9
水谷心音,9
栗野葉子,9
桜まおみ,9
緒川りお,9
緒川凛,9
神田光,9
HIKARI,9
神ユキ,9
加藤ツバキ,9
真咲南朋,9
織田真子,9
吉沢明歩,9
穂高ゆうき,9
早乙女美々,9
天使もえ,9
香川ゆの,9
みづのみう,9
乙葉ななせ,9
若月まりあ,9
早瀬ありす,9
佐々木マリア,9
松島香織,9
高橋みく,9
川原里奈,9
春日野結衣,9
朝桐光,9
碧しの,9
篠田あゆみ,9
新山かえで,9
春原未来,9
希咲エマ,9
天宮恋,9
柊愛華,9
瞳えみり,9
優希まゆ,9
ゆきのあかり,9
小川奈緒,9
葉山美空,9
希佳苗,9
葵紫穂,9
井上綾子,9
さかい由布,9
神崎美樹,9
相川恋,9
舞坂仁美,9
広瀬洋子,9
鳴月らん,9
沢井ちなつ,9
西条沙羅,9
三橋杏奈,9
三浦春佳,9
小鳥遊はる,9
野宮さとみ,9
白川まお,9
木内亜美菜,9
檸檬.,9
立花メアリー,9
笹山希,9
保坂えり,9
二宮ナナ,9
司ミコト,9
久我かのん,9
星野ひかり,9
丘野さくら,9
夏海花凛,9
かのんこゆる,9
浅倉愛,9
あゆみ翼,9
吉川いと,9
彩城ゆりな,9
山本美和子,9
二葉しずく,9
紗倉まな,9
浅見せり,9
早乙女ゆい,9
小早川怜子,9
水野朝陽,9
篠田ゆう,9
初美沙希,9
村上涼子,9
桜木凛,9
KAORI,9
中村紗綾,9
長谷川リホ,9
香山美桜,9
逢沢るる,9
牛込純菜,9
美星るか,9
野本京香,9
東凛,9
七草ちとせ,9
玉城マイ,9
星川麻紀,9
大槻ひびき,9
なつめ愛莉,9
高石おりえ,9
広瀬晴子,9
立花リク,9
大塚のどか,9
桜夜まよい,9
桜瀬奈,9
桃宮もも,9
木村つな,9
潮絢那,9
藍沢潤,9
石原莉奈,9
横倉柚奈,9
石川結衣,9
夜空まひろ,9
若菜みなみ,9
永瀬里美,9
若葉みなみ,9
あすか綾納,9
鈴森汐那,9
宮野ゆかな,9
七海りこ,9
原千草,9
雨宮真貴,9
松下美雪,9
澤村レイコ,9
愛川ひより,9
萌芭,9
紗也いつか,9
横尾咲希,9
黒木歩,9
長谷川しずく,9
美月りな,9
横山みれい,9
谷原ゆき,9
前田朋子,9
橋本麻耶,9
松島れん,9
逢沢はるか,9
北川エリカ,9
星崎アンリ,9
夕樹あさひ,9
可愛まゆ,9
猫田りく,9
有本紗世,9
小西まりえ,9
花園多香子,9
高沢沙耶,9
美咲結衣,9
本間麗花,9
瀬名小百合,9
椎名ひかり,9
椿かなり,9
真木今日子,9
小峰ひなた,9
広瀬奈々美,9
沖野るり,9
白咲碧,9
桜夜はる,9
芦田知子,9
成清このみ,9
花山優,9
吉見りいな,9
エリカ,9
水希杏,9
蓮実クレア,9
橘優花,9
広沢聖,9
安寿,9
奥菜つばさ,9
きくま聖,9
中澤美亜,9
桜川かなこ,9
事原みゆ,9
青山菜々,9
上原花恋,9
鷹宮りょう,9
星野あかり,9
志保,9
森ななこ,9
鈴木さとみ,9
北島玲,9
堀口奈津美,9
当真ゆき,9
風間ゆみ,9
翔田千里,9
茉莉花みく,9
早川瀬里奈,9
陽木かれん,9
かすみ果穂,9
なごみ,9
前田のの,9
木村はな,9
綾瀬ことり,9
神木さやか,9
大島優香,9
恵さわ,9
阿部乃みく,9
小羽,9
みなみ愛星,9
林ゆな,9
さくらゆら,9
天音琴,9
二葉恵,9
並木杏梨,9
稀夕らら,9
桜井心菜,9
安野由美,9
仁美まどか,9
谷原希美,9
倉持茜,9
辻本りょう,9
小司あん,9
夏芽ひなた,9
愛原れの,9
通野未帆,9
大島薫,9
大崎初音,9
米倉あかね,9
一色奈美,9
原美織,9
生駒はるな,9
堀内秋美,9
美咲ゆりあ,9
氷城ユキ,9
桐谷愛,9
美蘭,9
高梨あゆみ,9
今野あかり,9
園田花凛,9
みおり舞,9
木島すみれ,9
堀口真希,9
水元恵梨香,9
倉多まお,9
桜庭彩,9
浜崎りお,9
柳田やよい,9
JULIA,9
まりか,9
京野明日香,9
夏目優希,9
ティア,9
小島みなみ,9
奥田咲,9
めぐり,9
音無かおり,9
白木優子,9
上原亜衣,9
シェリー,9
千乃あずみ,9
里咲しおり,9
楓ゆうか,9
山口二菜,9
沙藤ユリ,9
片瀬仁美,9
苺紅えりか,9
宮部涼花,9
安城アンナ,9
雅さやか,9
茜あずさ,9
春菜はな,9
梅田千佳,9
井上瞳,9
星野ひびき,9
夕城芹,9
小川めるる,9
さとう愛理,9
佳苗るか,9
柏木あづさ,9
北条麻妃,9
高山えみり,9
竹内真琴,9
神波多一花,9
羽生稀,9
木ノ花あみる,9
大場ゆい,9
牧瀬愛,9
太田まみ,9
青木みゆ,9
渋谷美希,9
真野ゆりあ,9
あべみかこ,9
宮内栞,9
吉井ありさ,9
加賀美シュナ,9
夏海いく,9
江東くらら,9
柚希あおい,9
平子知歌,9
神河美音,9
京野結衣,9
おぐりみく,9
紺野ひかる,9
森沢かな,9
佐々木恋海,9
高城麗奈,9
伊織しずく,9
愛沢有紗,9
百瀬乃々花,9
飯浜紀香,9
うるみゆう,9
有村千佳,9
さとう遥希,9
星空もあ,9
桜ももい,9
大西りんか,9
紺野まこ,9
桜木優希音,9
あおば結衣,9
桜井あゆ,9
さとうみつ,9
宇野ゆかり,9
本田莉子,9
山口葵,9
杏咲望,9
川村まや,9
潮見百合子,9
波多野結衣,9
瀬名みづき,9
麻生希,9
由愛可奈,9
浜崎真緒,9
小川みちる,9
伊藤りな,9
初川みなみ,9
愛沢エルサ,9
牧原れい子,9
倉科紗央莉,9
加納綾子,9
京野美麗,9
美泉咲,9
星野遥,9
神尾舞,9
青山未来,9
今村楓,9
星野ナミ,9
優月良花,9
神谷まゆ,9
篠原杏,9
江欣艳,10
戴志伟,10
陈宝莲,10
查理曹,10
黄蓉,10
朴初炫,10
金花媛,10
千浩振,10
林智妍,10
金康宇,10
朱智勋,10
王慧智,10
李智敏,10
金日秀,10
边赫,10
田青,10
焦姣,10
邵传勇,10
左颂升,10
黄光亮,10
成奎安,10
潘震伟,10
沈智浩,10
宋智孝,10
朱镇模,10
赵寅成,10
罗烈,10
敖志君,10
周弘,10
叶子楣,10
徐锦江,10
郑则仕,10
吴启华,10
吴启华 郑则仕 徐锦江 叶子楣 周弘 村,10
余国乐,10
刘的之,10
卢惠光,10
菅原丹,10
许绍雄,10
姚炜,10
吴家丽,10
任达华,10
邱淑贞,10
李丽珍,10
舒淇,10
金希贞,10
姜恩惠,10
动漫,11
动画,11
H动画,11
H動畫,11