辣妻,已婚人妻,角色
儿子,儿子,角色
息子,儿子,角色
息子の友达に犯されて,儿子,角色
丈夫,丈夫,角色
夫,丈夫,角色
上司,上司,角色
上司,上司,角色
上司・同僚,上司,角色
女上司,上司,角色
女上司,上司,角色
长辈,上司,角色
先辈,上司,角色
先辈,上司,角色
千金,千金小姐,角色
千金,千金小姐,角色
千金小姐,千金小姐,角色
大小姐,千金小姐,角色
公主,千金小姐,角色
公主,千金小姐,角色
女儿,女儿,角色
女儿,女儿,角色
令嬢,女儿,角色
令孃,女儿,角色
依霜,女儿,角色
养女,女儿,角色
女仆,女仆,角色
女仆,女仆,角色
女佣,女仆,角色
女僕,女仆,角色
奉仕,女仆,角色
ウェイトレス,女仆,角色
ご主人様,女仆,角色
メイド,女仆,角色
メイド服,女仆,角色
前女友,女友,角色
恋人,女友,角色
女友達,女友的朋友,角色
女牛仔,女牛仔,角色
女生,女生,角色
女生,女生,角色
女医,女医生,角色
女医,女医生,角色
女医生,女医生,角色
女医生,女医生,角色
女友,女朋友,角色
女友,女朋友,角色
女朋友,女朋友,角色
彼女,女朋友,角色
彼女×彼女×彼女,女朋友,角色
彼氏,女朋友,角色
女战士,女战士,角色
女老师,女教师,角色
女老師,女教师,角色
女教师,女教师,角色
女教师・家庭教师,女教师,角色
女教師,女教师,角色
中学老师,女教师,角色
幼师,女教师,角色
幼教,女教师,角色
先生,女教师,角色
先生,女教师,角色
老师,女教师,角色
老师,女教师,角色
老師,女教师,角色
讲师,女教师,角色
讲师,女教师,角色
制服女教师,女教师,角色
指导,女教师,角色
指导,女教师,角色
教师,女教师,角色
教师,女教师,角色
教育指导,女教师,角色
导师,女教師,角色
教育,女教師,角色
教授,女教師,角色
小妖精,小妖精,角色
人妻,已婚人妻,角色
人妻,已婚人妻,角色
人妻 后入,已婚人妻,角色
人妻・主婦,已婚人妻,角色
人妻・奥様,已婚人妻,角色
人妻・熟女,已婚人妻,角色
已婚,已婚人妻,角色
已婚女人,已婚人妻,角色
已婚妇女,已婚人妻,角色
主妇,已婚人妻,角色
主妇,已婚人妻,角色
主婦,已婚人妻,角色
妻子,已婚人妻,角色
妻嫩穴,已婚人妻,角色
骚妇,已婚人妻,角色
媳妇,已婚人妻,角色
ミセス系,已婚人妻,角色
公子,公子少爺,角色
女帝,公主,角色
好友,友,角色
双胞胎,双胞胎,角色
太太,夫妇,角色
夫妇,夫妇,角色
夫妇,夫妇,角色
カップル,夫妇,角色
夫妻,夫妻,角色
夫妻,夫妻,角色
10代,"少女,妹子",角色
10代,"少女,妹子",角色
18,"少女,妹子",角色
19,"少女,妹子",角色
20,"少女,妹子",角色
20代,"少女,妹子",角色
20多岁,"少女,妹子",角色
20多歲,"少女,妹子",角色
21,"少女,妹子",角色
22,"少女,妹子",角色
23,"少女,妹子",角色
24,"少女,妹子",角色
25,"少女,妹子",角色
26,"少女,妹子",角色
28,"少女,妹子",角色
29,"少女,妹子",角色
30代,"少女,妹子",角色
少女,"少女,妹子",角色
少女,"少女,妹子",角色
少女,"少女,妹子",角色
ガール,"少女,妹子",角色
ギャル,"少女,妹子",角色
ギャル,"少女,妹子",角色
ギャル系,"少女,妹子",角色
车掌小姐,车掌小姐,角色
风俗,"风俗嬢,妓女",角色
风俗嬢,"风俗嬢,妓女",角色
风俗嬢潮吹き,"风俗嬢,妓女",角色
妈妈桑,"风俗嬢,妓女",角色
妓女,"风俗嬢,妓女",角色
卖淫,"风俗嬢,妓女",角色
酒店小,"风俗嬢,妓女",角色
酒店小姐,"风俗嬢,妓女",角色
酒店小姐/妓女,"风俗嬢,妓女",角色
酒店小姐/妓女 不伦,"风俗嬢,妓女",角色
暗娼,"风俗嬢,妓女",角色
嫖娼,"风俗嬢,妓女",角色
キャバ嬢,"风俗嬢,妓女",角色
キャバ嬢・风俗嬢,"风俗嬢,妓女",角色
业务,业务员,角色
业务,业务员,角色
主持人,主播/主持人,角色
女主播,主播/主持人,角色
主播,主播/主持人,角色
主播,主播/主持人,角色
主播界,主播/主持人,角色
竞主播,主播/主持人,角色
乐手,乐团,角色
乐团,乐团,角色
淑女装,仙女文青,角色
才女,仙女文青,角色
文艺,仙女文青,角色
文青系,仙女文青,角色
文静,仙女文青,角色
气质,仙女文青,角色
气质高雅,仙女文青,角色
气息,仙女文青,角色
仙女,仙女文青,角色
仙子,仙女文青,角色
圣母,仙女文青,角色
玉女,仙女文青,角色
艺术系,仙女文青,角色
艺术家,仙女文青,角色
设计师,仙女文青,角色
作家,仙女文青,角色
画家,仙女文青,角色
美术,仙女文青,角色
美术家,仙女文青,角色
钢琴家,仙女文青,角色
兄妹,兄妹,角色
司机,司机,角色
処女,处女,角色
处女,处女,角色
处女,处女,角色
處女,处女,角色
处男,处男,角色
處男,处男,角色
奴隶,奴隶,角色
奴隷,奴隶,角色
奴隸,奴隶,角色
奴隸 女僕,奴隶,角色
妊妇,孕妇,角色
少年,正太,角色
正太,正太,角色
正太控,正太,角色
ショタ,正太,角色
白人,白人女优,角色
白人女优,白人女优,角色
白人女優,白人女优,角色
洋物,白人女优,角色
光头,光头,角色
光棍节不孤单,光头,角色
動物系,动物系,角色
各种职业,各种职业,角色
各種職業,各种职业,角色
职业,各种职业,角色
职业,各种职业,角色
职业色々,各种职业,角色
职业系,各种职业,角色
種職業,各种职业,角色
女同事,同事,角色
同事,同事,角色
社内,同事,角色
社内,同事,角色
女同学,同学,角色
同学,同学,角色
同学,同学,角色
同僚,同学,角色
同僚,同学,角色
义母,妈妈,角色
母亲,妈妈,角色
母亲,妈妈,角色
妇女,妈妈,角色
妈妈,妈妈,角色
妈妈,妈妈,角色
妈咪,妈妈,角色
専业主妇,妈妈,角色
奥様,妈妈,角色
媽媽,妈妈,角色
媽媽 數位馬賽克 爛醉如泥的 岳母 HDTV 限時降價 單體作品 DMM獨家 母親 數位馬賽克 酒醉 岳母 HD畫質,妈妈,角色
懒妇,妈妈,角色
お母さん,妈妈,角色
ママ,妈妈,角色
少妇,年轻少妇,角色
少妇,年轻少妇,角色
年轻妻子,年轻少妇,角色
年轻的妻子,年轻少妇,角色
花嫁,年轻少妇,角色
花嫁・若妻,年轻少妇,角色
花嫁・若妻,年轻少妇,角色
若妻,年轻少妇,角色
若奥様,年轻少妇,角色
新娘,年轻少妇,角色
新娘,年轻少妇,角色
新娘、年轻妻子,年轻少妇,角色
ぽっちゃり,年轻少妇,角色
机器女友,机器女友,角色
礼仪小姐,礼仪小姐,角色
网友,不顯示,其他
网民,网友,角色
女艺人,网红艺人,角色
女星,网红艺人,角色
元芸能人,网红艺人,角色
艺人,网红艺人,角色
艺人,网红艺人,角色
名人,网红艺人,角色
网红,网红艺人,角色
网红,网红艺人,角色
网模,网红艺人,角色
抖音网红,网红艺人,角色
明星,网红艺人,角色
明星脸,网红艺人,角色
芸能人,网红艺人,角色
香港艺人,网红艺人,角色
偶像,网红艺人,角色
偶像,网红艺人,角色
偶像/艺人,网红艺人,角色
偶像/藝人,网红艺人,角色
偶像艺人,网红艺人,角色
博主,网红艺人,角色
超有名S级女优,网红艺人,角色
演员,网红艺人,角色
藝人,网红艺人,角色
アイドル,网红艺人,角色
アイドル・芸能人,网红艺人,角色
アイドル☆シスター,网红艺人,角色
アイドル强制操作,网红艺人,角色
スタイル抜群,网红艺人,角色
セレブモデル,网红艺人,角色
モデル,网红艺人,角色
老师上课,老师,角色
女王,"老板娘,女主人",角色
女主人,"老板娘,女主人",角色
女主人、女老板,"老板娘,女主人",角色
女主人/媽媽桑,"老板娘,女主人",角色
女经理,"老板娘,女主人",角色
女将,"老板娘,女主人",角色
女将・女主人,"老板娘,女主人",角色
女强人,"老板娘,女主人",角色
主人,"老板娘,女主人",角色
主管,"老板娘,女主人",角色
老板,"老板娘,女主人",角色
老板,"老板娘,女主人",角色
老板娘,"老板娘,女主人",角色
老闆娘、女主人,"老板娘,女主人",角色
店长,"老板娘,女主人",角色
板娘,"老板娘,女主人",角色
社长,"老板娘,女主人",角色
总监,"老板娘,女主人",角色
领队,"老板娘,女主人",角色
领导人,"老板娘,女主人",角色
媽媽桑,"老板娘,女主人",角色
董事长,"老板娘,女主人",角色
マダム,"老板娘,女主人",角色
老婆,老婆,角色
健美小姐,肌肉,角色
助教,助理,角色
助理,助理,角色
牙助,医师,角色
牙医,医师,角色
牙医师,医师,角色
医生,医师,角色
医生,医师,角色
医师,医师,角色
医学,医师,角色
医学生,医师,角色
医学系,医师,角色
医界,医师,角色
男医生,医师,角色
疗师,医师,角色
营养师,医师,角色
吸血鬼,吸血鬼,角色
员工,员工,角色
妖精,妖精,角色
妖孽,妖孽,角色
巫女,巫女,角色
巫女,巫女,角色
女忍者,忍者,角色
女护士,护理师,角色
小护士,护理师,角色
介护士,护理师,角色
护士,护理师,角色
护士,护理师,角色
护理,护理师,角色
护理师,护理师,角色
看护,护理师,角色
看护妇,护理师,角色
看护妇,护理师,角色
看护妇・ナース,护理师,角色
護士,护理师,角色
スレンダー,护理师,角色
ナース,护理师,角色
男友,男友,角色
男朋友,男友,角色
お客,其他,角色
变态,变态,角色
変态,变态,角色
亲妹,妹,其他
妹巫女痴汉,姊姊,角色
妹妹,姊姊,角色
妹妹,姊姊,角色
姉・妹,姊姊,角色
姊・妹,姊姊,角色
姊☆孕みっくす,姊姊,角色
姊姊,姊姊,角色
姊姊,姊姊,角色
姊SUMMER！,姊姊,角色
姐弟,姊姊,角色
姐妹,姊姊,角色
姐妹,姊姊,角色
姐姐,姊姊,角色
姐姐,姊姊,角色
姐姐,姊姊,角色
姐姐/姐妹,姊姊,角色
姐姐/姐妹 巨乳 美少女,姊姊,角色
お姉さま,姊姊,角色
お姉さん,姊姊,角色
お姉さん,姊姊,角色
お姉さん/OL,姊姊,角色
お姊さん,姊姊,角色
大学,学生,角色
大学生,学生,角色
大学生,学生,角色
女大学生,学生,角色
女大學生,学生,角色
女大學生偷窺,学生,角色
女子大生,学生,角色
女子学校,学生,角色
女子校生,学生,角色
女子校生の腰つき,学生,角色
女学生,学生,角色
女高中生,学生,角色
女學生,学生,角色
女學生,学生,角色
台大,学生,角色
台师,学生,角色
生服,学生,角色
电机系,学生,角色
制服,学生,角色
制服诱惑,学生,角色
制服诱惑,学生,角色
制服誘惑,学生,角色
学生,学生,角色
学生,学生,角色
学生妹,学生,角色
学生妹,学生,角色
学生服,学生,角色
学园 ～华丽なる悦辱～,学生,角色
学园2,学生,角色
学园侵触,学生,角色
学园で时间よ止まれ,学生,角色
学弟,学生,角色
学姐,学生,角色
青少年,学生,角色
校服,学生,角色
校服,学生,角色
校花,学生,角色
高中女生,学生,角色
學生服,学生,角色
お姫様,学生,角色
お嬢様,学生,角色
お嬢様・令嬢,学生,角色
岳母,岳母,角色
婆婆,岳母,角色
店员,店员,角色
店员,店员,角色
正妹,颜值漂亮,角色
性感女,性感美女,角色
美人,性感美女,角色
服务生,服务生,角色
服务生,服务生,角色
服务员,服务生,角色
服务员,服务生,角色
服務員,服务生,角色
爸爸,爸爸,角色
会计师,社員,角色
会员,社員,角色
成员,社員,角色
空中小姐,空中小姐,角色
空中小姐,空中小姐,角色
空姐,空中小姐,角色
空姐,空中小姐,角色
スチュワーデス,空中小姐,角色
航空业,空姐,角色
近所,邻居,角色
ご近所,邻居,角色
邻家,邻家女孩,角色
邻家女孩,邻家女孩,角色
采耳师,采耳师,角色
金发女郎,金发女郎,角色
青春,青春,角色
青春活力,青春,角色
亲和力,青春,角色
亲和型,青春,角色
幼驯染,青梅竹马,角色
幼なじみ,青梅竹马,角色
青梅竹马,青梅竹马,角色
青梅竹馬,青梅竹马,角色
童年朋友,青梅竹马,角色
玩伴,青梅竹馬,角色
保母,保母,角色
律师,律师,角色
炮友,炮友,角色
炮友,炮友,角色
セフレ,炮友,角色
大美女,美女,角色
女郎,美女,角色
女神,美女,角色
女神,美女,角色
小姐,美女,角色
美女,美女,角色
美女,美女,角色
美女・美人,美女,角色
美女网红,美女,角色
美少女,美女,角色
美少女 女上位 性感 颜值 娇喘,美女,角色
美少女 无码 国产 高跟 编辑推荐,美女,角色
美少女 乱交 精液沐浴 潮吹 有码 单体作品,美女,角色
美少女 投稿,美女,角色
美少女 学生妹,美女,角色
美少女 美乳 素人,美女,角色
美少女 痴女 制服 口交 有码 单体作品,美女,角色
美少女 颜射,美女,角色
美少女・カワイイ系,美女,角色
美少女・カワイイ系,美女,角色
美少女.淫语.无码.痴女.性感.国产.白嫩.编辑推荐,美女,角色
美少女电影,美女,角色
美少女系,美女,角色
美少女援交,美女,角色
高顔值,美女,角色
漂亮女孩,美女,角色
美容,美容院、按摩,角色
闺蜜,闺蜜,角色
修女,修女,角色
バイト,兼职人员,角色
家事,家庭主妇,角色
家事,家庭主妇,角色
家政妇,家庭主妇,角色
家庭主妇,家庭主妇,角色
家庭教师,家庭教师,角色
家教,家庭教师,角色
展场女孩,展场女孩,角色
展场女孩,展场女孩,角色
モデル系,展场女孩,角色
恶魔,恶魔,角色
恶魔,恶魔,角色
女捜查官,捜查官,角色
女捜査官,捜查官,角色
女捜査官,捜查官,角色
女调查员,捜查官,角色
女调查员3P,捜查官,角色
女检察官,捜查官,角色
女搜查官,捜查官,角色
格斗家,格斗家,角色
格鬥家,格斗家,角色
病人,病患,角色
病患,病患,角色
女秘书,"秘书,OL",角色
白领,"秘书,OL",角色
制服 中文字幕 影片标籤 : 简体中文 赛车女王 薄马赛克 恋足癖 单体作品 苗条 淫语,"秘书,OL",角色
制服・コスプレ,"秘书,OL",角色
制服.美少女,"秘书,OL",角色
制服/角色扮演,"秘书,OL",角色
套装,"秘书,OL",角色
秘书,"秘书,OL",角色
秘书,"秘书,OL",角色
秘書,"秘书,OL",角色
OL,"秘书,OL",角色
ＯＬ,"秘书,OL",角色
ol,"秘书,OL",角色
OL・オフィスレディ,"秘书,OL",角色
スタッフ,"秘书,OL",角色
ニーソックス,"秘书,OL",角色
パンスト,"秘书,OL",角色
女球迷,粉絲,角色
欧美素人,素人,角色
素人,素人,角色
素人,素人,角色
素人.,素人,角色
素人自拍,素人,角色
素人自拍 无毛 影片标籤 : 玩具 口交 业馀 白虎 丁字裤 体内射精 金发女孩,素人,角色
素人系列,素人,角色
素人独家,素人,角色
素人娘,素人,角色
素撮,素人,角色
配信専用素人,素人,角色
菜鸟,素人,角色
業餘,素人,角色
路人,素人,角色
继母,继母,角色
调酒师,调酒师,角色
调教・奴隶,"调教,奴隶",角色
调教・奴隷,"调教,奴隶",角色
御魂,鬼魂,角色
教练,健身教练,角色
教练,健身教练,角色
インストラクター,健身教练,角色
ビッチ,婊子,角色
系御姐,御姐,角色
姐系,御姐,角色
御姐,御姐,角色
女姬,情妇,角色
伴侣,情侣,角色
情侣,情侣,角色
教学,教师,角色
后辈,晚辈,角色
后辈,晚辈,角色
狐狸,淫女,角色
诱人,淫女,角色
诱惑力,淫女,角色
欲女,淫女,角色
媚态,淫女,角色
混血儿,混血兒,角色
混血美女,混血兒,角色
清纯,清纯,角色
女祭司,祭司,角色
水泳,游泳,角色
女孩,"萝莉,妹系",角色
女孩子,"萝莉,妹系",角色
小女孩,"萝莉,妹系",角色
小萝莉,"萝莉,妹系",角色
妹儿,"萝莉,妹系",角色
妹子,"萝莉,妹系",角色
妹心,"萝莉,妹系",角色
妹系,"萝莉,妹系",角色
妹纸,"萝莉,妹系",角色
妹拔,"萝莉,妹系",角色
妹神,"萝莉,妹系",角色
妹萝莉,"萝莉,妹系",角色
洛丽塔,"萝莉,妹系",角色
蘿莉,"萝莉,妹系",角色
JK萝莉,"萝莉,妹系",角色
ロリ,"萝莉,妹系",角色
ロリータ,"萝莉,妹系",角色
ロリ系,"萝莉,妹系",角色
ロリ系・妹系,"萝莉,妹系",角色
黒人 VS 日本人女,黑人演员,角色
黒人男优,黑人演员,角色
蛮横娇羞,傲娇女,角色
傲娇,傲娇女,角色
傲嬌,傲娇女,角色
ツンデレ,傲娇女,角色
ツンデレ淫乱少女すくみ,傲娇女,角色
娇娘,傲嬌,角色
秘密搜查官,搜查官,角色
搜查官,搜查官,角色
摄影师,摄影师,角色
保险,業務員,角色
痴女,痴女,角色
体育,運動員,角色
体育台,運動員,角色
体育系,運動員,角色
嫩模,嫩妹,角色
嫰妹,嫩妹,角色
未亡人,寡妇,角色
寡妇,寡妇,角色
寡婦,寡妇,角色
自宅警备员,管理员,角色
精灵,精灵,角色
舞者,舞者,角色
舞姬,舞者,角色
舞娘,舞者,角色
赛车女王,赛车女王,角色
赛车女郎,赛车女王,角色
レースクィーン,赛车女王,角色
厨娘,廚師,角色
女子播报员,播报员,角色
女子播報員,播报员,角色
播报员,播报员,角色
女模,模特,角色
车模,模特,角色
台模,模特,角色
外围,模特,角色
外拍妹,模特,角色
名模,模特,角色
时装模特,模特,角色
国模,模特,角色
香车美人,模特,角色
艳模,模特,角色
腿模,模特,角色
辣模,模特,角色
模特,模特,角色
模特儿,模特,角色
模特儿,模特,角色
模特儿,模特,角色
模特儿系,模特,角色
キャンギャル,模特,角色
デジモ,模特,角色
デジモ芸能人,模特,角色
30多岁,熟女,角色
40代,熟女,角色
40多岁,熟女,角色
50代,熟女,角色
成熟的女人,熟女,角色
成熟的女人,熟女,角色
美丽的熟女,熟女,角色
美熟女,熟女,角色
美魔,熟女,角色
逆龄,熟女,角色
熟女,熟女,角色
熟女,熟女,角色
熟女,熟女,角色
熟女志愿,熟女,角色
艶母 taboo,熟女,角色
熟女/人妻,熟女人妻,角色
熟女人妻,熟女人妻,角色
汽车业,銷售員,角色
魔鬼,魅惑,角色
学员,學生,角色
学霸,學生,角色
学霸级,學生,角色
法文系,學生,角色
高材生,學生,角色
高学历,學生,角色
淡江,學生,角色
硕士生,學生,角色
铭传,學生,角色
治疗师,醫師,角色
校医,醫師,角色
药剂师,醫師,角色
药学,醫師,角色
兽医,醫師,角色
攀岩,攀岩,角色
小女警,警花,角色
警花,警花,角色
魔女,魔女,角色
魔王,魔王,角色
魔术师,魔术师,角色
纯系,蘿莉,角色
孩子,蘿莉,角色
女优,AV女优,角色
女优,AV女优,角色
女优・総集编,AV女优,角色
女优タイプ,AV女优,角色
女同,AV女优,角色
女同,AV女优,角色
女演员,AV女优,角色
女演员,AV女优,角色
女演员 恋屁癖,AV女优,角色
女演員,AV女优,角色
女優,AV女优,角色
女優精華合輯,AV女优,角色
有名女优,AV女优,角色
知名女优,AV女优,角色
知名女優,AV女优,角色
著名的女演员,AV女优,角色
著名的女演員,AV女优,角色
超有名S级女优,AV女优,角色
A女优,AV女优,角色
AV女优,AV女优,角色
AV女演员,AV女优,角色
AV女演員,AV女优,角色
ポルノ女优,AV女优,角色
レズ,AV女优,角色
女团,cos扮演,角色
女巫,cos扮演,角色
女侠,cos扮演,角色
女侦探,cos扮演,角色
女店员,cos扮演,角色
女戰士,cos扮演,角色
工人,cos扮演,角色
工读生,cos扮演,角色
工程师,cos扮演,角色
乡民,cos扮演,角色
天使,cos扮演,角色
记者,cos扮演,角色
队长,cos扮演,角色
团长,cos扮演,角色
地勤,cos扮演,角色
角色扮演,cos扮演,角色
邪气,cos扮演,角色
兔女郎,cos扮演,角色
国手,cos扮演,角色
宠儿,cos扮演,角色
空军,cos扮演,角色
空灵,cos扮演,角色
空服员,cos扮演,角色
空勤,cos扮演,角色
诗人,cos扮演,角色
战士,cos扮演,角色
皇后,cos扮演,角色
英雄,cos扮演,角色
酋长,cos扮演,角色
校队,cos扮演,角色
海盗,cos扮演,角色
特派员,cos扮演,角色
航警,cos扮演,角色
啦啦队,cos扮演,角色
啦啦队长,cos扮演,角色
啦啦队员,cos扮演,角色
彩妆师,cos扮演,角色
球迷,cos扮演,角色
职棒,cos扮演,角色
船长,cos扮演,角色
野人,cos扮演,角色
睡美人,cos扮演,角色
蜘蛛侠,cos扮演,角色
M女,M女,角色
M男,M男,角色
人妖,TS美妖,角色
女装,TS美妖,角色
女装,TS美妖,角色
女装・男の娘,TS美妖,角色
女装人妖,TS美妖,角色
女裝男,TS美妖,角色
双性人,TS美妖,角色
男の娘,TS美妖,角色
变性人,TS美妖,角色
变性者,TS美妖,角色
第三性,TS美妖,角色
雌雄同体,TS美妖,角色
TS,TS美妖,角色
そっくりさん,TS美妖,角色
ニューハーフ,TS美妖,角色
ふたなり,TS美妖,角色
西游记,cos扮演,角色
足球宝贝,cos扮演,角色
太重,丰满,身材
尺码,丰满,身材
风味,丰满,身材
风采,丰满,身材
风韵,丰满,身材
肉感,丰满,身材
肉感女,丰满,身材
肥婆,丰满,身材
胖女人,丰满,身材
胖熟,丰满,身材
豊満,丰满,身材
韵味,丰满,身材
ぽちゃ,丰满,身材
ムチムチ,丰满,身材
ムッチリ,丰满,身材
むっちり,丰满,身材
むっつりドスケベ露义母姊妹の本质见抜いてセックス三昧,丰满,身材
手毛,手毛,身材
一线天,无毛,身材
无毛,无毛,身材
无毛,无毛,身材
白虎,无毛,身材
白虎,无毛,身材
白虎无毛,无毛,身材
白虎无毛 精选独家,无毛,身材
剃毛,无毛,身材
剃毛・パイパン,无毛,身材
剃毛/白虎,无毛,身材
無毛,无毛,身材
パイパン,无毛,身材
パイパン,无毛,身材
风俗,"风俗嬢,妓女",身材
风骚,"风俗嬢,妓女",身材
勾椎,可爱,身材
卡哇伊,可爱,身材
卡哇依,可爱,身材
可爱系,可爱,身材
可爱い系,可爱,身材
大奶,巨乳大奶,身材
大奶,巨乳大奶,身材
大奶妹,巨乳大奶,身材
大乳房,巨乳大奶,身材
飞弹,巨乳大奶,身材
丰胸,巨乳大奶,身材
凶凶,巨乳大奶,身材
双弹,巨乳大奶,身材
双球,巨乳大奶,身材
太大惹,巨乳大奶,身材
水奶,巨乳大奶,身材
水乳,巨乳大奶,身材
车头灯,巨乳大奶,身材
车灯,巨乳大奶,身材
北半球,巨乳大奶,身材
奶子,巨乳大奶,身材
奶牛,巨乳大奶,身材
奶奶,巨乳大奶,身材
奶妹,巨乳大奶,身材
奶波,巨乳大奶,身材
奶型,巨乳大奶,身材
奶浓,巨乳大奶,身材
奶香,巨乳大奶,身材
奶圆,巨乳大奶,身材
奶姬,巨乳大奶,身材
奶浪,巨乳大奶,身材
奶控,巨乳大奶,身材
奶球,巨乳大奶,身材
奶翘,巨乳大奶,身材
奶量,巨乳大奶,身材
奶照,巨乳大奶,身材
奶藏,巨乳大奶,身材
巨奶,巨乳大奶,身材
巨乳,巨乳大奶,身材
巨乳,巨乳大奶,身材
巨乳,巨乳大奶,身材
巨乳 体内射精,巨乳大奶,身材
巨乳 美乳 体体内射精,巨乳大奶,身材
巨乳・爆乳・超乳,巨乳大奶,身材
巨乳・爆乳・超乳,巨乳大奶,身材
巨乳，乱伦，潮吹，双飞,巨乳大奶,身材
巨乳.,巨乳大奶,身材
巨乳.女高中生,巨乳大奶,身材
巨乳.多人,巨乳大奶,身材
巨乳.苗条,巨乳大奶,身材
巨乳大家族催眠,巨乳大奶,身材
巨乳中文字幕,巨乳大奶,身材
巨乳令嬢MC学园,巨乳大奶,身材
巨乳令嬢MC学園,巨乳大奶,身材
巨乳単体作品,巨乳大奶,身材
巨乳咪咪,巨乳大奶,身材
巨乳美乳,巨乳大奶,身材
巨乳控,巨乳大奶,身材
巨乳爆乳,巨乳大奶,身材
巨乳フェチ,巨乳大奶,身材
巨球,巨乳大奶,身材
母乳,巨乳大奶,身材
地心引力,巨乳大奶,身材
好凶,巨乳大奶,身材
好身材,巨乳大奶,身材
好料,巨乳大奶,身材
导弹,巨乳大奶,身材
曲线,巨乳大奶,身材
有料,巨乳大奶,身材
含乳量,巨乳大奶,身材
乳力,巨乳大奶,身材
乳气,巨乳大奶,身材
乳牛,巨乳大奶,身材
乳沟,巨乳大奶,身材
乳妹,巨乳大奶,身材
乳波,巨乳大奶,身材
乳娘,巨乳大奶,身材
乳浪,巨乳大奶,身材
乳神,巨乳大奶,身材
乳弹,巨乳大奶,身材
乳球,巨乳大奶,身材
乳翘,巨乳大奶,身材
乳量,巨乳大奶,身材
乳照,巨乳大奶,身材
乳器,巨乳大奶,身材
欧派,巨乳大奶,身材
波神,巨乳大奶,身材
波霸,巨乳大奶,身材
养眼,巨乳大奶,身材
前凸,巨乳大奶,身材
浑圆,巨乳大奶,身材
美巨乳,巨乳大奶,身材
重乳量,巨乳大奶,身材
圆奶,巨乳大奶,身材
圆乳,巨乳大奶,身材
海量,巨乳大奶,身材
神乳,巨乳大奶,身材
胸围,巨乳大奶,身材
胸妹,巨乳大奶,身材
胸型,巨乳大奶,身材
胸部,巨乳大奶,身材
胸器,巨乳大奶,身材
深沟,巨乳大奶,身材
猛奶,巨乳大奶,身材
猛乳,巨乳大奶,身材
超巨乳,巨乳大奶,身材
超乳,巨乳大奶,身材
酥胸,巨乳大奶,身材
傲人,巨乳大奶,身材
豪奶,巨乳大奶,身材
豪沟,巨乳大奶,身材
豪乳,巨乳大奶,身材
豪乳妹,巨乳大奶,身材
濠沟,巨乳大奶,身材
爆奶,巨乳大奶,身材
爆乳,巨乳大奶,身材
爆乳照,巨乳大奶,身材
爆乳BOMB,巨乳大奶,身材
露半球,巨乳大奶,身材
露奶,巨乳大奶,身材
露沟,巨乳大奶,身材
露乳照,巨乳大奶,身材
露球,巨乳大奶,身材
露酥胸,巨乳大奶,身材
露豪乳,巨乳大奶,身材
D罩杯,巨乳大奶,身材
Dカップ,巨乳大奶,身材
Eカップ,巨乳大奶,身材
F罩杯,巨乳大奶,身材
Fカップ,巨乳大奶,身材
G罩杯,巨乳大奶,身材
Gカップ,巨乳大奶,身材
H罩杯,巨乳大奶,身材
Ｈカップ,巨乳大奶,身材
Hカップ,巨乳大奶,身材
Iカップ,巨乳大奶,身材
Wフェラ,巨乳大奶,身材
Ｗフェラ,巨乳大奶,身材
タイプ,巨乳大奶,身材
大屌,巨根,身材
巨大阴茎,巨根,身材
巨屌,巨根,身材
巨根,巨根,身材
巨根/大屌,巨根,身材
巨根/大屌 体内射精 单体作品 中文字幕 口交 贫乳,巨根,身材
デカチン,巨根,身材
白,皮肤白皙,身材
白滑,皮肤白皙,身材
白皙,皮肤白皙,身材
白嫩,皮肤白皙,身材
白嫩,皮肤白皙,身材
白嫩,皮肤白皙,身材
皮肤白皙,皮肤白皙,身材
皮膚白皙,皮肤白皙,身材
好肤质,皮肤白皙,身材
肌奶,皮肤白皙,身材
肌肤,皮肤白皙,身材
色白,皮肤白皙,身材
衣架子,皮肤白皙,身材
乳白,皮肤白皙,身材
肤白,皮肤白皙,身材
肤质,皮肤白皙,身材
美白,皮肤白皙,身材
美肌,皮肤白皙,身材
美肌,皮肤白皙,身材
美肌・美白,皮肤白皙,身材
美肌・美白,皮肤白皙,身材
雪肤,皮肤白皙,身材
长发,长发,身材
肌肉,肌肉,身材
筋肉,肌肉,身材
筋肉,肌肉,身材
腹肌,肌肉,身材
私处,私处,身材
阴唇,私处,身材
纹身,纹身,身材
纹身,纹身,身材
纹身妹,纹身,身材
刺青,纹身,身材
刺青,纹身,身材
水嫩美,身材好,身材
凹凸,身材好,身材
吸睛,身材好,身材
身材,身材好,身材
身材,身材好,身材
美体,身材好,身材
毛,阴毛,身材
刚毛マンゲ,阴毛,身材
阴毛,阴毛,身材
阴茎,阴茎,身材
乳房,乳交,身材
单眼皮,单眼皮,身材
巻髪,卷发,身材
正妹,颜值漂亮,身材
性感,性感美女,身材
性感,性感美女,身材
性感美,性感美女,身材
美人,性感美女,身材
かわいい,性感美女,身材
虎牙,虎牙,身材
小奶,贫乳,身材
太小,贫乳,身材
平胸,贫乳,身材
平胸,贫乳,身材
贫乳,贫乳,身材
贫乳・微乳,贫乳,身材
胸小,贫乳,身材
貧乳,贫乳,身材
隐乳,贫乳,身材
隐乳妹,贫乳,身材
微乳,贫乳,身材
微乳,贫乳,身材
微乳・ちっちゃいオッパイ,贫乳,身材
金发,金发,身材
金发女孩,金发,身材
金髪,金发,身材
金髪娘,金发,身材
美少女,美女,身材
美穴,美穴,身材
美穴,美穴,身材
美マン,美穴,身材
白奶,美乳,身材
美奶,美乳,身材
美丽的胸部,美乳,身材
美乳,美乳,身材
美乳,美乳,身材
美乳 性感 身材 性趣味,美乳,身材
美乳 美腿,美乳,身材
美乳 舔阴,美乳,身材
美乳・素敌なオッパイ,美乳,身材
雪乳,美乳,身材
嫩奶,美乳,身材
美脚,美脚,身材
美脚,美脚,身材
美脚,美脚,身材
美脚・キレイな足,美脚,身材
美脚性奴会长,美脚,身材
美腳,美脚,身材
美腿 美臀,美脚,身材
脚脚,美脚,身材
大长腿,美腿,身材
双腿,美腿,身材
白腿,美腿,身材
长腿,美腿,身材
长腿,美腿,身材
长い脚,美腿,身材
美足,美腿,身材
美腿,美腿,身材
美腿中出颜射,美腿,身材
神腿,美腿,身材
腿长,美腿,身材
腿妹,美腿,身材
腿性,美腿,身材
腿部,美腿,身材
辣腿,美腿,身材
纤腰,苗条,身材
纤瘦,苗条,身材
线条,苗条,身材
线条美,苗条,身材
细身・スレンダー,苗条,身材
细腰,苗条,身材
苗条,苗条,身材
苗条,苗条,身材
苗条,苗条,身材
苗条 乱交,苗条,身材
苗条型,苗条,身材
苗條,苗条,身材
骨感,苗条,身材
腰细,苗条,身材
スリム,苗条,身材
小麦,晒痕、晒黑,身材
日焼け,晒痕、晒黑,身材
日焼け肌・色黒,晒痕、晒黑,身材
日焼け迹,晒痕、晒黑,身材
麦色,晒痕、晒黑,身材
晒黑,晒痕、晒黑,身材
粉穴,粉穴,身材
粉穴,粉穴,身材
粉鲍,粉穴,身材
粉嫩,粉穴,身材
素颜,素颜,身材
茶髪,茶髪,身材
长身,高挑,身材
高,高挑,身材
高大,高挑,身材
高大 苗条,高挑,身材
高挑,高挑,身材
清纯双飞,清纯,身材
清純,清纯,身材
清純可愛,清纯,身材
清楚,清纯,身材
清楚系,清纯,身材
清楚で真面目な彼女が,清纯,身材
癒し系,清纯,身材
Q版,清纯,身材
短髮,短发,身材
ショートカット,短发,身材
ショートヘア,短发,身材
ショートヘアー,短发,身材
大屁股,翘臀美尻,身材
丰臀,翘臀美尻,身材
水蜜桃,翘臀美尻,身材
巨大屁股,翘臀美尻,身材
巨尻,翘臀美尻,身材
巨臀,翘臀美尻,身材
美尻,翘臀美尻,身材
美尻,翘臀美尻,身材
美尻・ケツがいい,翘臀美尻,身材
美臀,翘臀美尻,身材
美臀 口交,翘臀美尻,身材
美臀l,翘臀美尻,身材
翘臀,翘臀美尻,身材
翘臀美尻,翘臀美尻,身材
漂亮的屁股,翘臀美尻,身材
蜜桃,翘臀美尻,身材
臀肉,翘臀美尻,身材
臀妹,翘臀美尻,身材
臀线,翘臀美尻,身材
臀型,翘臀美尻,身材
臀神,翘臀美尻,身材
臀腿,翘臀美尻,身材
臀舞,翘臀美尻,身材
お尻,翘臀美尻,身材
デカチン・巨根,翘臀美尻,身材
デカチン・巨根,翘臀美尻,身材
小柄,"萝莉,妹系",身材
娇小的,"萝莉,妹系",身材
迷你系列,"萝莉,妹系",身材
童颜,"萝莉,妹系",身材
童顏,"萝莉,妹系",身材
童顏巨乳,"萝莉,妹系",身材
萝莉,"萝莉,妹系",身材
萝莉,"萝莉,妹系",身材
萝莉系,"萝莉,妹系",身材
萝莉系,"萝莉,妹系",身材
萝莉塔,"萝莉,妹系",身材
矮小,"萝莉,妹系",身材
瘦小身型,"萝莉,妹系",身材
ベビードール,"萝莉,妹系",身材
ミニ系,"萝莉,妹系",身材
ミニ系,"萝莉,妹系",身材
ミニ系・小柄,"萝莉,妹系",身材
黒髪,黑发,身材
黒髪ストレート,黑发,身材
黒髪ロング,黑发,身材
黑发,黑发,身材
黑头发,黑发,身材
黑髮,黑发,身材
黑頭髮,黑发,身材
太骚,惹火辣妹,身材
性感的,惹火辣妹,身材
辣女,惹火辣妹,身材
辣台妹,惹火辣妹,身材
辣体,惹火辣妹,身材
辣乳妹,惹火辣妹,身材
辣妹,惹火辣妹,身材
辣妹,惹火辣妹,身材
辣妹,惹火辣妹,身材
辣妹系,惹火辣妹,身材
辣姐,惹火辣妹,身材
辣度,惹火辣妹,身材
辣眼,惹火辣妹,身材
辣照,惹火辣妹,身材
魔鬼系,惹火辣妹,身材
セクシー,惹火辣妹,身材
嫩穴,嫩穴,身材
嫩穴,嫩穴,身材
嫩肉,嫩妹,身材
嫩体,嫩妹,身材
嫩乳,嫩妹,身材
嫩妹,嫩妹,身材
嫩肤,嫩妹,身材
嫩模,嫩妹,身材
辣妈,熟女,身材
美少女，痴女，淫语，潮吹,颜值,身材
五官,颜值漂亮,身材
天菜,颜值漂亮,身材
天菜级,颜值漂亮,身材
太吸睛,颜值漂亮,身材
太美,颜值漂亮,身材
仙气,颜值漂亮,身材
出众,颜值漂亮,身材
外形,颜值漂亮,身材
外表,颜值漂亮,身材
外貌,颜值漂亮,身材
瓜子脸,颜值漂亮,身材
顶级,颜值漂亮,身材
顶标,颜值漂亮,身材
亮眼,颜值漂亮,身材
很漂亮,颜值漂亮,身材
美色,颜值漂亮,身材
美丽,颜值漂亮,身材
美型,颜值漂亮,身材
美姿,颜值漂亮,身材
美嫩,颜值漂亮,身材
脸蛋,颜值漂亮,身材
靓妹,颜值漂亮,身材
颜质,颜值漂亮,身材
颜值,颜值漂亮,身材
颜值,颜值漂亮,身材
魅力,颜值漂亮,身材
顔值,颜值漂亮,身材
发育,蘿莉,身材
幼齿,蘿莉,身材
娃娃脸,蘿莉,身材
娇躯,蘿莉,身材
娇嫩欲滴,蘿莉,身材
下药,下药,玩法
食粪,大便,玩法
膣穴,大便,玩法
うんち,大便,玩法
スカトロ,大便,玩法
女女,女女,玩法
女同性恋,女女,玩法
女同性戀,女女,玩法
女同屏,女女,玩法
女同接吻,女女,玩法
蕾丝边,女女,玩法
ホモ,女女,玩法
レズ バイブ,女女,玩法
レズキス,女女,玩法
レズビアン,女女,玩法
子宫颈,子宫颈,玩法
子宮頸,子宫颈,玩法
ポルチオ,子宫颈,玩法
尿道口异物挿れ,马眼,玩法
双飞,双飞,玩法
ぽっかり,手势,玩法
车震,车震,玩法
车震,车震,玩法
車震,车震,玩法
カーセックス,车震,玩法
汗臭,出汗,玩法
体液,出汗,玩法
流汗,出汗,玩法
母乳,巨乳大奶,玩法
拍击,打屁股,玩法
拍打,打屁股,玩法
スパンキング,打屁股,玩法
挤奶,母乳,玩法
喷奶,母乳,玩法
电话,电话,玩法
生はめ,立即性交,玩法
立即口交,立即性交,玩法
立即性交,立即性交,玩法
即ハメ,立即性交,玩法
自卫,自慰,玩法
自慰,自慰,玩法
净生器,自慰套,玩法
两穴同时插入,两穴同时,玩法
大腿精液,体外射精,玩法
脸上射精,体外射精,玩法
ゲロ,呕吐,玩法
汽车性爱,汽车性爱,玩法
男性潮吹 简体中文,男性潮吹,玩法
目线,盯着,玩法
屁股,肛交,玩法
玩弄肛门,肛交,玩法
阴,阴道内影像,玩法
阴道内影像,阴道内影像,玩法
阴道扩张器,阴道内影像,玩法
マン屁,阴道屁,玩法
喝尿,饮尿,玩法
ゴムだし,饮精,玩法
全身ローション,乳液,玩法
乳液,乳液,玩法
ローション,乳液,玩法
ローション・オイル,乳液,玩法
性奴,性奴,玩法
性奴隶,性奴,玩法
性技师,性奴,玩法
おしっこ,放尿,玩法
泡泡浴,泡泡浴,玩法
ソープ,泡泡浴,玩法
ソープランドプレイ,泡泡浴,玩法
レイプ,轮奸,玩法
娇喘,娇喘,玩法
女优按摩棒,按摩棒,玩法
巨大电マ责め,按摩棒,玩法
电动按摩棒,按摩棒,玩法
电动按摩棒.泳装.潮吹.乳交,按摩棒,玩法
电気アンマ,按摩棒,玩法
电気ドリル,按摩棒,玩法
电到按摩棒,按摩棒,玩法
电マ,按摩棒,玩法
性玩具,按摩棒,玩法
性玩具,按摩棒,玩法
性玩具 女演员,按摩棒,玩法
性玩具 足フェチ 女演员,按摩棒,玩法
玩具,按摩棒,玩法
玩具,按摩棒,玩法
玩具后入,按摩棒,玩法
远隔ローター,按摩棒,玩法
按摩玩具,按摩棒,玩法
按摩棒,按摩棒,玩法
情趣用品,按摩棒,玩法
情趣用品,按摩棒,玩法
異物挿入,按摩棒,玩法
强烈ピストンバック,按摩棒,玩法
插入异物,按摩棒,玩法
跳蛋,按摩棒,玩法
道具,按摩棒,玩法
電動按摩棒,按摩棒,玩法
おもちゃ,按摩棒,玩法
オモチャ,按摩棒,玩法
オモチャ责め,按摩棒,玩法
ディルド,按摩棒,玩法
バイブ,按摩棒,玩法
バイブ放置,按摩棒,玩法
ローター,按摩棒,玩法
ローター,按摩棒,玩法
诱惑,挑逗,玩法
女生帮男生甜肛门,毒龙,玩法
男のアナルを舐める,毒龙,玩法
甜女生的肛门,毒龙,玩法
无极限,重口味,玩法
重口,重口味,玩法
钢管舞,钢管舞,玩法
其他的恋物癖,恋物癖,玩法
其他的戀物癖,恋物癖,玩法
其他恋物癖,恋物癖,玩法
其他恋物癖,恋物癖,玩法
戀屁癖,恋物癖,玩法
戀屁癖,恋物癖,玩法
戀足癖,恋物癖,玩法
マンネリ,恋物癖,玩法
レッドホットフェティッシュコレクション,恋物癖,玩法
拳交,拳交,玩法
换妻,换妻,玩法
油,涂油,玩法
オイル,涂油,玩法
素股,素股,玩法
药物,药物,玩法
药物 口交,药物,玩法
目隠し,调教,玩法
性虐待,调教,玩法
性転换・女体化,调教,玩法
拘束,调教,玩法
项圈,调教,玩法
盖眼玩法(男/女),调教,玩法
陵辱,调教,玩法
綑绑,调教,玩法
徹底陵辱,调教,玩法
瘙癢,调教,玩法
繩縛,调教,玩法
繩縛/束縛,调教,玩法
ボンデージ,调教,玩法
母狗,调教凌辱,玩法
束缚,调教凌辱,玩法
绑绳,调教凌辱,玩法
女性高潮,高潮,玩法
痉挛,高潮,玩法
アクメ,高潮,玩法
做爱,做爱,玩法
做愛,做爱,玩法
唾液を饮む,唾液,玩法
情趣,情趣,玩法
无防备,清纯,玩法
无辜,清纯,玩法
喉,喉咙,玩法
暴力,强奸,玩法
3P·4P,群交多P,玩法
群p,群交多P,玩法
群P,群交多P,玩法
群P亂舞,群交多P,玩法
觸手,触手,玩法
大失禁,漏尿,玩法
失禁,漏尿,玩法
排尿,漏尿,玩法
乳首舐め,舔奶头,玩法
玉なめ,舔睪丸,玩法
大量潮吹き,潮吹,玩法
喷水,潮吹,玩法
灌肠,灌肠,玩法
T-バック,丁字裤,衣着
Tバック,丁字裤,衣着
上衣,上衣,衣着
口罩,口罩,衣着
大提琴,大提琴,衣着
女性内衣,女性内衣,衣着
ノーパン,不穿内衣,衣着
ノーブラ,不穿内衣,衣着
内裤,内裤,衣着
开裆裤,开裆裤,衣着
开襟,开裆裤,衣着
肚兜,开裆裤,衣着
日式服装,日式服装,衣着
日式浴衣,日式服装,衣着
和服,日式服装,衣着
和服・丧服,日式服装,衣着
和服・浴衣,日式服装,衣着
和服・浴衣,日式服装,衣着
和服、丧服,日式服装,衣着
和服/浴衣,日式服装,衣着
浴巾,日式服装,衣着
浴衣,日式服装,衣着
浴衣,日式服装,衣着
浴衣・着物,日式服装,衣着
浴衣/和服,日式服装,衣着
浴衣/着物,日式服装,衣着
浴袍,日式服装,衣着
着物,日式服装,衣着
着物・和服・浴衣,日式服装,衣着
着物・浴衣,日式服装,衣着
毛衣,毛衣,衣着
水手服,水手服,衣着
水手服,水手服,衣着
セーラー服,水手服,衣着
牛仔裤,牛仔裤,衣着
牛仔裤,牛仔裤,衣着
ジーンズな女,牛仔裤,衣着
リボン,丝带,衣着
及膝袜,丝袜,衣着
丝袜,丝袜,衣着
丝袜,丝袜,衣着
丝袜・袜,丝袜,衣着
丝袜长腿,丝袜,衣着
白袜,丝袜,衣着
围裙,丝袜,衣着
围裙,丝袜,衣着
学校泳装,丝袜,衣着
连裤袜,丝袜,衣着
絲襪・網襪,丝袜,衣着
黑丝,丝袜,衣着
黑丝,丝袜,衣着
黑丝袜,丝袜,衣着
黑丝袜,丝袜,衣着
黑网,丝袜,衣着
黑纱,丝袜,衣着
裙子,丝袜,衣着
裙子,丝袜,衣着
裤袜,丝袜,衣着
裤袜,丝袜,衣着
膝盖袜子,丝袜,衣着
蕾丝,丝袜,衣着
ストッキング,丝袜,衣着
パンスト･网タイ,丝袜,衣着
パンスト・タイツ,丝袜,衣着
パンスト破き・切り,丝袜,衣着
ブルマ,丝袜,衣着
ブルマ,丝袜,衣着
ミニスカ,丝袜,衣着
ミニスカ,丝袜,衣着
ミニスカート,丝袜,衣着
ミニスカポリス,丝袜,衣着
古筝,古装,衣着
古装,古装,衣着
下着,只穿内衣,衣着
下着姿,只穿内衣,衣着
女用內衣褲,只穿内衣,衣着
女用内衣裤,只穿内衣,衣着
内衣,只穿内衣,衣着
内衣,只穿内衣,衣着
パンチラ,只穿内衣,衣着
ランジェリー,只穿内衣,衣着
爆乳网,巨乳大奶,衣着
爆乳衣,巨乳大奶,衣着
爆乳系,巨乳大奶,衣着
爆乳妹,巨乳大奶,衣着
爆乳肥,巨乳大奶,衣着
白下着,白色内衣,衣着
白衣,白色内衣,衣着
白衣,白色内衣,衣着
白袍,白袍,衣着
皮裙,皮裤,衣着
皮裤,皮裤,衣着
吊带装,吊带装,衣着
晚礼服,礼服,衣着
丝袜・网袜,网袜,衣着
丝袜/网袜,网袜,衣着
全身网タイツ,网袜,衣着
网袜,网袜,衣着
网袜,网袜,衣着
网タイツ,网袜,衣着
网タイツ,网袜,衣着
肉色,肉色,衣着
衣衫,衣衫,衣着
西装,西装,衣着
スーツ,西装,衣着
平口装,低胸装,衣着
低胸,低胸装,衣着
低胸装,低胸装,衣着
体育服,体操服,衣着
体育裤,体操服,衣着
体操服,体操服,衣着
体操服/体育服,体操服,衣着
体操着,体操服,衣着
体操着・ブルマ,体操服,衣着
体操着・ブルマ,体操服,衣着
运动服,体操服,衣着
运动短裤,体操服,衣着
运动装,体操服,衣着
スポーツ,体操服,衣着
スポーツコスプレ,体操服,衣着
タイツ,体操服,衣着
レオタード,体操服,衣着
医袍,医袍,衣着
裸体围裙,围裙,衣着
裸エプロン,围裙,衣着
エプロン,围裙,衣着
丧服,丧服,衣着
学生服,学生服,衣着
学生装,学生服,衣着
校服,学生服,衣着
拖鞋,拖鞋,衣着
比赛泳装,泳装水着,衣着
水着,泳装水着,衣着
泳衣,泳装水着,衣着
泳装,泳装水着,衣着
泳装,泳装水着,衣着
泳裝,泳装水着,衣着
竞泳・スクール水着,泳装水着,衣着
竞泳水着,泳装水着,衣着
學校泳裝,泳装水着,衣着
スク水,泳装水着,衣着
ビキニ,泳装水着,衣着
芭蕾,芭蕾服,衣着
洋装,洋装,衣着
绑带,绑带,衣着
美甲,美甲,衣着
背心,背心,衣着
背包,背包,衣着
钢琴,钢琴,衣着
钢管,钢管,衣着
ファン,扇子,衣着
套装,"秘书,OL",衣着
职业装,"秘书,OL",衣着
素顔,素颜,衣着
紧身衣,紧身衣,衣着
ボディコン,紧身衣,衣着
胶带,胶带,衣着
胸网,胸网,衣着
胸衣,胸衣,衣着
豹纹,豹紋裝,衣着
高跟,高跟鞋,衣着
情趣内衣,情趣服装,衣着
情趣内衣,情趣服装,衣着
着エロ,情趣服装,衣着
猥亵,情趣服装,衣着
猥亵穿着,情趣服装,衣着
薄纱,情趣服装,衣着
エロ下着,情趣服装,衣着
セクシー下着,情趣服装,衣着
セクシーランジェリー,情趣服装,衣着
眼妆,眼妆,衣着
眼影,眼妆,衣着
眼镜,眼镜,衣着
眼镜,眼镜,衣着
眼镜框,眼镜,衣着
眼鏡,眼镜,衣着
墨镜,眼镜,衣着
めがね,眼镜,衣着
メガネ,眼镜,衣着
透视装,透视装,衣着
帽子,帽子,衣着
猫耳,猫耳女,衣着
猫耳女,猫耳女,衣着
热裤,短裤,衣着
短裤,短裤,衣着
裤子,短裤,衣着
裤长,短裤,衣着
裤裤,短裤,衣着
ショートパンツ,短裤,衣着
ブルマー,短裤,衣着
ホットパンツ,短裤,衣着
黑衫,黑衫,衣着
ヨガ,瑜珈,衣着
睡衣,睡衣,衣着
パジャマ,睡衣,衣着
タイトスカート,裙子,衣着
女裙,裙装,衣着
迷你裙,裙装,衣着
迷你裙,裙装,衣着
スカート,裙装,衣着
ドレス,裙装,衣着
石榴裙,裙裝,衣着
长裙,裙裝,衣着
短裙,裙裝,衣着
旗袍,旗袍,衣着
旗袍,旗袍,衣着
旗袍装,旗袍,衣着
チャイナドレス,旗袍,衣着
ゴスロリ,歌德服装,衣着
全裸,裸体,衣着
裸体,裸体,衣着
裸ソックス,裸体,衣着
激凸,激凸,衣着
凶器,cos扮演,衣着
吐司,cos扮演,衣着
耳机线,cos扮演,衣着
角色扮演,cos扮演,衣着
兔女郎,cos扮演,衣着
战斗服,cos扮演,衣着
战服,cos扮演,衣着
战袍,cos扮演,衣着
cos,cos扮演,衣着
coslpay,cos扮演,衣着
cospaly,cos扮演,衣着
cosplay,cos扮演,衣着
コスプレ,cos扮演,衣着
ネコ目美人,cos扮演,衣着
ネコミミ・獣系,cos扮演,衣着
バニーガール,cos扮演,衣着
ワンピース,cos扮演,衣着
乳夹,SM服装,衣着
开口具 (含球具),SM服装,衣着
手枷,SM服装,衣着
手枷足枷,SM服装,衣着
手锭,SM服装,衣着
SM 制服,SM服装,衣着
ボンテージ,SM服装,衣着
69,69体位,体位
６９,69体位,体位
69,69体位,体位
69.舔阴.美乳.美腿.美臀.乳交.体内射精,69体位,体位
69体位,69体位,体位
69體位,69体位,体位
シックスナイン,69体位,体位
口交,口交,体位
口交,口交,体位
口交,口交,体位
口交舔阴,口交,体位
口技,口交,体位
口內射精,口爆,体位
口内发射,口爆,体位
口内発射,口爆,体位
口内射精,口爆,体位
口交扫除,口爆,体位
口交到射,口爆,体位
口交到射 [高清无码],口爆,体位
口爆,口爆,体位
扫除,口爆,体位
扫除フェラ,口爆,体位
手淫,手淫,体位
手淫自慰,手淫,体位
手マン,手淫,体位
无套,无套,体位
无戴套做爱,无套,体位
駅弁ファック,火车便当,体位
手交,打手枪,体位
手コキ,打手枪,体位
打手枪,打手枪,体位
打手槍,打手枪,体位
超色情手淫,打手枪,体位
撸管,打手枪,体位
テコキ,打手枪,体位
テコキ発射,打手枪,体位
打桩机,打桩机,体位
打桩机(体位),打桩机,体位
打樁機(體位),打桩机,体位
3P,多P群交,体位
3p,多P群交,体位
３P,多P群交,体位
3P・4P,多P群交,体位
3p.巨乳.后入,多P群交,体位
3P·4P,多P群交,体位
3P·4P,多P群交,体位
3P～,多P群交,体位
3P～複数,多P群交,体位
３P乱交,多P群交,体位
4P,多P群交,体位
4p,多P群交,体位
4p,多P群交,体位
大乱交,多P群交,体位
多,多P群交,体位
多人,多P群交,体位
多P,多P群交,体位
多p,多P群交,体位
多P 影片标籤 : 简体中文 3P·4P 单体作品 苗条 女上位 巨乳,多P群交,体位
多P杂交,多P群交,体位
乱交,多P群交,体位
亂交,多P群交,体位
群交,多P群交,体位
中出,体内射精,体位
中出颜射,体内射精,体位
中出し,体内射精,体位
中出し拒み无视,体内射精,体位
中出しおねだり,体内射精,体位
內射,体内射精,体位
内射,体内射精,体位
内射,体内射精,体位
内射人,体内射精,体位
内射口,体内射精,体位
内射精液大量流出,体内射精,体位
内部射精,体内射精,体位
无码体内射精,体内射精,体位
无套内射,体内射精,体位
巨乳中出,体内射精,体位
生中出し,体内射精,体位
生中出し,体内射精,体位
生中出し无码,体内射精,体位
体內射精,体内射精,体位
体内射,体内射精,体位
体内射精,体内射精,体位
体内射精,体内射精,体位
体内射精 手淫,体内射精,体位
体内射精 电动按摩棒 业馀 口爆 性爱摄影 独家推荐 巨乳,体内射精,体位
体内射精 乳交 白虎,体内射精,体位
体内射精 单体作品 女教师,体内射精,体位
侧位中出し,体内射精,体位
连続中出し,体内射精,体位
顔面骑乗,体内射精,体位
體內射精,体内射精,体位
バック中出し,体内射精,体位
外射阴道,体外射精,体位
胸射,体外射精,体位
胸部上精液,体外射精,体位
胸に精液,体外射精,体位
腹に精液,体外射精,体位
顔に精液,体外射精,体位
尻射,肛门内射,体位
尻に精液,肛门内射,体位
后方内射,肛门内射,体位
肛门内射,肛门内射,体位
肛门阴道同时载入,肛门内射,体位
肛内中出,肛门内射,体位
肛内中出,肛门内射,体位
二穴同时挿入,肛交,体位
二穴同时挿入,肛交,体位
女子アナ,肛交,体位
尻コキ,肛交,体位
后入,肛交,体位
后入,肛交,体位
后入式,肛交,体位
屁股,肛交,体位
肛门,肛交,体位
肛门爱爱,肛交,体位
肛交,肛交,体位
菊花,肛交,体位
アナル,肛交,体位
アナル中出し,肛交,体位
アナルセックス,肛交,体位
アナルマンコ同时挿入,肛交,体位
足交,足交,体位
足コキ,足交,体位
奶砲,乳交,体位
乳交,乳交,体位
乳交,乳交,体位
乳交,乳交,体位
乳色吐息,乳交,体位
乳房,乳交,体位
乳房,乳交,体位
おっぱい,乳交,体位
パイズ,乳交,体位
パイズリ,乳交,体位
パイズリ挟射,乳交,体位
ハイソックス,乳交,体位
性交,性交,体位
性爱,性交,体位
手指插入,指交,体位
指交,指交,体位
指マン,指交,体位
强力抽插背后位,背后位,体位
後背位,背后插入,体位
背后插入,背后插入,体位
背後插入,背后插入,体位
立ちバック,背面骑乘,体位
立ちバック,背面骑乘,体位
后背位,背面骑乘,体位
背面骑乗位,背面骑乘,体位
背面骑乘位,背面骑乘,体位
バック,背面骑乘,体位
フィスト,拳交,体位
浓厚キス,接吻,体位
接吻,接吻,体位
接吻,接吻,体位
接吻 戏剧,接吻,体位
接吻 单体作品 中文字幕 按摩 拘束 巨乳,接吻,体位
接吻 潮吹,接吻,体位
キス,接吻,体位
キス・接吻,接吻,体位
キス・接吻,接吻,体位
深喉,深喉,体位
清洁口交,深喉,体位
イラマチ,深喉,体位
イラマチオ,深喉,体位
お扫除,深喉,体位
お扫除フェラ,深喉,体位
ごっくん,深喉,体位
バキュームフェラ,深喉,体位
フェラ,深喉,体位
フェラ抜き,深喉,体位
フェラチオ,深喉,体位
女上,骑乘位,体位
女上位,骑乘位,体位
骑乗位,骑乘位,体位
骑乗位中出し,骑乘位,体位
骑乘,骑乘位,体位
骑乘,骑乘位,体位
骑乘位,骑乘位,体位
骑乘位,骑乘位,体位
騎乘,骑乘位,体位
騎乘位,骑乘位,体位
舔奶头,舔奶头,体位
舔乳头,舔奶头,体位
アナル舐め,舔肛门,体位
舐阴,舔阴,体位
舔阴,舔阴,体位
舔阴,舔阴,体位
舔陰,舔阴,体位
舔陰,舔阴,体位
クンニ,舔阴,体位
マンコ,舔阴,体位
マンコぶっかけ,舔阴,体位
金玉しゃぶり,舔睪丸,体位
高潮,潮吹,体位
潮,潮吹,体位
潮水姐,潮吹,体位
潮吹,潮吹,体位
潮吹,潮吹,体位
潮吹.中文字幕,潮吹,体位
潮吹巨根,潮吹,体位
潮吹き,潮吹,体位
潮吹き（大量）,潮吹,体位
潮喷,潮吹,体位
激エロオナニー,潮吹,体位
オナニー,潮吹,体位
颜面骑乗,颜面骑乘,体位
颜面骑乘,颜面骑乘,体位
颜面骑乘位,颜面骑乘,体位
顏面騎乘,颜面骑乘,体位
颜射,颜射,体位
颜射素人,颜射,体位
顏射,颜射,体位
顔射,颜射,体位
顔射,颜射,体位
ぶっかけ,颜射,体位
飞吻,親吻,体位
戴,戴套,体位
戴套性爱 体内射精 黑发,戴套,体位
マングリ,マングリ返し,体位
マングリ返し,マングリ返し,体位
土下座,乞求,剧情
愿い,乞求,剧情
排便,大便,剧情
脱粪,大便,剧情
粪便,大便,剧情
反差,反差,剧情
身高差,反差,剧情
戶外露出,户外露出,剧情
户外露出,户外露出,剧情
不戴套性爱,无套,剧情
不戴套性愛,无套,剧情
無套,无套,剧情
無套內射,无套,剧情
父亲节,父亲节,剧情
出汗,出汗,剧情
汗だく,出汗,剧情
流汗,出汗,剧情
不伦,出轨,剧情
伦理,出轨,剧情
偷情,出轨,剧情
密会,出轨,剧情
出张,出差,剧情
出张キャバ嬢,出差,剧情
出游,出遊,剧情
占い,占卜,剧情
圣诞节,圣诞节,剧情
聖誕節,圣诞节,剧情
聖誕節特輯,圣诞节,剧情
不伦,外遇出轨,剧情
不伦,外遇出轨,剧情
不伦・浮気,外遇出轨,剧情
不伦/出轨,外遇出轨,剧情
不伦単体作品,外遇出轨,剧情
不倫,外遇出轨,剧情
不倫/出軌,外遇出轨,剧情
出轨,外遇出轨,剧情
出轨 已婚妇女,外遇出轨,剧情
出軌,外遇出轨,剧情
外遇,外遇出轨,剧情
白天出轨,外遇出轨,剧情
浮気,外遇出轨,剧情
通奸,外遇出轨,剧情
亂倫,外遇出轨,剧情
失业,失业,剧情
犯罪,犯罪,剧情
生气,生气,剧情
原作コラボ,电影翻拍,剧情
企画,企划,剧情
企画,企划,剧情
戏曲,企划,剧情
戏码,企划,剧情
戏剧,企划,剧情
戏剧,企划,剧情
综艺,企划,剧情
破廉耻,光天化日,剧情
后宫,后宫,剧情
後宮,后宫,剧情
イタズラ,后宫,剧情
ハーレム,后宫,剧情
ハーレム AV,后宫,剧情
滥交,多P群交,剧情
滥交,多P群交,剧情
幻想,妄想,剧情
幻想,妄想,剧情
妄想,妄想,剧情
妄想族,妄想,剧情
梦,妄想,剧情
スケベ,妄想,剧情
ファンタジー,妄想,剧情
宅配,宅配,剧情
早泄,早泄,剧情
早洩,早泄,剧情
早漏,早泄,剧情
约会,约会,剧情
约炮,约炮,剧情
约嫖,约炮,剧情
记实,纪录片,剧情
记实,纪录片,剧情
纪录,纪录片,剧情
纪录片,纪录片,剧情
実录/ドキュメンタリー,纪录片,剧情
紀錄片,纪录片,剧情
ドキュメンタリー,纪录片,剧情
舌,舌,剧情
色气,色情,剧情
色情,色情,剧情
色情,色情,剧情
色欲,色情,剧情
母女,乱伦,剧情
母子,乱伦,剧情
母子相奸,乱伦,剧情
母犬,乱伦,剧情
乱伦,乱伦,剧情
乱伦,乱伦,剧情
乱伦,乱伦,剧情
乱伦背德,乱伦,剧情
近亲,乱伦,剧情
近亲相奸,乱伦,剧情
近亲相奸,乱伦,剧情
近亲相姦,乱伦,剧情
近親相姦,乱伦,剧情
通姦,乱伦,剧情
体験,初次拍摄,剧情
体験告白,初次拍摄,剧情
初心,初次拍摄,剧情
初心 (うぶ) 系,初次拍摄,剧情
初犬,初次拍摄,剧情
初次无码,初次拍摄,剧情
初次拍摄,初次拍摄,剧情
初次拍攝,初次拍摄,剧情
初里,初次拍摄,剧情
初撮,初次拍摄,剧情
初撮り,初次拍摄,剧情
初AV,初次拍摄,剧情
初めて,初次拍摄,剧情
首次亮相,初次拍摄,剧情
首轮,初次拍摄,剧情
笔おろし,初次拍摄,剧情
新人,初次拍摄,剧情
デビュー作品,初次拍摄,剧情
呕吐,呕吐,剧情
局部特写,局部特写,剧情
局部特写,局部特写,剧情
局部特寫,局部特写,剧情
局部アップ,局部特写,剧情
子持ち,怀孕,剧情
孕妇,怀孕,剧情
孕婦,怀孕,剧情
孕ませ,怀孕,剧情
受孕,怀孕,剧情
受胎岛,怀孕,剧情
投稿,投稿,剧情
时间停止,时间停止,剧情
时间静止,时间停止,剧情
诈骗,诈骗,剧情
闷骚,闷骚,剧情
クスコ,阴道内影像,剧情
クスコ膣内见せ,阴道内影像,剧情
饮尿,饮尿,剧情
放尿,饮尿,剧情
异国,其他国家,剧情
异物挿入,其他种族,剧情
借金,其他剧情,剧情
借金,其他剧情,剧情
野餐,其他剧情,剧情
变态,变态,剧情
絶叫,呻吟,剧情
絶顶,呻吟,剧情
阵头,庙会,剧情
庙会,庙会,剧情
性知识,性知识,剧情
性爱摄影,性爱摄影,剧情
性骚,性骚扰,剧情
性骚扰,性骚扰,剧情
威胁性,性骚扰,剧情
轮奸,轮奸,剧情
轮奸,轮奸,剧情
轮奸中出し,轮奸,剧情
轮姦,轮奸,剧情
轮姦中出し,轮奸,剧情
轮姦内射,轮奸,剧情
輪姦,轮奸,剧情
运动,运动,剧情
运动,运动,剧情
娇喘,娇喘,剧情
引诱,挑逗,剧情
狂野,疯狂性爱,剧情
狂野,疯狂性爱,剧情
狂野奔放,疯狂性爱,剧情
マニア,疯狂性爱,剧情
マニアックコスプレ,疯狂性爱,剧情
科幻,科幻,剧情
按摩,美容院、按摩,剧情
按摩乳液,美容院、按摩,剧情
美容,美容院、按摩,剧情
美容师,美容院、按摩,剧情
美容按摩,美容院、按摩,剧情
美容院,美容院、按摩,剧情
酒店服务,美容院、按摩,剧情
エステ,美容院、按摩,剧情
エステ,美容院、按摩,剧情
エステ・マッサージ,美容院、按摩,剧情
マッサージ,美容院、按摩,剧情
讨厌/重口味系统,重口味,剧情
重口,重口味,剧情
重口味,重口味,剧情
重口味系,重口味,剧情
重口味系姐姐/姐妹简体中文,重口味,剧情
面接,面试,剧情
インタビュー映像,面试,剧情
戏剧,剧情,剧情
复数话,剧情,剧情
剧情,剧情,剧情
剧集,剧情,剧情
害羞,害羞,剧情
射击,射击,剧情
フェチ,恋物屁,剧情
尻フェチ,恋物癖,剧情
足フェチ,恋物癖,剧情
恋屁习惯,恋物癖,剧情
恋屁癖,恋物癖,剧情
恋足癖,恋物癖,剧情
恋乳癖,恋物癖,剧情
恋物癖,恋物癖,剧情
恋腿,恋物癖,剧情
恋腿癖,恋物癖,剧情
脚打枪,恋物癖,剧情
脚フェチ,恋物癖,剧情
出会い系,恋爱,剧情
恋爱,恋爱,剧情
戀愛,恋爱,剧情
デート,恋爱,剧情
恐怖,恐怖,剧情
恶作剧,恶作剧,剧情
恶作剧,恶作剧,剧情
恶作剧,恶作剧,剧情
惡作劇,恶作剧,剧情
旅,旅行,剧情
旅行,旅行,剧情
旅行,旅行,剧情
格斗,格斗,剧情
動作/格鬥,格斗,剧情
アクション・格闘,格斗,剧情
残忍画面,残忍,剧情
鬼畜,残忍,剧情
鬼畜,残忍,剧情
鬼畜系,残忍,剧情
精油,涂油,剧情
企划,特别企划,剧情
企划,特别企划,剧情
企画,特别企划,剧情
企画,特别企划,剧情
企画会议,特别企划,剧情
企画物,特别企划,剧情
企劃,特别企划,剧情
节目,特别企划,剧情
服装秀,特别企划,剧情
真实,真实,剧情
真實,真实,剧情
秘密,秘密,剧情
业余,素人,剧情
业余地面商品,素人,剧情
业馀,素人,剧情
业馀 巨乳,素人,剧情
业馀 苗条,素人,剧情
业馀.巨乳.独家.精液沐浴.乳交.猎艳,素人,剧情
艳遇,艳遇,剧情
彻底凌辱视频,调教凌辱,剧情
彻底陵辱,调教凌辱,剧情
彻底陵辱ビデオ,调教凌辱,剧情
折磨,调教凌辱,剧情
束缚,调教凌辱,剧情
束縛,调教凌辱,剧情
拘束,调教凌辱,剧情
拘束・拘束具,调教凌辱,剧情
拘束电マ,调教凌辱,剧情
拘束具,调教凌辱,剧情
玩具刑,调教凌辱,剧情
虏ノ锁,调教凌辱,剧情
拷问,调教凌辱,剧情
拷问,调教凌辱,剧情
绑缚,调教凌辱,剧情
凌辱,调教凌辱,剧情
凌辱,调教凌辱,剧情
捆绑,调教凌辱,剧情
捆绑.国产,调教凌辱,剧情
监控,调教凌辱,剧情
监禁,调教凌辱,剧情
监禁,调教凌辱,剧情
紧缚,调教凌辱,剧情
耻なら,调教凌辱,剧情
调教,调教凌辱,剧情
调教/奴隶,调教凌辱,剧情
辱め,调教凌辱,剧情
绳缚,调教凌辱,剧情
绳缚/束缚,调教凌辱,剧情
羞恥,调教凌辱,剧情
羞耻,调教凌辱,剧情
羞耻プレイ,调教凌辱,剧情
羞辱,调教凌辱,剧情
惩罚指导,调教凌辱,剧情
缚り,调教凌辱,剧情
缚り・紧缚,调教凌辱,剧情
監禁,调教凌辱,剧情
撮りおろし彻底陵辱ビデオ,调教凌辱,剧情
縄,调教凌辱,剧情
調教,调教凌辱,剧情
調教,调教凌辱,剧情
調教/奴隸,调教凌辱,剧情
身体意识,迷奸,剧情
身體意識,迷奸,剧情
迷奸,迷奸,剧情
倒追,逆奸,剧情
逆ナン,逆奸,剧情
逆レイプ,逆奸,剧情
榨干,逆奸,剧情
裙底,偷拍,剧情
走光,偷窥偷拍,剧情
偷拍,偷窥偷拍,剧情
偷窥,偷窥偷拍,剧情
偷窥,偷窥偷拍,剧情
偷窥窥视,偷窥偷拍,剧情
偷窺窺視,偷窥偷拍,剧情
盗摄,偷窥偷拍,剧情
盗撮,偷窥偷拍,剧情
盗撮・のぞき,偷窥偷拍,剧情
シャワー,偷窥偷拍,剧情
シャワー・入浴映像,偷窥偷拍,剧情
のぞき,偷窥偷拍,剧情
七夕,情人节,剧情
探花,探花,剧情
敏感,敏感,剧情
教学,教师,剧情
教師節,教师,剧情
欲求不満,淫女,剧情
淫荡女,淫女,剧情
淫语,淫语,剧情
淫语,淫语,剧情
淫语 第一人称 简体中文,淫语,剧情
淫语责め,淫语,剧情
淫荡语,淫语,剧情
淫語,淫语,剧情
魅语,淫语,剧情
肉欲,淫荡淫乱,剧情
色,淫荡淫乱,剧情
性药,淫荡淫乱,剧情
性欲强,淫荡淫乱,剧情
欲火,淫荡淫乱,剧情
欲火焚身,淫荡淫乱,剧情
淫乱,淫荡淫乱,剧情
淫乱,淫荡淫乱,剧情
淫乱・ハード系,淫荡淫乱,剧情
淫乱、真实,淫荡淫乱,剧情
淫乱、真实,淫荡淫乱,剧情
淫乱/重口味系,淫荡淫乱,剧情
淫乱系,淫荡淫乱,剧情
淫乱简体中文,淫荡淫乱,剧情
淫妖虫,淫荡淫乱,剧情
淫妻,淫荡淫乱,剧情
淫语,淫荡淫乱,剧情
淫荡,淫荡淫乱,剧情
淫荡,淫荡淫乱,剧情
淫荡,淫荡淫乱,剧情
淫亂,淫荡淫乱,剧情
淫亂/重口味系,淫荡淫乱,剧情
淫蕩,淫荡淫乱,剧情
超★痴女メイド,淫荡淫乱,剧情
エロ,淫荡淫乱,剧情
お色気,淫荡淫乱,剧情
ハード系,淫荡淫乱,剧情
戲劇,综艺,剧情
ドラマ,综艺,剧情
ドラマ・ストーリー,综艺,剧情
野外,野外露出,剧情
野外・露出,野外露出,剧情
野外露出,野外露出,剧情
露,野外露出,剧情
露天,野外露出,剧情
露出,野外露出,剧情
骑马,骑马,剧情
骑车,骑车,剧情
骑单车,骑单车,剧情
泥酔,喝醉,剧情
泥酔,喝醉,剧情
泥酔妹,喝醉,剧情
烂醉如泥的,喝醉,剧情
酒,喝醉,剧情
酒后,喝醉,剧情
喝醉,喝醉,剧情
醉酒,喝醉,剧情
爛醉如泥的,喝醉,剧情
お酒,喝醉,剧情
媚药,媚药,剧情
媚药,媚药,剧情
媚薬,媚药,剧情
ドラッグ,媚药,剧情
生奸,强奸,剧情
生奸・ゴム无し,强奸,剧情
生姦,强奸,剧情
生姦,强奸,剧情
生姦・ゴム无し,强奸,剧情
生ハメ,强奸,剧情
生ハメ・生奸,强奸,剧情
生ハメ・生姦,强奸,剧情
青姦,强奸,剧情
強姦,强奸,剧情
粗暴,强奸,剧情
强奸,强奸,剧情
强奸,强奸,剧情
强奸,强奸,剧情
强姦,强奸,剧情
强暴,强奸,剧情
暴力,强奸,剧情
ぶっかけ・轮姦,强奸,剧情
強制,强制性交,剧情
强制,强制性交,剧情
强制口交,强制性交,剧情
强迫,强制性交,剧情
散歩,散步,剧情
棒球,棒球,剧情
竞泳,游泳比赛,剧情
竞泳,游泳比赛,剧情
竞泳・スクール,游泳比赛,剧情
卑猥,猥亵,剧情
童贞,童贞,剧情
童真,童贞,剧情
解说,释放压力,剧情
ストレス,释放压力,剧情
ストレス発散,释放压力,剧情
隐形人,隐形人,剧情
黑人,黑人男优,剧情
黑人男优,黑人男优,剧情
黑人演员,黑人男优,剧情
黑人演員,黑人男优,剧情
内幕,黑料,剧情
黑料,黑料,剧情
洗脑,催眠,剧情
洗脳,催眠,剧情
催眠,催眠,剧情
催眠・洗脳,催眠,剧情
催眠/洗脑,催眠,剧情
催眠☆学园,催眠,剧情
催眠术ZERO,催眠,剧情
催眠クラス,催眠,剧情
嫉妬,嫉妒,剧情
再会,寝取/绿帽,剧情
绿奴,寝取/绿帽,剧情
绿帽,寝取/绿帽,剧情
绿帽,寝取/绿帽,剧情
寝取,寝取/绿帽,剧情
寝取,寝取/绿帽,剧情
寝取.戴绿帽.业馀.独家推荐.巨乳,寝取/绿帽,剧情
寝取/戴绿帽,寝取/绿帽,剧情
寝取られ,寝取/绿帽,剧情
寝取られファイター ヤリっちんぐ,寝取/绿帽,剧情
寝取り,寝取/绿帽,剧情
寝取り・寝取られ,寝取/绿帽,剧情
寢取,寝取/绿帽,剧情
寢取/戴綠帽,寝取/绿帽,剧情
戴绿帽,寝取/绿帽,剧情
戴綠帽,寝取/绿帽,剧情
NT,寝取/绿帽,剧情
NTR,寝取/绿帽,剧情
ntr,寝取/绿帽,剧情
NTR,寝取/绿帽,剧情
NTR 人妻 体内射精 单体作品 不伦 女上位,寝取/绿帽,剧情
NTR 人妻 简体中文 单体作品 戏剧 熟女 巨乳,寝取/绿帽,剧情
自宅访问,感谢祭,剧情
访问,感谢祭,剧情
粉丝感谢,感谢祭,剧情
粉丝感谢/访问,感谢祭,剧情
粉絲感謝/訪問,感谢祭,剧情
感谢访问,感谢祭,剧情
ファン感谢・访问,感谢祭,剧情
BDSM,BDSM,剧情
ナンパ,搭讪猎艳,剧情
ナンパ,搭讪猎艳,剧情
ンパ,搭讪猎艳,剧情
猎艳,搭讪猎艳,剧情
獵豔,搭讪猎艳,剧情
花痴,痴女,剧情
荡妇,痴女,剧情
痴女,痴女,剧情
痴女,痴女,剧情
痴女 姐姐,痴女,剧情
痴女・淫乱,痴女,剧情
痴女上司,痴女,剧情
痴汉,痴汉,剧情
痴汉电车,痴汉,剧情
痴态,痴汉,剧情
痴漢,痴汉,剧情
P·4P,群交,剧情
触手,触手,剧情
歌唱,歌唱,剧情
小便,漏尿,剧情
放尿失禁,漏尿,剧情
漏尿,漏尿,剧情
お漏らし,漏尿,剧情
演艺圈,演艺圈,剧情
吞精,精饮,剧情
妊娠,精饮,剧情
精饮,精饮,剧情
精液沐浴,精饮,剧情
精液沐浴,精饮,剧情
精液沐浴 口爆,精饮,剧情
精液浴,精饮,剧情
精飲,精饮,剧情
腿控,腿控,剧情
舞技,舞技,剧情
跳舞,舞蹈,剧情
舞蹈,舞蹈,剧情
舞蹈,舞蹈,剧情
ダンス,舞蹈,剧情
勾人,誘人,剧情
勾魂,誘人,剧情
尺度,誘人,剧情
发春,誘人,剧情
好色,誘人,剧情
赛车,赛车,剧情
魅惑,魅惑,剧情
魔性,魅惑,剧情
激情,激情,剧情
激情,激情,剧情
激しい,激情,剧情
人体艺术,藝術,剧情
才艺,藝術,剧情
艺术,藝術,剧情
艺术照,藝術,剧情
浣肠,灌肠,剧情
日版魔鏡號,魔镜号,剧情
SM调教,BDSM,剧情
SM,BDSM,剧情
sm,BDSM,剧情
诈骗,诈骗,剧情
飞机,飞机,地点
书店,书店,地点
公车,公车巴士,地点
公交,公车巴士,地点
バス,公车巴士,地点
バスガイド,公车巴士,地点
公司,公司,地点
会社,公司,地点
会社,公司,地点
公园,公园,地点
公园,公园,地点
マンション,公寓,地点
レジデンス,公寓,地点
玄関,公寓,地点
办公司,办公室,地点
办公室,办公室,地点
办公室,办公室,地点
オフィス,办公室,地点
事务所,办公室,地点
月光,户外野外,地点
月亮,户外野外,地点
冰山,户外野外,地点
夜空,户外野外,地点
岩石,户外野外,地点
河滨公园,户外野外,地点
草地,户外野外,地点
草原,户外野外,地点
高山,户外野外,地点
部落,户外野外,地点
户外,户外野外,地点
日式房间,日式房间,地点
和室,日式房间,地点
畳,日式房间,地点
高铁,火車,地点
车站,火車,地点
车,车内,地点
车内,车内,地点
汽车,车内,地点
汽车,车内,地点
幼稚园,幼稚园,地点
动车,电车,地点
満淫电车,电车,地点
エレベーター,电梯,地点
农场,农场,地点
地下室,地下室,地点
机车,机车,地点
百货公司,百货公司,地点
衣橱,衣橱,地点
西门町,西门町,地点
布団,观光景点,地点
名古屋,观光景点,地点
池袋,观光景点,地点
秋葉原,观光景点,地点
新宿,观光景点,地点
医院,医院,地点
病院,医院,地点
药局,医院,地点
寿司,寿司店,地点
床上,床上,地点
ベッド,床上,地点
更衣室,更衣室,地点
开房,汽车旅馆,地点
汽车旅馆,汽车旅馆,地点
宾馆,汽车旅馆,地点
民宿,汽车旅馆,地点
ソファ,沙发,地点
ソファーの上でのマッサージ,沙发,地点
宾士,車上,地点
阳台,阳台,地点
阳台,阳台,地点
トイレ,厕所,地点
图书馆,图书馆,地点
夜市,夜市,地点
夜店,夜店,地点
泳池,泳池,地点
泳池,泳池,地点
游泳,泳池,地点
游泳,泳池,地点
游泳/学校泳装,泳池,地点
游泳学校,泳池,地点
世大运,运动场,地点
比赛,运动场,地点
打网球,运动场,地点
打篮球,运动场,地点
球场上,运动场,地点
棒球场,运动场,地点
保龄球馆,运动场,地点
便利店,便利店,地点
便利商店,便利店,地点
コンビニ,便利店,地点
补习班,室內,地点
柜台,柜台,地点
洗衣店,洗衣店,地点
自宅,家中室内,地点
自宅,家中室内,地点
室内,家中室内,地点
家,家中室内,地点
家庭,家中室内,地点
家庭,家中室内,地点
部屋,家中室内,地点
部屋,家中室内,地点
宜家,家具店,地点
居家,家裏,地点
房子,家裏,地点
房间,家裏,地点
旅馆,旅馆,地点
旅馆,旅馆,地点
学园,校园,地点
学园もの,校园,地点
学校,校园,地点
学校,校园,地点
学校的东西,校园,地点
校园,校园,地点
校园,校园,地点
校园行,校园,地点
學校,校园,地点
學校的東西,校园,地点
スクール,校园,地点
研究所,校園,地点
风吕场,浴室,地点
入浴,浴室,地点
风吕,浴室,地点
洗澡,浴室,地点
洗澡间,浴室,地点
浴池,浴室,地点
浴室,浴室,地点
浴室,浴室,地点
浴缸,浴室,地点
お风吕,浴室,地点
海洋,海上,地点
沙滩排球,海灘,地点
海水浴场,海灘,地点
酒店,酒店,地点
酒店,酒店,地点
ホテル,酒店,地点
密室,密室,地点
密室,密室,地点
小教室,教室,地点
教室,教室,地点
教室,教室,地点
雪地,雪地,地点
厨房,厨房,地点
キッチン,厨房,地点
椅子,椅子,地点
温泉,温泉,地点
溫泉,温泉,地点
游艇,游艇,地点
溜冰场,溜冰场,地点
落地窗,落地窗,地点
演唱会,演唱会,地点
舞台,演唱会,地点
豪车,赛车,地点
赛车场,赛车,地点
扶梯,樓梯,地点
火锅店,餐厅,地点
餐厅,餐厅,地点
中东,中东,国家地区
香港,中国,国家地区
乌石港,台灣,国家地区
白沙湾,台灣,国家地区
大陆,中国,国家地区
中国人,中国,国家地区
东京,中国,国家地区
东海,中国,国家地区
北山,中国,国家地区
对岸,中国,国家地区
本土,中国,国家地区
国产,中国,国家地区
国产视频,中国,国家地区
国产剧情,中国,国家地区
国产av,中国,国家地区
国产MV,中国,国家地区
河北,中国,国家地区
香港,中国,国家地区
海南,中国,国家地区
91网红,中国,国家地区
91制片厂,中国,国家地区
日本,日本,国家地区
日本无码,日本,国家地区
日本男児VS,日本,国家地区
日韩,日韩,国家地区
菲亚,东南亚,国家地区
菲律宾,东南亚,国家地区
大马,东南亚,国家地区
中华民国,台湾,国家地区
台北,台湾,国家地区
台南,台湾,国家地区
台捷,台湾,国家地区
台湾,台湾,国家地区
台湾,台湾,国家地区
台湾人,台湾,国家地区
台越,台湾,国家地区
台韩,台湾,国家地区
台裔,台湾,国家地区
台德,台湾,国家地区
台澳,台湾,国家地区
台灣,台湾,国家地区
巨蛋,台湾,国家地区
宜兰,台湾,国家地区
罗东,台湾,国家地区
南港,台湾,国家地区
南湾,台湾,国家地区
桃园市,台湾,国家地区
爱河,台湾,国家地区
礁溪,台湾,国家地区
龟山岛,台湾,国家地区
绿岛,台湾,国家地区
亚洲,亚洲,国家地区
亚洲,亚洲,国家地区
亚洲女演员,亚洲,国家地区
华裔,亚洲,国家地区
泰国,亚洲,国家地区
泰国,亚洲,国家地区
越南,亚洲,国家地区
越南,亚洲,国家地区
アジア,亚洲,国家地区
希腊,欧美,国家地区
外国人,欧美,国家地区
欧美,欧美,国家地区
欧美,欧美,国家地区
波兰,欧美,国家地区
歐美,欧美,国家地区
アジア女优,欧美,国家地区
アメリカ,欧美,国家地区
アメリカ,欧美,国家地区
ウクライナ,欧美,国家地区
オランダ,欧美,国家地区
スウェーデン,欧美,国家地区
ドイツ,欧美,国家地区
ハンガリー,欧美,国家地区
ベラルーシ,欧美,国家地区
ベルギー,欧美,国家地区
ロシア,欧美,国家地区
阿拉巴马,欧美,国家地区
美国,欧美,国家地区
德国,欧美,国家地区
加勒比海,欧美,国家地区
欧洲,欧美,国家地区
捷克,欧美,国家地区
荷兰,欧美,国家地区
澳洲,欧美,国家地区
肯亚,非洲,国家地区
雨果,非洲,国家地区
俄罗斯,俄罗斯,国家地区
北韩,韩国,国家地区
韩国,韩国,国家地区
韩国,韩国,国家地区
日本,日本,国家地区
无码,无码,马赛克
无码,无码,马赛克
无码 欧美,无码,马赛克
无码，国产，剧情，绿帽,无码,马赛克
无码中字,无码,马赛克
无码流出,无码,马赛克
无码高清,无码,马赛克
完全无码,无码,马赛克
完全无修正,无码,马赛克
流出,无码,马赛克
特選無碼,无码,马赛克
破坏,无码,马赛克
破壞版,无码,马赛克
高甭无码,无码,马赛克
高清无码,无码,马赛克
無修正,无码,马赛克
無碼,无码,马赛克
有码,有码,马赛克
有碼,有码,马赛克
修正あり,有码,马赛克
数位马赛克,有码,马赛克
数位马赛克,有码,马赛克
數位馬賽克,有码,马赛克
モザイク有り,有码,马赛克
薄马赛克,薄码,马赛克
薄马赛克高,薄码,马赛克
薄码,薄码,马赛克
薄馬賽克,薄码,马赛克
薄碼,薄码,马赛克
ギリモザ,薄码,马赛克
セール商品,薄码,马赛克
セール商品A,薄码,马赛克
セット商品,薄码,马赛克
セル仕様,薄码,马赛克
主观,主观视角,拍摄手法
主观性,主观视角,拍摄手法
主观视角,主观视角,拍摄手法
主観,主观视角,拍摄手法
主觀視角,主观视角,拍摄手法
男友視角,主观视角,拍摄手法
拍摄角度,主观视角,拍摄手法
视角,主观视角,拍摄手法
第一人称,主观视角,拍摄手法
第一人称摄影,主观视角,拍摄手法
第一人称摄影,主观视角,拍摄手法
第一人稱,主观视角,拍摄手法
第一个人,主观视角,拍摄手法
第一视角,主观视角,拍摄手法
攝像紀錄,主观视角,拍摄手法
ハメ撮り,主观视角,拍摄手法
寫真影片,写真影片,拍摄手法
个人摄影,自拍,拍摄手法
自拍,自拍,拍摄手法
自撮,自拍,拍摄手法
性爱摄影,自拍,拍摄手法
性愛攝影,自拍,拍摄手法
摄影,自拍,拍摄手法
摄影,自拍,拍摄手法
新人,初次拍摄,拍摄手法
新手,初次拍摄,拍摄手法
微电影,微电影,拍摄手法
微剧,微电影,拍摄手法
影片,撮影,拍摄手法
撮影,撮影,拍摄手法
撮りおろし,撮影,拍摄手法
中文,中文字幕,字幕语音
中文字,中文字幕,字幕语音
中文字幕,中文字幕,字幕语音
中文字幕,中文字幕,字幕语音
中文字幕,中文字幕,字幕语音
中文字幕.苗条,中文字幕,字幕语音
中字,中文字幕,字幕语音
文字幕,中文字幕,字幕语音
字幕,中文字幕,字幕语音
国语,中文字幕,字幕语音
国语中字,中文字幕,字幕语音
简体中文,中文字幕,字幕语音
简体中文,中文字幕,字幕语音
簡體中文,中文字幕,字幕语音
中文片,国语对白,字幕语音
中文对白,国语对白,字幕语音
中文对话,国语对白,字幕语音
中文语音,国语对白,字幕语音
国语对白,国语对白,字幕语音
普通话,国语对白,字幕语音
英文对话,英文对话,字幕语音
英文字幕,英文字幕,字幕语音
英语,英文字幕,字幕语音
直播,主播短片,作品类型
直播,主播短片,作品类型
写真集,写真集,作品类型
写真照,写真集,作品类型
生活照,写真集,作品类型
床照,写真集,作品类型
图片,写真集,作品类型
图集,写真集,作品类型
图鉴,写真集,作品类型
性感照,写真集,作品类型
拍片,写真集,作品类型
泳照,写真集,作品类型
泳照,写真集,作品类型
美照,写真集,作品类型
诱惑写真,写真集,作品类型
艳照,写真集,作品类型
照片,写真集,作品类型
大尺度写真,写真影片,作品类型
大尺度寫真,写真影片,作品类型
写真,写真影片,作品类型
写真影片,写真影片,作品类型
写真撮影,写真影片,作品类型
オムニバス,汇总,作品类型
回忆录,纪录片,作品类型
纪录,纪录片,作品类型
周刊,周刊,作品类型
周报,周刊,作品类型
新闻,新聞報導,作品类型
新闻报导,新聞報導,作品类型
实况,實況直播,作品类型
录影,實況直播,作品类型
漫画,漫畫,作品类型
f2c,FC2视频,作品类型
FC2,FC2视频,作品类型
fc2,FC2视频,作品类型
动漫,H动画,作品类型
3D,H动画,作品类型
动画,H动画,作品类型
动漫,H动画,作品类型
成人卡通,H动画,作品类型
成人电影,H动画,作品类型
成人动画,H动画,作品类型
成人动漫,H动画,作品类型
成人動畫,H动画,作品类型
里番,H动画,作品类型
H动画,H动画,作品类型
H动画,H动画,作品类型
H動畫,H动画,作品类型
ゲーム,H动画,作品类型
ゲーム実写版,H动画,作品类型
16小时以上,4时间以上作品,其他
16小時以上,4时间以上作品,其他
16时间以上作品,4时间以上作品,其他
4小时以上,4时间以上作品,其他
4小时以上作品,4时间以上作品,其他
4小时以上作品,4时间以上作品,其他
4小時以上,4时间以上作品,其他
4时间以上作品,4时间以上作品,其他
四小时以上,4时间以上作品,其他
企画 4小时以上作品,4时间以上作品,其他
長時間作品,4时间以上作品,其他
三级,三级片,其他
三级片,三级片,其他
四级,三级片,其他
女性向,女性向,其他
女性向け,女性向,其他
给女性观众,女性向,其他
不要看,不要看,其他
本土,中国,其他
本周推荐女优,本周推荐女优,其他
本周推荐女优☆,本周推荐女优,其他
本周精选女优_02,本周推荐女优,其他
本周精选女优_03,本周推荐女优,其他
本周精选女优_05,本周推荐女优,其他
本周精选女优_08,本周推荐女优,其他
本周精选女优_10,本周推荐女优,其他
本周精选女优_12,本周推荐女优,其他
本周精选女优_52,本周推荐女优,其他
本周精选女优_55,本周推荐女优,其他
本週推荐,本周推荐女优,其他
本週推荐女优,本周推荐女优,其他
本週精選女優,本周推荐女优,其他
本週精選女優_36,本周推荐女优,其他
本週精選女優_49,本周推荐女优,其他
昼间,白天,其他
昼间,白天,其他
色白,皮肤白皙,其他
交,交,其他
会员专享,会员独家,其他
同性恋,同性恋,其他
ゲイ,同性恋,其他
多个故事,多个故事,其他
多片合輯,多个故事,其他
奸染,奸淫特急,其他
奸淫特急,奸淫特急,其他
当地特效,当地特效,其他
玩偶姐姐,网红艺人,其他
目线,盯着,其他
引退作品,其他,其他
东京热,其他,其他
动作,其他,其他
动作,其他,其他
克制,其他,其他
时尚风,其他,其他
侄儿,其他,其他
其他,其他,其他
味系,其他,其他
国外进口,其他,其他
奔放,其他,其他
東京熱,其他,其他
经典,其他,其他
经典,其他,其他
洋ピン・海外输入,其他,其他
超VIP,其他,其他
禁片,其他,其他
禁酒令,其他,其他
JVID,其他,其他
MM独家,其他,其他
OPEN 2018 企画部门,其他,其他
カテゴリ,其他,其他
バランスボール,其他,其他
单件,单体作品,其他
单体,单体作品,其他
单体作品,单体作品,其他
单体作品,单体作品,其他
单体作品 戏剧,单体作品,其他
单体作品第一人称,单体作品,其他
单独,单体作品,其他
単体作,单体作品,其他
単体作品,单体作品,其他
單體作品,单体作品,其他
單體作品,单体作品,其他
單體作品 精液沐浴 痴女 美乳 口交 美少女 巨乳,单体作品,其他
客制光碟,独家推荐,其他
独家,独家推荐,其他
独家,独家推荐,其他
独家 运动 恋屁癖 体内射精 潮吹 业馀 苗条 巨乳,独家推荐,其他
独家 第一人称,独家推荐,其他
独家资源,独家推荐,其他
独家推荐,独家推荐,其他
独家推荐美乳,独家推荐,其他
配信専用,独家推荐,其他
配信専用,独家推荐,其他
精选独家,独家推荐,其他
DMM专属,独家推荐,其他
DMM独家,独家推荐,其他
DMM配信限定,独家推荐,其他
DMM獨家,独家推荐,其他
覆面男,面具男,其他
剧情,剧情,其他
原创,原创,其他
原创,原创,其他
原创合作,原创,其他
原作合作,原作合作,其他
原作改编,原作合作,其他
射击,射击,其他
性趣味,恋物癖,其他
性癖,恋物癖,其他
その他フェチ,恋物癖,其他
その他フェチ,恋物癖,其他
そらのいろ、みずのいろ,恋物癖,其他
精油,涂油,其他
半額対象,特价,其他
限时降价,特价,其他
限時降價,特价,其他
夏季,特价,其他
特価商品,特价,其他
特效,特价,其他
キャンペーン対象,特价,其他
团体,特别企划,其他
学校作品,特典推荐,其他
店长推荐作品,特典推荐,其他
独占动画,特典推荐,其他
独占配信,特典推荐,其他
独占レンタル,特典推荐,其他
独家推荐.颜射.美臀.苗条.业馀.猎艳.白虎,特典推荐,其他
编辑推荐,特典推荐,其他
獨家推荐,特典推荐,其他
獨家推薦,特典推荐,其他
VIP,特典推荐,其他
秘密,秘密,其他
业余,素人,其他
预告片,预告,其他
1080p,高画质,其他
4K动画,高画质,其他
60fps,高画质,其他
低画质,高画质,其他
画质,高画质,其他
画质,高画质,其他
美肌，高画质,高画质,其他
原始影片,高画质,其他
高画质,高画质,其他
高清,高画质,其他
高清画质,高画质,其他
高清薄码,高画质,其他
蓝光,高画质,其他
Blu-ray,高画质,其他
Blu-ray（ブルーレイ）,高画质,其他
DVDトースター,高画质,其他
DVDトースター,高画质,其他
ＨＤ,高画质,其他
HD,高画质,其他
HD画质,高画质,其他
HD高画质,高画质,其他
HDTV,高画质,其他
HDTV,高画质,其他
HDTV 中出,高画质,其他
ハイビジョン,高画质,其他
ハイビジョン(HD),高画质,其他
ブルーレイ,高画质,其他
ブルーレイ・ディスク,高画质,其他
情趣,情趣,其他
探花,探花,其他
おすすめ,推荐,其他
粗暴,粗暴,其他
女优ベスト・総集编,综合,其他
介绍影片,综合,其他
故事集,综合,其他
特典付き,综合,其他
特典付き・セット商品,综合,其他
特典商品,综合,其他
特典あり（AVベースボール）,综合,其他
综合,综合,其他
精選主題,综合,其他
精選獨家,综合,其他
総集编,综合,其他
総集编・オムニバス,综合,其他
イメージビデオ,综合,其他
イメージビデオ,综合,其他
オリジナル动画,综合,其他
オリジナル动画,综合,其他
オリジナル动画.无码,综合,其他
ベスト,综合,其他
ベスト・総集编,综合,其他
ベスト・総集编,综合,其他
ベスト、総集编,综合,其他
ベスト/オムニバス,综合,其他
媚薬 巨乳 潮吹 有码 偶像/艺人 单体作品,媚药,其他
椅子,椅子,其他
吃瓜,黑料事件,剧情
成都副区长,黑料事件,剧情
扬州女副局长,黑料事件,剧情
扬州副市长,黑料事件,剧情
网曝门,黑料事件,剧情
张津瑜,黑料事件,剧情
事件,黑料事件,剧情
事件门,黑料事件,剧情
黑客门,黑料事件,剧情
11月份精选女优,精华,其他
12月精选女优,精华,其他
2018精選,精华,其他
2022,精华,其他
女优精华合辑,精华,其他
合集,精华,其他
合集 4小时以上,精华,其他
合辑,精华,其他
合辑,精华,其他
过年精选,精华,其他
深夜精选,精华,其他
聖誕節特輯,精华,其他
精华,精华,其他
精华·合集,精华,其他
精华合集,精华,其他
精华合辑,精华,其他
精品资源,精华,其他
精品資源,精华,其他
精选,精华,其他
精选、综合,精华,其他
精选女优,精华,其他
精选主题,精华,其他
精选主题_女女,精华,其他
精选温泉,精华,其他
精華,精华,其他
深夜精选,精选,其他
影片,撮影,其他
冻龄,颜值漂亮,其他
AV OPEN 2014 スーパーヘビー级,AV OPEN,其他
AV OPEN 2014 ヘビー级,AV OPEN,其他
AV OPEN 2014 ミドル级,AV OPEN,其他
AV OPEN 2015 乙女部门,AV OPEN,其他
AV OPEN 2015 女优部门,AV OPEN,其他
AV OPEN 2015 企画部门,AV OPEN,其他
AV OPEN 2015 熟女部门,AV OPEN,其他
AV OPEN 2015 SM/ハード部门,AV OPEN,其他
AV OPEN 2015 マニア/フェチ部门,AV OPEN,其他
AV OPEN 2016 乙女部门,AV OPEN,其他
AV OPEN 2016 人妻・熟女部门,AV OPEN,其他
AV OPEN 2016 女优部门,AV OPEN,其他
AV OPEN 2016 企画部门,AV OPEN,其他
AV OPEN 2016 素人部门,AV OPEN,其他
AV OPEN 2016 ドラマ・ドキュメンタリー部门,AV OPEN,其他
AV OPEN 2016 ハード部门,AV OPEN,其他
AV OPEN 2016 バラエティ部门,AV OPEN,其他
AV OPEN 2016 マニア・フェチ部门,AV OPEN,其他
AV OPEN 2017 乙女部门,AV OPEN,其他
AV OPEN 2017 人妻・熟女部门,AV OPEN,其他
AV OPEN 2017 企画部门,AV OPEN,其他
AV OPEN 2017 素人部门,AV OPEN,其他
AV OPEN 2017 ドキュメンタリー部门,AV OPEN,其他
AV OPEN 2017 ドラマ部门,AV OPEN,其他
AV OPEN 2017 ハード部门,AV OPEN,其他
AV OPEN 2017 フェチ部门,AV OPEN,其他
AV OPEN2017,AV OPEN,其他
AV OPEN中文字幕,AV OPEN,其他
AVOP全系列,AV OPEN,其他
AVOPEN 2017 企划部门,AV OPEN,其他
AVベースボール特典,AV OPEN,其他
サンプル动画,サンプル动画,其他
サンプル动画上映中,サンプル动画,其他