316,云溪溪-奶桃护士,云溪溪-奶桃护士,"云溪溪,奶桃",护理师
338,JPAV高清套图,JPAV高清套图,Jk,高画质
344,艳照门-张柏芝,艳照门-张柏芝,张柏芝,写真集
361,艳照门-陈思慧,艳照门-陈思慧,陈思慧,写真集
365,Shika小鹿鹿-旗袍,Shika小鹿鹿-旗袍,"小鹿鹿,Shika",旗袍
366,nice奈汐酱-白雪公主,nice奈汐酱-白雪公主,白雪,千金小姐
403,桃色看护师,桃色看护师,桃色,护理师
405,邻家小妹的SM,邻家小妹的SM,尚未分類,"BDSM,邻家女孩"
408,奈子の岛风少女,奈子の岛风少女,尚未分類,"少女,妹子"
416,短发清纯小美女-萌萌,短发清纯小美女-萌萌,萌萌,"清纯,美女"
419,孙乐乐（Son Ye-Eun）《卖场露出》,孙乐乐（Son Ye-Eun）《卖场露出》,"孙乐乐,Son Ye Eun",野外露出
428,诱人的巨乳莉娜保罗,诱人的巨乳莉娜保罗,莉娜保罗,"巨乳大奶,淫女"
439,过期米线-凡尔赛公主,过期米线-凡尔赛公主,凡尔赛,千金小姐
475,Nyako喵子 - 柴郡旗袍,Nyako喵子 - 柴郡旗袍,"柴郡,Nyako",旗袍
478,蠢沫沫-《尖耳国度》花精灵,蠢沫沫-《尖耳国度》花精灵,蠢沫沫,精灵
482,小幼齿喵 - 阿米娅,小幼齿喵 - 阿米娅,阿米娅,蘿莉
484,韩国极品健身模特Jena户外露出福利图,韩国极品健身模特Jena户外露出福利图,Jena,"户外露出,韩国,模特,野外露出,户外野外"
501,童颜巨乳,童颜巨乳,尚未分類,"巨乳大奶,萝莉,妹系"
512,风韵贵妇,风韵贵妇,尚未分類,丰满
521,奈汐酱-自拍本 女警,奈汐酱-自拍本 女警,奈汐酱,自拍
523,桜井宁宁-复古女仆,桜井宁宁-复古女仆,尚未分類,女仆
526,小幼齿喵 - 海军制服,小幼齿喵 - 海军制服,齿喵,"蘿莉,学生"
528,桜井宁宁 半乳制服概念,桜井宁宁 半乳制服概念,桜井宁宁,学生
530,抖娘利世 - 红肚兜,抖娘利世 - 红肚兜,尚未分類,开裆裤
546,网黄-峰不二子-桥上露出,网黄-峰不二子-桥上露出,峰不二子,野外露出
547,国民初恋女友-林莎,国民初恋女友-林莎,尚未分類,女朋友
550,乌克兰美女人体艺术,乌克兰美女人体艺术,尚未分類,"藝術,美女"
557,性感美少女蕾丝诱惑,性感美少女蕾丝诱惑,蕾丝,"挑逗,性感美女,美女,少女,妹子,丝袜"
588,乌克兰美女私房艺术照,乌克兰美女私房艺术照,乌克兰,"藝術,美女"
595,童颜巨乳美女私房照,童颜巨乳美女私房照,尚未分類,"巨乳大奶,萝莉,妹系,美女"
599,洛丽塔美女私房照,洛丽塔美女私房照,洛丽塔,"萝莉,妹系,美女"
618,JVID美女私处露出照片,JVID美女私处露出照片,JVID,"私处,其他,写真集,美女,野外露出"
620,JVID姐妹花露出照,JVID姐妹花露出照,JVID,"野外露出,姊姊,其他"
623,cosplay兔子精美女,cosplay兔子精美女,尚未分類,"美女,cos扮演"
2149,cosplay小兔子小姐姐私房照,cosplay小兔子小姐姐私房照,尚未分類,"姊姊,美女,cos扮演"
2491,jk美女生活照写真,jk美女生活照写真,Jk,"女生,写真集,美女,写真影片"
2494,绝美萝莉诱惑照,绝美萝莉诱惑照,尚未分類,"萝莉,妹系,挑逗"
2612,JVID多名女优全裸色图,女优,JVID,"AV女优,裸体,其他"
2620,日本JVID女优色图,日本,尚未分類,"AV女优,日本,其他"
2642,孟旖旎(孟狐狸),魅惑女神孟狐狸 毛衣吊带透视乖巧,"孟狐狸,孟旖旎","魅惑,毛衣,淫女,美女"
2647,顾欣怡(Sisi),御姐女神顾欣怡 黑丝睡衣高跟鞋,顾欣怡,"睡衣,御姐,丝袜,美女"
2649,夏美酱(xiameijiang),夏美酱- 2018Cos美图合辑一,Xiameijiang,精华
2651,黄歆苑(歆小兔),性感女神娇喘JC 摄人魂魄私房魅惑,小兔,"魅惑,娇喘,美女,性感美女"
2656,梓萱Crystal(Crystal),梓萱Crystal [TGOD推女神]高清写真图宜昌旅拍 第三刊 ~,"Crystal Crystal,梓萱",美女
2657,葛娜(程小烦),丽质模特小熊猫Panda 颜值身材气质无可挑剔,"程小烦,葛娜","颜值漂亮,仙女文青,身材好"
2663,于雯(于大小姐),御姐女神美瑜 比基尼与运动装,于雯,"运动,美女,千金小姐,体操服,御姐"
2664,SISY思(SISY),气质女神SISY思 袅袅气息撩人心扉,Sisy,"仙女文青,美女"
2665,王乔恩Abby(Abby),浑圆粉嫩曲佑熙 白色蕾丝浴缸湿身,"王乔恩,Abby","巨乳大奶,浴室,丝袜"
2667,Ann尤美(Yumi尤美),Yumi尤美迪拜之旅 纤腰一束玉腿轻分,"Ann Yumi,尤美",苗条
2678,叶小渼(叶佳颐),叶佳颐成熟风范 妩媚内衣销魂私房,"叶小渼,叶佳颐",只穿内衣
2679,沐子熙V(李婈绾),李婈绾 [TouTiao头条女神]高清写真图2016-12-17 东方万物,李婈绾,美女
2680,傲娇萌萌(mengmeng),周大萌的欲望星球 蝴蝶一般迷人,萌萌,傲娇女
2682,李思宁SiByl(SiByl),SiByl李思宁 [爱尤物]高清写真图VOL.381 暴力美学,"李思宁,Sibyl Sibyl",强奸
2683,慕羽茜(muyuqian),御姐女神慕羽茜 绝代佳人新生爱慕,"慕羽茜,Muyuqian","御姐,美女"
2684,陈嘉嘉(嘉嘉Tiffany),女神陈嘉嘉Tiffany 黑色蕾丝白色衬衫,陈嘉嘉,"丝袜,美女"
2685,陈蕾蕾(LalaBaby啦啦),颜值美女小蕾蕾 黄色长裙蓝色吊带,"陈蕾蕾,Lalababy","颜值漂亮,裙裝,美女"
2688,程彤颜(GINNNNNNN-),程彤颜 [TGOD推女神]高清写真图苏梅岛旅拍 第二刊,"程彤颜,Ginnnnnnn",美女
2689,李七喜(李李七七喜喜),性感女神李七喜 衬衫蕾丝撩人姿势,"李七喜,李李","丝袜,美女,性感美女"
2693,萌琪琪(Irene),尤果圈美人云 美人云集看点十足,萌琪琪,性感美女
2696,娜依灵儿(huxianlinger),娜依灵儿制服密钥 我的秘密只让你知道,"Huxianlinger,娜依灵儿",秘密
2700,绮梦Cherish(Cherish),软妹子绮梦Cherish 白色内衣贴身牛仔裤,绮梦,"只穿内衣,萝莉,妹系,牛仔裤"
2704,杨漫妮(baby),欧派美女杨漫妮 体态丰腴凹凸有致,杨漫妮,"巨乳大奶,身材好,美女"
2705,梁莹Sugar(李居利),性感美人梁莹Sugar 浴池湿身凝脂肌肤,"李居利,Sugar,梁莹","浴室,皮肤白皙,性感美女"
2706,陈怡曼(叶媚儿Amei),不惑御姐陈怡曼 为爱自燃的年纪,"叶媚儿,陈怡曼,Amei",御姐
2708,妮小妖(xiaoyao),国风美人妮小妖 水墨文字戏尤物,Xiaoyao,性感美女
2710,李宓儿(Tina),危险尤物李宓儿 携带着巨能性感,李宓儿,性感美女
2711,徐妍馨(Mandy),徐妍馨Mandy [TGOD推女神]高清写真图三亚旅拍 第二刊 ~,徐妍馨,美女
2712,杨上萱(xoxo),杨上萱 [TGOD推女神]高清写真图英伦空军制服 沙巴系列～,"杨上萱,Xoxo","美女,cos扮演"
2713,魏飞霞(穆菲菲),穆菲菲绿野仙踪 公主从沉睡中醒来,魏飞霞,千金小姐
2716,朱赢(Molly),春风十里不如你！,朱赢,"秘书,OL"
2717,陈雅漫(曼宝宝),模特陳雅漫VICKY 狂野情趣皮衣内衣,"陈雅漫,曼宝宝","只穿内衣,疯狂性爱,情趣"
2719,Nancy小姿(Nancy),nancy小姿-新春套图写真图集[XiuRen]高清写真图]高清写真图No.0096,Nancy Nancy,写真集
2725,谭晓彤(Elise),谭晓彤 [爱尤物]高清写真图VOL.401 惹火兔女郎,尚未分類,"美女,cos扮演"
2729,李镇姬(晓茜sunny),童颜女神晓茜sunny 乳此汹涌摧垮视觉防线,"李镇姬,Sunny,晓茜",美女
2731,李肖棠(Lee小棠),Lee小棠 [TGOD推女神]高清写真图私房写真图,"李肖棠,小棠",美女
2733,黄锦琳(琳琳ailin),性感娇娃小沫琳 白色深V小吊带,黄锦琳,性感美女
2734,伊小七(MoMo),萝莉美女伊小七 学生装短裙系列,伊小七,"学生服,学生,裙裝,萝莉,妹系,美女"
2735,沈蜜桃(shenmitao),[HuaYan]高清写真图 2019.12.29 VOL.071 沈蜜桃miko,"沈蜜桃,Shenmitao",翘臀美尻
2736,文雪(Cher),文雪女神复出纪念！遗珠重磅,"文雪,Cher",美女
2737,张允霏(张凯洁),台湾清纯美女果子MM张凯洁服饰图集,"张允霏,张凯洁","台湾,写真集,美女"
2738,朱若慕(Akiki),朱若慕 [TGOD推女神]高清写真图云曼旅拍 第五刊 ~,"朱若慕,Akiki",美女
2740,信悦儿(叶赫那拉信悦),信悦儿 [TouTiao头条女神]高清写真图2016-10-15 大蜜范儿,"信悦儿,叶赫那拉,信悦",美女
2741,希雅(xiya),希雅- [TouTiao头条女神]高清写真图 2017-02-16 36D女仆,"希雅,Xiya","女仆,美女"
2745,施忆佳(Ashley),清纯女神施忆佳KITTY 夏天沙滩亭亭玉立,施忆佳,美女
2748,娜露Selena(Selena),娜露的高温运动 今天是有氧运动,"Selena Selena,娜露",运动
2750,蒋小洁(Carol酱),Carol酱 [TASTE顽味生活]高清写真图2016.05.24 VOL.027,蒋小洁,"秘书,OL"
2751,香港小紫藤(Kristalivy),[CANDY糖果画报] 2016.12.21 VOL.005 模特合集,紫藤,中国
2752,大阳(阳阳),克拉女神大阳 《奶牛の牛奶浴》,"大阳,阳阳","巨乳大奶,美女"
2754,黄可(Christine),黄可- [TuiGirl推女郎]高清写真图 月刊影像 第66期,黄可,美女
2757,周营莹(周营营),周夕爱 [TouTiao头条女神]高清写真图2016-11-14 小红魔宝宝,周营莹,美女
2759,陆萱萱(萱萱Cecilia),拉丁恋人萱萱cecilia 热舞宣泄失败的爱情,Cecilia,女友
2760,思淇Sukiii(Sukiii),玲珑女神思淇Sukiii 独有气质与黑丝服饰,"Sukiii Sukiii,思淇","丝袜,仙女文青,美女"
2761,苏可可(苏可er),众美人争奇斗艳 傻傻分不清楚,"苏可可,苏可,Er",性感美女
2762,吴美昕(美昕),魅惑模特美昕Yumi 粉色的蕾丝睡裙,"吴美昕,美昕","魅惑,丝袜"
2763,麦苹果(Waiting),麦苹果 [TouTiao头条女神]高清写真图2016-10-19 等你回来,麦苹果,美女
2770,小九Vin,甜心公主小九Vin 令人愉悦的治愈风,小九,千金小姐
2773,Moa小姐,Moa小姐 [XIUREN秀人网]高清写真图2016.06.06 XR20160606N00535,Moa,美女
2775,陈怡(Rola Chen),陈怡-[Bomb.TV]高清写真图套图写真图集2008-08,"Rola Chen,陈怡","写真集,秘书,OL"
2778,佟蔓(dongman),气质模特佟蔓baby 白色蕾丝肉红内衣,"Dongman,佟蔓","丝袜,仙女文青,只穿内衣"
2779,王淼(淼淼萌萌哒),丽质女神淼淼萌萌哒 春寒赐浴华清池,"王淼,淼淼",美女
2780,Winki丝姬(7Seven),美女女神絲女郎 旗袍丝袜福利十足,"Winki Seven,丝姬","旗袍,丝袜,美女"
2782,樂樂Mango(Mango),韵味美人樂樂Mango 黑色丝袜修长美腿,Mango Mango,"丝袜,丰满,性感美女"
2784,空灵惑(Konglinghuo),空灵惑 [爱尤物]高清写真图VOL.407 特殊的房客服务Ⅱ,Konglinghuo,cos扮演
2785,E杯奶茶(ebeinaicha),奶茶- 最新大尺度私拍写真,Ebeinaicha,誘人
2787,梓安(梓安安baby),闻梓而来的梓安 慕斯美人甜美之旅,梓安,性感美女
2788,张优(Ayoyo),甜美模特张优ayoyo 娇小身材巨大魅惑,Ayoyo,"魅惑,身材好"
2790,瑞宝(ruibao),瑞宝儿 [TouTiao头条女神]高清写真图2016-09-19 猫女仆,"Ruibao,瑞宝","女仆,美女"
2791,韩雨菲(fannie),韩雨菲 极品家居黑丝美臀诱惑,"韩雨菲,Fannie",丝袜
2793,沈晓爱(shenxiaoai),小爱 [TouTiao头条女神]高清写真图2016-12-23 人间の绘画,"沈晓爱,Shenxiaoai",美女
2795,容容容Alice(Alice),广西美人容容容Alice 海量高清私房美图,Alice Alice,"巨乳大奶,性感美女"
2797,周维娜(VerNa),周维娜VerNa 性感美女淡雅脱俗私拍图片,周维娜,"写真集,美女,性感美女"
2799,木木hanna(Hanna),木木hanna曼妙多姿 透视纱衣性感比基尼,Hanna Hanna,性感美女
2801,SukkiQ可儿(SukkiQ),甜腻腻的Sukki可儿 奶油之味少女之气,Sukkiq Sukkiq,"少女,妹子"
2805,李玲(歪歪),童颜模特歪歪 运动的女神最性感,李玲,"运动,美女,性感美女"
2807,樊晨娟(赵琳儿),赵琳儿的玉环 美人如玉温润典雅,"赵琳儿,樊晨娟",性感美女
2808,程红晨(七姑娘Mimo),文艺女生七姑娘 少女与画儿为伴,"程红晨,Mimo","少女,妹子,女生,仙女文青"
2809,陈潇(Xiaoer),陈潇- Chinajoy最美女神私房定制写真,"Xiaoer,陈潇",美女
2811,石心琪(余心曼),性感模特俞夕梦 黑丝美腿暗藏韵味,"石心琪,余心曼","丝袜,丰满,性感美女"
2813,曼苏拉娜(Alyssa),[TouTiao头条女神]高清写真图 2019.05.12 曼苏拉娜 小时候的梦想是做一名空姐,曼苏拉娜,"空中小姐,美女"
2816,猫猫雪莉(maomaoxueli),凌雪 『克拉女神』二次元美少女,"Maomaoxueli,猫猫","少女,妹子,美女"
2817,关爱妮(暧妮),关暧妮 [TouTiao头条女神]高清写真图2016-09-04 人世天使,暧妮,"美女,cos扮演"
2818,邹晶晶(Rina),性感模特邹晶晶 葡萄牙足球宝贝,邹晶晶,"性感美女,cos扮演"
2820,苏夏(苏夏妞妞),苏夏妞妞 性感魅惑车模写真图美女壁纸,"妞妞,苏夏","模特,魅惑,美女,性感美女"
2821,汪佩妮(PENNY),汪佩妮Penny [TGOD推女神]高清写真图三亚旅拍 第二刊 ~,"汪佩妮,Penny",美女
2825,周予然(zhouyuran),周予然天然的给予 姣好的葫芦型身材,"周予然,Zhouyuran",身材好
2827,赵颖(zhaoying),赵颖的日系高中运动服 美胸细腰小女生的诱惑,"Zhaoying,赵颖","苗条,女生,体操服,运动"
2832,珍妮花(zhennihua),长腿美女珍妮花 女仆服饰妖娆体态,Zhennihua,"美腿,女仆,美女"
2833,凯竹Vision(萌尤星凯竹),[XiuRen]高清写真图 2022.03.29 No.4786 凯竹姐姐,"萌尤星,凯竹",姊姊
2835,沐若昕(muruoxin),沐若昕- [露水TV]高清写真图 气质内衣,"沐若昕,Muruoxin","仙女文青,只穿内衣"
2836,谭小雅(Panadol雅),[IMISS爱蜜社]高清写真图2016.12.08 VOL.143 模特合集,谭小雅,"秘书,OL"
2837,伍晓丽Shirley(Shirley Wu),Shirley- [尤果圈爱尤物] VOL.627 粉色的少女,"伍晓丽,Shirley Shirley Wu","少女,妹子"
2838,许灵鑫(亚鑫),亚鑫 [TouTiao头条女神]高清写真图2016-12-21 心有灵鑫,"许灵鑫,亚鑫",美女
2840,哈拿(hana),可爱少女哈拿 大嘴蛙与皮卡丘泳装,"哈拿,Hana","少女,妹子,泳装水着"
2843,陈雨涵,陈雨涵 [TGOD推女神]高清写真图独家旅拍（二）,陈雨涵,"独家推荐,美女"
2844,张梓然(zhangziran),张梓然- [TouTiao头条女神]高清写真图 2019-01-03 蓝色妖姬,"张梓然,Zhangziran",美女
2845,刘宝妮(Bunny),Bunny、Sora [爱尤物]高清写真图VOL.316 萌宠姐妹淘,"刘宝妮,Bunny",姊姊
2847,胡宴绮(Nancy),绮儿 [TouTiao头条女神]高清写真图2016-07-23 黑暗系巨乳小黑兔,胡宴绮,美女
2849,冯雨芝(芝芝),冯雨芝 极品御姐魅惑写真图,冯雨芝,"魅惑,御姐"
2850,Jenny佳妮(Jenny),女神佳妮Jenny 黑丝连体衣性感泳装,"Jenny Jenny,佳妮","泳装水着,丝袜,美女,性感美女"
2853,赵伊彤(Yitong Zhao),赵伊彤的性感牌 是否能招架得住,"赵伊彤,Yitong Zhao",性感美女
2855,高子琁(gege),高子琁格格 『克拉女神』 最新图集,高子琁(gege),"写真集,美女"
2858,曾水Raeka(Raeka),性感女神曾水果团首秀！,"Raeka Raeka,曾水","美女,性感美女"
2859,宛恩(Miyu),宛恩miyu-《沙巴旅拍》第一弹 [TGOD推女神]高清写真图,"宛恩,Miyu",美女
2861,杨子芯(子芯baby),尤果圈9月合辑 缤纷世界多情伤感,"杨子芯,子芯",精华
2862,于思琪(yusiqi),于思琪的椰子情歌 连身泳装少女气息,"于思琪,Yusiqi","少女,妹子,泳装水着,仙女文青"
2863,糖糖(tangtang),[TouTiao头条女神]高清写真图 2019.06.11 糖糖 不爱吃糖的糖糖,Tangtang,美女
2865,王曼妮(王曼妮兮),恬静女神王曼妮好Q 唯美旅拍魅妍写真,王曼妮,美女
2867,沈诺馨(Nicole),沈诺馨 [Ugirls尤果网]高清写真图第209期,沈诺馨,"秘书,OL"
2868,周琰琳(zhouyanlin),周琰琳LIN清纯粉裙高开叉 厨娘空姐演绎百变性感,"周琰琳,Zhouyanlin","廚師,空中小姐,性感美女"
2869,林蕾(KikiC婧),头条女神Kitty 泛太平洋泳装,"Kikic,林蕾","泳装水着,美女"
2870,梁芮溪(Beauty),梁芮溪 [TouTiao头条女神]高清写真图2016-12-09 芭拉小魔仙2,梁芮溪,美女
2871,Una尤娜,气质萝莉妹尤Una娜 红色内衣白色比基尼,尚未分類,"仙女文青,只穿内衣,萝莉,妹系"
2872,田芯娜(田熙玥),愉悦佳人田熙玥 别出心裁的美人鱼,"田芯娜,田熙玥",性感美女
2877,潇潇,青豆美女潇同学 粉色鱼鳞吊带,潇潇,"美女,同学"
2878,谭睿琪(Ailsa),谭睿琪大尺度再出击 浴缸花瓣浴奶油系列,"谭睿琪,Ailsa","誘人,浴室"
2879,芃芃(fanfan),芃芃 [TouTiao头条女神]高清写真图2016-08-12 薄纱私房睡衣,尚未分類,"情趣服装,睡衣,美女"
2880,姜雨宏Ava,姜雨宏-『克拉女神』 你好，我是您的新秘书,姜雨宏,"美女,秘书,OL"
2881,金美辛(Olwen),金美辛 内衣美腿诱惑,"金美辛,Olwen",只穿内衣
2882,邓雪(Sweet),邓雪sweet [TGOD推女神]高清写真图御水温泉旅拍 第三刊 ~,邓雪,美女
2884,星萌巫无(Momo),Momo毛毛 甜美气质柜姐私房美照,星萌,"仙女文青,写真集"
2886,李灿兮(灿兮),李灿兮- [尤果圈爱尤物]高清写真图 VOL.699 女神兮,李灿,美女
2888,一薰(yixun),琪琪 [TouTiao头条女神]高清写真图2016-08-06 异域萝莉,"Yixun,薰","萝莉,妹系,美女"
2890,安兮兮(若熙),若熙的感性若性感 性感从来不是强势,"安兮兮,若熙",性感美女
2891,紫棋(Life liive),乐园御姐美人紫棋 高挑身材丝袜诱惑,紫棋,"御姐,丝袜,身材好,性感美女"
2892,赵欢颜(Jessica),性感模特赵欢颜 黑色的情趣内衣,赵欢颜,"只穿内衣,情趣服装,情趣,性感美女"
2893,艾希Ice,艾希Ice [TGOD推女神]高清写真图清新汉服之艾希女神 ~,艾希Ice,美女
2895,王凌宇(Kino),王凌宇 [TouTiao头条女神]高清写真图2016-11-26 玉腿横呈,"王凌宇,Kino",美女
2896,李娅萦(Iris),[Ugirls尤果网]高清写真图合集之足球宝贝,李娅萦,cos扮演
2902,Suki(Callmesuki),Sukima 中国好胸私房照诱惑写真图,Suki Callmesuki,写真集
2903,霸气欣欣爷(Fuckjiba),霸气欣欣爷-妻子的诱惑+湿身写真图 [TGOD推女神]高清写真图,Fuckjiba,"已婚人妻,美女"
2904,张梓瑗(Elle),张梓瑗 [爱尤物]高清写真图小清新的性感,张梓瑗,性感美女
2905,蔡欣妮(Xinni Cai),克拉美人妮子 《静候佳音》,"蔡欣妮,Xinni Cai",性感美女
2906,凌兮涵(张小梦),头条女神小梦&维维 闺中蜜友,"张小梦,凌兮涵",美女
2908,张栩菲(ManGo),小卷卷老师浴情故纵 一次视觉爆裂的享受,"张栩菲,Mango",女教师
2911,白金金(Abby金金),克拉女神Abby 《十粒红葡萄》,白金金(Abby金金),美女
2912,苏梓玲(Zilin Su),苏梓玲的一线天 性感就是当仁不让,"苏梓玲,Zilin Su",性感美女
2913,小琪(desertrmb),前进小姐姐小热巴 粉色细腻的职业装,小琪,"姊姊,秘书,OL,各种职业"
2917,伊伊EvaBarbie(Eva Barbie),[TGOD推女神]高清写真图足球宝贝 六女神,Evabarbie Eva Barbie,"美女,cos扮演"
2919,桓彩云(桓淼淼),桓淼淼(桓若灵) 大尺度私房写真图,"桓彩云,桓淼淼",誘人
2920,草莓(caomei),草莓 [TouTiao头条女神]高清写真图2016-06-05 童颜巨乳小甜心,Caomei,美女
2921,彤彤(阿童木),彤彤 [TouTiao头条女神]高清写真图2016-07-11 湿身白百合,阿童木,美女
2922,岑苑之(岑雨桥),混血美人岑雨桥 时尚兼顾性感,"岑雨桥,岑苑之",性感美女
2923,兮媛(Miko),兮媛 [爱尤物]高清写真图VOL.250 天使美人胚,尚未分類,"cos扮演,性感美女"
2924,泡芙味儿的小kitty(Kitty),杏儿kitty [TouTiao头条女神]高清写真图2016-12-19 圣诞女郎,Kitty Kitty,美女
2926,陈嘉瑶(AYomiabe),陈嘉瑶AYomiabe [TGOD推女神]高清写真图三亚旅拍 第二刊 ~,"陈嘉瑶,Ayomiabe",美女
2928,Enjoy(enjoy),Enjoy [爱尤物]高清写真图VOL.353 对面的女孩你爱不爱,Enjoy(enjoy),"萝莉,妹系"
2929,刘丽娜(cn鱼丸),鱼丸 - [BoLoli波萝社新刊]高清写真图 BOL.38 真空睡衣喝奶,"刘丽娜,Cn",睡衣
2930,徐蕾(徐子睿Hana),美女主播Hana妹 美痣眉生凤冠辉,"徐子睿,徐蕾","主播/主持人,美女"
2932,朱韵淇(Vivi Julie),朱韵淇-西欧旅拍合辑,"朱韵淇,Vivi Julie",精华
2933,张晓雅(zhangxiaoya),小雅 [TouTiao头条女神]高清写真图2016-08-10 悦动蓝精灵,"张晓雅,Zhangxiaoya","精灵,美女"
2935,丁薇vivi(vivi),vivi [Ugirls尤果网]高清写真图第133期 艺术影像写真图,"Vivi Vivi,丁薇",藝術
2939,吴丹(吴丹模特),吴丹模特 性感私房写真图,吴丹,"模特,性感美女"
2941,林襄(瑞希),瑞希(林襄) 青春无敌好凶台妹,林襄,"巨乳大奶,青春"
2943,谭咏曦(妮娜),激似人气女优三上悠亚！「白皙甜心」谭咏曦胸器太过惊人,谭咏曦,"AV女优,巨乳大奶"
2947,梁允儿YUNER(Yuner Liang),艺校美女千叶 家居和服诱惑,"梁允儿,Yuner Yuner",美女
2948,杨珊珊(ShanShan Yang),姗姗就打奥特曼 灿烂无瑕的魅力,"杨珊珊,Shanshan Yang",颜值漂亮
2950,coco(flowers梵梵),COCO [TouTiao头条女神]高清写真图2016-06-21 丝袜特刊,梵梵,"丝袜,美女"
2953,克拉女神小西(Xi Xiao),红群女神小西 《舞会后续》的故事,"Xi Xiao,小西,克拉",美女
2955,许薇安(Vivi hsu),台湾正妹许薇安 教科书般的私房照,Vivi Hsu,"颜值漂亮,台湾"
2956,悦爷妖精(yueyeyaojing),真人芭比悦爷妖精 明眸皓齿百媚生,"Yueyeyaojing,悦爷",妖精
2957,汪洁滢(Pinky),汪洁滢- [51MODO女神美腿杂志]高清写真图 Vol.6 可爱女仆,汪洁滢,"女仆,美女"
2960,王沫儿(SaSa Wong),王沫儿SaSa抹胸系列 曼妙身姿独特魅力,"王沫儿,Sasa Wong",颜值漂亮
2962,G干干(ggangan),野性女神G干干 网格内衣丁字裤,Ggangan,"只穿内衣,美女"
2963,UU阿文(uuawen),UU阿文- [DKGirl御女郎]高清写真图 2017.01.23 VOL.009,"Uu Uuawen,阿文",美女
2966,陈大榕(Darong Chen),气质美女陈大榕 日本高松之行,"陈大榕,Darong Chen","日本,仙女文青,美女"
2967,美熙MiuMiu(MiuMiu),美熙完美暴力身材 撑起圆圆的皮卡丘,美熙,"强奸,身材好"
2968,解冀(解斯童),斯童 [TouTiao头条女神]高清写真图2016-08-25 白衣尤物,"解斯童,解冀","美女,白色内衣"
2969,朵比(dobby),朵比dobby- [BoLoli波萝社新刊]高清写真图 BOL.058 典藏合辑,"Dobby,朵比",精华
2970,颜瑜(Yuki),撩心御姐Yuki又又 那温柔的秀发,颜瑜,御姐
2971,桃子(Tao Zi),桃子的光诺之美 性感光泽难以赘述,桃子(Tao Zi),性感美女
2972,Vika,Vika- [MiiTao蜜桃社] 2016.12.29 VOL.044,Vika,翘臀美尻
2977,欧尼anne(Anne),欧尼anne- [DKGirl御女郎]高清写真图 2017.03.02 VOL.014,"Anne Anne,欧尼",美女
2984,才可儿(Caikeer),才可儿 [爱尤物]高清写真图VOL.514 俏厨娘II,Caikeer,廚師
2987,何娇娇(JiaoJiao He),何娇娇- [TouTiao头条女神]高清写真图 2017-03-07 粉黛娇娃,"何娇娇,Jiaojiao He",美女
2988,何梦兮(Stacy),御姐女老师何梦兮 短裙黑丝翘臀以待,何梦兮,"御姐,丝袜,裙裝,女教师"
2989,冷不丁(lengbuding),靓丽美女冷不丁 曼妙娇躯薄纱诱惑,Lengbuding,"情趣服装,蘿莉,美女"
2990,巧儿(七月巧儿),巧儿 [TGOD推女神]高清写真图苏梅岛旅拍 第二刊 ~,巧儿,美女
2991,马欣悦(Athena),Athena女王的迷航 无法逃离她的星球,马欣悦,"老板娘,女主人"
2992,叶希(房美汐),房美汐 [爱尤物]高清写真图VOL.334 性感镂空,"房美汐,叶希",性感美女
2995,刘颖(颖儿Bang妞),克拉女神刘颖 就是《大魅力女人》,"刘颖,Bang","颜值漂亮,美女"
2996,裴希西(cherrypc),裴希西初登果团，热辣身材本周上线！,"裴希西,Cherrypc",身材好
2998,夏倪可(ella),雪baby- [青豆客QingDouKe] 2017-01-09 比基尼校服写真,"夏倪可,Ella","学生服,学生"
2999,张宇(Cream),张宇 我想忠于自我的美人主播,张宇,"主播/主持人,性感美女"
3000,郭美玲(郭美美),萌萌 [TouTiao头条女神]高清写真图2016-11-07 黑暗肉欲料理,"郭美玲,郭美美","淫荡淫乱,美女"
3002,漪娜(涟漪sara),星空美人涟漪sara 相当暴躁黑丝勾人,"涟漪,漪娜,Sara","誘人,丝袜,性感美女"
3003,乔米(Scarlett),乔米 [TouTiao头条女神]高清写真图2016-11-22 私房美少女,乔米,"少女,妹子,美女"
3004,罗丹(蛋蛋),蛋蛋 [TouTiao头条女神]高清写真图2016-06-29 长发如水，目光如水，诱惑如水,罗丹,美女
3005,小君酱(xiaojunjiang),小君酱 [爱尤物]高清写真图VOL.358 少女系角色扮演,"小君酱,Xiaojunjiang","少女,妹子,cos扮演"
3007,王竹(小禾),王竹 [TouTiao头条女神]高清写真图2016-08-15 滑嫩玉肌美腿皇后,"小禾,王竹","美女,cos扮演"
3011,张冬(Dodoo),[Ugirls尤果网]高清写真图御天神帝 封面女神～后篇,"Dodoo,张冬",美女
3012,朱忆音(Suki),Suki- [BoLoli波萝社新刊]高清写真图 BOL.092 清纯少女戏水,朱忆音,"少女,妹子"
3016,文静Autism(Autism),文静 [爱尤物]高清写真图VOL.327 爱上女警花,"Autism Autism,文静","BDSM,仙女文青"
3019,李菲(李菲儿),李菲儿 [TouTiao头条女神]高清写真图2016-11-30 绝世好胸,李菲,美女
3021,史雨(史雨姐姐),史雨姐姐-第三套写真图[秀人网XIUREN]高清写真图XR20150124N00282,史雨,姊姊
3023,展如(Audrey如),气质美女Audrey如 清爽街拍唯美家居,展如(Audrey如),"仙女文青,美女"
3026,张铭淇(张梦艺),张梦艺- [TouTiao头条女神] 2017-01-07 蓝丝恋,"张梦艺,张铭淇",美女
3027,克拉女神珊珊(Shanshan Kela),全民校花珊珊 《惊艳绝尘》,Shanshan Kela,"学生,美女"
3029,筱溪(筱熙),筱溪 [TouTiao头条女神]高清写真图2016-08-28 致敬孤单英雄,"筱溪,筱熙","美女,cos扮演"
3031,雨燕(yuyan),雨燕 [TouTiao头条女神]高清写真图2016-09-09 百合诱惑,"Yuyan,雨燕",美女
3034,奕丹(亦丹),奕丹 [TouTiao头条女神]高清写真图2016-11-10 成人和服,"亦丹,奕丹",美女
3035,王悦Vera(Vera),王悦 [TouTiao头条女神]高清写真图2016-12-15 绿绫女仆,"Vera Vera,王悦","女仆,美女"
3036,Sayaka,Sayaka [TGOD推女神]高清写真图绝美妖艳小妖精～,Sayaka,"妖精,美女,小妖精"
3037,蔡乐儿(caileer),模特蔡乐儿吃鸡特辑 全套装备重装出击,蔡乐儿,"秘书,OL"
3038,何旋君君(Hexuanjun),何旋君君 中国好胸妹,"Hexuanjun,何旋君君",巨乳大奶
3039,可儿kayen(kayen),可儿kayen [TGOD推女神]高清写真图眼波荡漾似春水,Kayen Kayen,美女
3041,谢忱倬(Men1),谢忱倬-《平安夜校服的诱惑 》 [TGOD推女神]高清写真图,谢忱倬,"学生服,学生,美女"
3043,苏苏(susu),susu [TGOD推女神]高清写真图诱人微笑,Susu,"淫女,美女"
3044,刘蓝蔻(Eva_茜茜),刘蓝蔻Eva 被称为”艺术品”的93年校花,"刘蓝蔻,Eva,茜茜","藝術,学生"
3047,会飞的小虎牙(Hui Fei De Xiao Hu Ya),模特会飞的小虎牙 翠蓝比基尼粉色吊带,Hui Fei De Xiao Hu Ya,虎牙
3048,姗姗(Shan Shan),新人模特姗姗 玲珑乖巧比基尼,Shan Shan,初次拍摄
3049,克拉女神小新(Xiao Xin),克拉女神小新 《大眼瞪小眼》,Xiao Xin,美女
3050,王睿(Rui Wong),气质美人王睿 《银丝巧足》如滑,"Rui Wong,王睿","仙女文青,性感美女"
3051,克拉女神薇薇(Kela Weiwei),乳白蕾丝薇薇 性感镂空写真,Kela Weiwei,"丝袜,皮肤白皙,美女,性感美女"
3054,李梦婷(limengting),李梦婷 [MiiTao蜜桃社]高清写真图2016.08.16 VOL.025,"李梦婷,Limengting",翘臀美尻
3055,晓雯(xiaowen),晓雯 [MiiTao蜜桃社]高清写真图2016.06.12 VOL.013,"Xiaowen,晓雯",翘臀美尻
3057,金小小(Xiaoxiao Jin),金小小 CJ2016最人气Showgirl海量美图,"金小小,Xiaoxiao Jin",巨乳大奶
3060,严佳丽(Venus),赫拉女神 女神在卧,严佳丽,美女
3062,蜜娅(Miya),Miya(蜜娅) 世纪天成混血美人儿SG,蜜娅,性感美女
3065,罗熙桐(luoxitong),罗熙桐 微博运动生活照,"罗熙桐,Luoxitong","写真集,运动"
3067,雪瑞Lisa(Lisa),混血美人雪瑞Lisa 眼镜制服丝袜主题,"Lisa Lisa,雪瑞","丝袜,眼镜,性感美女"
3070,莎莎Sasa(Sasa),明媚模特莎莎Sasa 黄色短衫鲜红蕾丝,Sasa Sasa,丝袜
3071,baby嘉茵(jiayin),萝莉模特龙泽美曦 蕾丝吊袜真空叶子,Jiayin,"丝袜,萝莉,妹系"
3073,孙远(sunyuan),孙远 [TouTiao头条女神]高清写真图2016-09-24 生命本源的悸动,"Sunyuan,孙远",美女
3075,趙芸(赵芸),赵芸萱 微博养眼私房照诱惑写真图,赵芸,"巨乳大奶,写真集"
3076,田妞(tianniu),田妞 [TouTiao头条女神]高清写真图2016-06-26 凝脂玉乳,"Tianniu,田妞",美女
3078,杨芷健(芷健Young),芷健Young 艳丽赛车女郎美照,"杨芷健,芷健","赛车,写真集,美女"
3080,葉梓萱(叶梓萱),叶梓萱(葉梓萱) 极致性感写真图,叶梓萱,性感美女
3083,酸酱兔(Acide Rabbit),美女主播酸酱兔 红火内衣淋漓诱惑,酸酱兔(Acide Rabbit),"主播/主持人,只穿内衣,美女"
3086,吕孝瑶(瑶瑶baby),青豆短发美女瑶瑶 黑色吊带妩媚气质,吕孝瑶,"仙女文青,美女"
3088,张小西,张小西 [Ugirls尤果网]高清写真图NO.86 私房美女唯美写真图片,张小西,"写真集,美女"
3089,陶熙萌(白熙萌Kitty),白熙萌萌猫待领 性感的喵一声叫,"白熙萌,陶熙萌",性感美女
3092,刘镗(liutang),刘镗 [爱尤物]高清写真图VOL.279 少女の时代,"Liutang,刘镗","少女,妹子"
3093,陈宝拉(Polla Chen),陈宝拉欲火烧心 她的性感可以燎原,"陈宝拉,Polla Chen","淫荡淫乱,性感美女,秘书,OL"
3094,杨佩(yangpei),杨佩 [爱尤物]高清写真图VOL.330 出拳女郎,"Yangpei,杨佩",美女
3095,白思宜(baisiyi),于姬Una、徐妍馨、小小白思宜、吴梓嫣 [TGOD推女神]高清写真图丽水冒险岛,白思宜,美女
3096,御伽ねこむ(御伽猫梦),御伽ねこむ J杯巨乳超美型Coser写真图合集,御伽ねこむ,颜值漂亮
3097,Sherry,Sherry [TGOD推女神]高清写真图酥胸蛮腰小嘴唇,Sherry,"巨乳大奶,美女"
3099,郭婷婷(郭婉婷),郭婉婷- [TouTiao头条女神] 2017-01-21 优雅骑手,"郭婉婷,郭婷婷",美女
3100,钰彤Ci-ci(Cici),钰彤Ci-ci [TGOD推女神]高清写真图一抹柔情小粉唇,"Ci Ci Cici,钰彤",美女
3104,达思宇(Gina),崔昭妍 [TouTiao头条女神]高清写真图2016-08-20 雪屋,达思宇,美女
3105,林育品(阿喜),阿喜/林育品Ashi 《快樂到不可能的事》写真集,"林育品,阿喜",写真集
3109,刘钰儿(liuyuer),性感女神刘钰儿 夺人呼吸致命诱惑,"刘钰儿,Liuyuer","美女,性感美女"
3119,季梦(M梦baby),尤蜜Youmi 2020-06-04 M梦baby OL制服女神,季梦,美女
3122,尤娜娜(U-NANA),纹身女神尤娜娜 开胸西装动人心魄,"尤娜娜,Nana","西装,纹身,美女"
3124,Irene Chang,音乐才女已为人妻！超辣身材让网友都羡慕老公,Irene Chang,"已婚人妻,仙女文青,身材好"
3126,王女郎(Anglica Wang),Anglica [TASTE顽味生活]高清写真图2016.03.31 VOL.016,"Anglica,女郎",美女
3128,夏玲蔓(Julie),沉默的女皇夏玲蔓 沉默无语性感无边,夏玲蔓,性感美女
3134,冯雪娇SIR(XueJiao Feng),[TouTiao头条女神]高清写真图 胡同里的黑丝小妞 莎伦,"冯雪娇,Xuejiao Feng","丝袜,美女"
3135,盼盼已鸠(Panpanyijiu),清纯山妹子龍籹cool 白色比基尼极限血管,盼盼已鸠(Panpanyijiu),"萝莉,妹系"
3138,李倩倩(crysta1lee),女神Sinsin lee私房照再放送,"李倩倩,Crysta1Lee",美女
3141,曹汐Queenly(Queenly),曹汐Queenly 妩媚家居私房照诱惑写真图,"Queenly Queenly,曹汐",写真集
3147,王昭璐(Lovely璐璐),[XiuRen]高清写真图 2020.09.22 No.2585 淼淼小姐姐呀,"王昭璐,Lovely",姊姊
3148,卤小小小蛋(卤蛋luna),甜心模特卤蛋luna 粉色内衣蕾丝花边,卤小小小蛋(卤蛋luna),"丝袜,只穿内衣"
3149,Banbi班比(班比),超完美薄纱女仆降临！愿做班比的裙下之臣,Banbi班比(班比),"情趣服装,女仆"
3150,吕家伶(lvjialing),吕家伶 超萌复兴商工校日系校花,Lvjialing,学生
3151,梦溪(Xi Meng),梦溪蜜桃社再发 樱桃小嘴漂亮锁骨,"Xi Meng,梦溪",翘臀美尻
3152,陈伟琪(Vicky Chan),陈伟琪Vicky IG美艳私房照诱惑写真图,"陈伟琪,Vicky Chan",写真集
3153,赵梦洁(zhaomengjie),高挑美女赵梦洁 水手服与兔女郎,"赵梦洁,Zhaomengjie","水手服,美女,cos扮演"
3154,希维亚(Sylvia小希),希维亚 不能直视的「飞弹奶」家居写真图,希维亚,巨乳大奶
3159,乔安(qiaoan),乔安 [TouTiao头条女神]高清写真图2016-06-11 厨娘的日常2,"Qiaoan,乔安","廚師,美女"
3160,晓艾(fafa),晓艾-水手服的美少女私房写真图 [TGOD推女神]高清写真图,尚未分類,"少女,妹子,美女,水手服"
3161,赤間菀枫(Hermione Akama),童颜巨乳赤间菀枫 营养过剩欧派满满,"Hermione Akama,赤间菀枫",巨乳大奶
3162,张凯玲(Carrie),台湾极品校花张凯玲 肤白腿长的魔鬼身材,"张凯玲,Carrie","学生,美腿,身材好,皮肤白皙,魅惑,台湾"
3164,李怡静(路雨希),路雨希镜前自拍「白色内衣」，惹火尺寸令人冲动！,李怡静,只穿内衣
3166,王明明(Amy Wang),王明明 完美曲线比基尼私房照诱惑写真图,"王明明,Amy Wang","巨乳大奶,写真集"
3167,野臣一美(潘家仪),潘家仪(野臣一美)-台湾Cos女王的巨乳诱惑,野臣一美,"台湾,老板娘,女主人"
3169,佟丽娅(Liya Tong),佟丽娅-超高清生活照集锦,"佟丽娅,Liya Tong",写真集
3170,若彤boomboom(boomboom),气质女神若彤boomboom 湛蓝海天下娇躯唯美,若彤,"蘿莉,仙女文青,美女"
3176,高萌萌(gaomengmeng),高萌萌 [TouTiao头条女神]高清写真图2016-08-27 乳神归来,"高萌萌,Gaomengmeng","巨乳大奶,美女"
3177,耿珊珊(Tiffany),珊珊 [TouTiao头条女神]高清写真图2016-06-08 花房姑娘,耿珊珊,美女
3178,林羿祯(琳妲),琳妲(林羿祯) 养眼私房照诱惑写真图,林羿祯,"巨乳大奶,写真集"
3182,黄邺升(懒懒YKK),懒懒YKK 超胸美少女海量私房照诱惑写真图,黄邺升,"少女,妹子,巨乳大奶,写真集"
3183,張齊郡(张齐郡),超跑女神大眼正妹张齐郡JULIE踏青外拍,张齐郡,"颜值漂亮,美女"
3184,刘文佳(babi),刘文佳 香车美人写真图,"刘文佳,Babi","模特,性感美女"
3185,龚叶轩(Paris),龚叶轩Paris 香车美人性感喷血诱惑,龚叶轩,"模特,性感美女"
3189,南初妹妹(Nan Chu),[XiuRen]高清写真图 2021.02.01 No.3064 南初妹妹,"Nan Chu,南初",姊姊
3194,韩贝贝(hanbeibei),韩贝贝- [MiiTao蜜桃社] 2016.12.19 VOL.042,"韩贝贝,Hanbeibei",翘臀美尻
3198,田紫紫(Tina),田紫紫Tina 微博破尺度写真图照,田紫紫,誘人
3200,米娅Mia,蜜桃社新人Mia米娅 异国风情的诱惑,米娅,"翘臀美尻,初次拍摄"
3201,51Modo曦曦(Stacey),[51MODO]高清写真图 Vol.3 超美腿赛车女郎,"Modo Stacey,曦曦","赛车,美女"
3202,林琦娟(Kyna),神盾级正妹强袭！林妤霜胸前太豪迈,林琦娟,颜值漂亮
3204,杨琪琪(美琪儿Kiki),美琪儿Kiki 性感妖娆花椒女主播,"杨琪琪,美琪儿","主播/主持人,性感美女"
3205,虞梦(虞梦宝贝),虞梦宝贝(虞梦) 巨乳肉感诱惑写真图,虞梦,"写真集,丰满"
3208,黄一琳(U.lin),黄一琳 《Vivi 昕薇》首席名模外拍写真图,"黄一琳,Lin",模特
3209,Mei萱女王(Elsa),性感小萌神Elsa 娇小身躯浴缸诱惑,Mei Elsa,"浴室,老板娘,女主人,性感美女"
3213,张心儿(心儿),心儿 [爱尤物]高清写真图藏在心底女孩,张心儿,"萝莉,妹系"
3216,Fanny(奋斗少女),Fanny奋斗少女 家居大尺度性感写真图,Fanny(奋斗少女),"少女,妹子,誘人,性感美女"
3219,戚蓝尹(Niania，elva),戚蓝尹-微博清纯私房照诱惑写真图2,"戚蓝尹,Niania Elva",写真集
3220,汤悦(我叫太阳神),汤悦 性感篮球宝贝写真图,"太阳神,汤悦",性感美女
3223,魏馨Wendy(Wendy),馨儿- [TouTiao头条女神] 2017-02-02 学妹思春期,"Wendy Wendy,魏馨",美女
3225,王一涵(Angie),王一涵 [TouTiao头条女神]高清写真图2016-08-11 巨臀激情迎奥运,"王一涵,Angie","激情,美女"
3228,刘郁歆(Sunny),刘郁歆 萌妹子角色扮演,刘郁歆,"萝莉,妹系,cos扮演"
3230,刘嘉琦(cherry),刘嘉琦 [Ugirls尤果网]高清写真图No.091 内衣模特,刘嘉琦,只穿内衣
3232,葛秋(MiuMiu),MiuMiu [爱尤物]高清写真图VOL.294 消失的精灵,"Miumiu,葛秋",精灵
3235,朵朵dido(dido),朵朵 [TouTiao头条女神]高清写真图2016-06-16 凤凰涅磐,朵朵,美女
3238,琪琪(qlql),琪琪Quee-青春的性感 兔女郎制服诱惑私房写真图 [TGOD推女神]高清写真图,Qlql,"青春,性感美女,美女,cos扮演"
3239,郭奕芯(Ashina),郭奕芯 家居性感写真图集,"郭奕芯,Ashina","写真集,性感美女"
3240,孟露(Menglu),孟露 野性魅惑写真图美图,孟露,魅惑
3243,呢行(Singlerella),呢行 青涩妹子超养眼外拍写真图,呢行(Singlerella),"巨乳大奶,萝莉,妹系"
3244,郭静(小欧),婷婷 [爱尤物]高清写真图那些年一起爱上的女孩,"小欧,郭静","萝莉,妹系"
3247,妮可宝贝(Nicole妮可),Nicole妮可 [MiStar魅妍社]高清写真图2016.05.27 VOL.086,妮可,"秘书,OL"
3249,陈佳丽(楚琰大小姐),楚琰大小姐 [TASTE顽味生活]高清写真图2016.01.25 VOL.003,"陈佳丽,楚琰","千金小姐,美女"
3250,刘雨露(liuyulu),刘雨露 [TouTiao头条女神]高清写真图2016-06-28 好危险差一点爱上你,"刘雨露,Liuyulu",美女
3252,李媛媛(chenyuanyuan),媛媛 [TouTiao头条女神]高清写真图2016-06-23 寂寞让你如此美丽,"李媛媛,Chenyuanyuan","颜值漂亮,美女"
3253,史纯瑶(研依),妩媚女神研依 性感衬衫黑色内衣,"史纯瑶,研依","只穿内衣,美女,性感美女"
3255,初夏(jingxian),陆狸- [青豆客QingDouKe] 2016-01-05 萌妹子写真,"Jingxian,初夏","萝莉,妹系"
3256,邱欣悦(Yunni),邱欣悦Yunni 极品美艳私房照诱惑写真图,"邱欣悦,Yunni",写真集
3257,黄静逸(Huangjingyi),黄静逸 华中科大女神唯美写真图～,"黄静逸,Huangjingyi",美女
3262,雯妮(wenni),雯妮 [爱尤物]高清写真图VOL.379 宅男夏日必备少女,"Wenni,雯妮","少女,妹子"
3265,Uki奶糖(naitang),Uki奶糖 [TGOD推女神]高清写真图邻家姑娘,Uki,"美女,邻家女孩"
3266,黛蓓琪(Camille),黛蓓琪 [Ugirls尤果网]高清写真图第88期 性感护士装激情写真图集,"黛蓓琪,Camille","护理师,写真集,激情,性感美女"
3270,安馜薇(小薇Olivia),小薇Olivia 马甲线美人写真图精选,"安馜薇,小薇",性感美女
3271,林妃媛(Alice),林妃媛 性感尤物女王大人,林妃媛,"老板娘,女主人,性感美女"
3272,朱小旭(zhuxiaoxu),朱小旭 海量私房定制写真图,"朱小旭,Zhuxiaoxu",巨乳大奶
3274,梅哥(meige),秀美美人梅哥 全程半透蕾丝,"Meige,梅哥","丝袜,性感美女"
3275,盛一一(盛一Elena),盛一Elena 越野车擂台诱惑写真图,"盛一一,盛一",写真集
3276,周凌(zhouling),凌度女神周凌 高冷范儿十足,"Zhouling,周凌",美女
3278,王枰翔(Sunky Wang),王枰翔 [TouTiao头条女神]高清写真图2016-11-24 香汗满屋,"王枰翔,Sunky Wang",美女
3283,齐淑君(Pearl),璐jodie 诱惑宅男的迷人的身材,齐淑君,身材好
3287,苏子淇(suziqi),苏子淇 [TouTiao头条女神]高清写真图2016-06-21 如梦如幻,"苏子淇,Suziqi",美女
3289,王梦莹(Miky艾米其),Miky艾米其(王梦莹) CJ美玩堂美女写真图,"王梦莹,艾米其,Miky",美女
3291,鹿小茜(ShiRo希洛),邻家女孩小鹿 《深情久伴美人蕉》,"鹿小茜,Shiro,希洛","邻家女孩,萝莉,妹系,性感美女"
3293,明日花桃桃(Ming Ri Hua Tao Tao),明日花桃桃澳门旅拍 蓝色校服下青春活力,"花桃桃,Tao,明日","青春,学生服,学生"
3296,叶紫陌(yezimo),叶紫陌 [爱尤物]高清写真图VOL.256 美女百变,"叶紫陌,Yezimo",美女
3297,唐嘉倪(tangjiani),唐嘉倪 性感比基尼诱惑写真图,"唐嘉倪,Tangjiani","写真集,性感美女"
3299,张雪儿(雪儿),雪儿 [爱尤物]高清写真图女神也爱做运动,张雪儿,"运动,美女"
3302,Dear佳琦(jiaqi),Dear佳琦 [TGOD推女神]高清写真图长推女神御姐范,佳琦,"御姐,美女"
3303,陈滢安(小花),陈滢安 网拍女神私房照诱惑写真图,陈滢安,"写真集,美女"
3305,耿晶(gengjing),耿晶 [TGOD推女神]高清写真图圆润翘臀真女神,"Gengjing,耿晶",美女
3306,媚菲菲(meifeifei),媚菲菲 [爱尤物]高清写真图VOL.345 骀荡美人,媚菲菲,性感美女
3309,安苏芮(Surui An),安苏芮 [TouTiao头条女神]高清写真图2016-12-16 花语女神,"安苏芮,Surui An",美女
3310,蕊奇kiti(Kiti),蕊奇kiti 微博性感私房照诱惑写真图,"Kiti Kiti,蕊奇","写真集,性感美女"
3320,枝恩(Zhi En),短发百变大美枝恩 肉色芭蕾蓝色死库水,"Zhi En,枝恩","芭蕾服,肉色"
3321,Annie安妮(Annie),玲珑美人安妮Annie 美胸翘臀玉腿诱人,Annie Annie,"淫女,性感美女"
3322,Gusy_诡殊(Gusy),Gusy_诡殊 超清新的私房照诱惑写真图,Gusy_诡殊(Gusy),写真集
3323,郑伊Summer(Summer),郑伊Summer 家居性感艺术写真图,郑伊,"藝術,性感美女"
3324,张蕴仪,张蕴仪 泳池比基尼湿身诱惑,张蕴仪,泳池
3326,溪童(xitong),溪童 [TouTiao头条女神]高清写真图2016-07-29 森林系女仆,"Xitong,溪童","女仆,美女"
3334,Baby安(Baby An),babay安 [TGOD推女神]高清写真图香艳细腻难自拔,Baby安(Baby An),美女
3335,黄炜婷Tina(Tina),米原风&兔女郎 运动风pk甜美风,黄炜婷,"运动,美女,cos扮演"
3355,吴娇(wujiao),青豆美人吴娇 吊带女仆系列,"Wujiao,吴娇","女仆,性感美女"
3357,BOSS-YOYO,BOSS-YOYO [TGOD推女神]高清写真图俏皮甜心～,BOSS-YOYO,美女
3359,angelxy,angelxy-[XiuRen套图写真图集]高清写真图第一弹NO.129,Angelxy,写真集
3361,宋心意(馨艺),馨艺(宋心意)-情人节私房写真图套图写真图集 [TGOD推女神]高清写真图,宋心意,"写真集,美女"
3362,杜乔(Dolly fox),杜乔-性感女拳击手的经典暴力美学[尤果网]高清写真图Ugirls写真图No.014,"Dolly Fox,杜乔","其他,强奸,秘书,OL,性感美女"
3365,王圣洁(王圣小泰山),王圣小泰山 极品女神私房写真图,"王圣洁,王圣,泰山",美女
3371,王妡蕾(xilei),王妡蕾 极品比基尼魅惑私房照诱惑写真图,"王妡蕾,Xilei","魅惑,写真集"
3373,夭姬(Ji Yao),魅惑女神夭姬 眼神暗示《姐等你》,"Ji Yao,夭姬","魅惑,美女"
3374,克拉女神曼琼(Qiong Man),克拉美人曼琼 《西双版纳风情》,"Qiong,曼琼","美女,性感美女"
3378,克拉女神百琳(Lin Bai),克拉女神百琳 《大白兔奶糖》,"Lin Bai,百琳",美女
3380,宁夏(Ning XIa),宁夏轻熟女诱惑 性感蕾丝连体衣,"Ning Xia,宁夏","丝袜,熟女,性感美女"
3381,韩妍妍(Han Yan Yan),韩妍妍无情之爱 露出魅惑的微笑,"韩妍妍,Han Yan Yan",魅惑
3382,克拉女神雅楠(Nan Ya),克拉波神雅楠 《明月贴胸前》,"Nan Ya,雅楠","巨乳大奶,美女"
3383,陈姿含(Karry Chan),17平台女主播陈姿含 火辣身材外拍写真,Karry Chan,"主播/主持人,身材好"
3387,Misa贞喵老师(Misa Zhenmiao),美女少CoserMisa贞喵 可爱俏皮私房照,"Misa Misa Zhenmiao,贞喵","美女,女教师"
3388,吴倩倩(Qianqian Wu),克拉女神吴倩倩 《诱人の女仆娃娃》,"吴倩倩,Qianqian","淫女,女仆,美女"
3391,克拉女神依依(Yiyi Kela),玉足女神依依 《丫丫乐》浴室诱惑,"Yiyi Kela,依依","浴室,美女"
3393,孙一菲(Sun Yi Fei),尤果合辑美人书 这是一本无尽之书,Sun Yi Fei,"精华,性感美女"
3394,柚柚酱(You You Jiang),尤蜜Youmi 2020.02.19 天使与魔鬼 柚柚酱,柚柚酱(You You Jiang),"魅惑,cos扮演"
3395,刘潇潇(Liu Xiao Xiao),模特Ting婷婷再发 真空演绎狂野露出,"刘潇潇,Liu Xiao Xiao",疯狂性爱
3396,汤怡(Yi Tang),克拉女神汤怡 《天降美人鱼》,汤怡,"美女,性感美女"
3397,美惠子(Meihuizi),[TouTiao头条女神]高清写真图 2019-09-07 美腿丽人 美惠子,"美惠子,Meihuizi",美女
3400,嚴琪琪(严琪琪),男性视角第二弹！白皙女神「严琪琪」展现你爱的各种特殊角度！,严琪琪,"主观视角,美女"
3402,果儿celia(Guo Er Celia),果儿celia私房系列 性感妩媚丰胸翘臀,"Celia Guo Er Celia,果儿","巨乳大奶,性感美女"
3406,大城小爱Alice(Da Cheng Xiao Ai),新晋网红大城小爱 蕾丝内衣体操服湿身,Alice Da Cheng Xiao Ai,"网红艺人,丝袜,只穿内衣"
3407,牵着猫的妹子(Qian Zhe Mao De Mei Zi),[YALAYI雅拉伊]高清写真图 2018.11.15 No.123 瘾少女 牵着猫的妹子,Qian Zhe Mao De Mei Zi,"少女,妹子,萝莉,妹系"
3409,爱元(Ai Yuan),爱元的美少女制服 乖巧的学妹模样,"Ai Yuan,爱元","少女,妹子"
3411,橘由纪Yuki(Yuki Ju),橘由纪Yuki- 校园暴力写真《破蛹》第二章,"橘由纪,Yuki Yuki Ju","校园,强奸"
3416,转转Lisa(Zhuan Zhuan Lisa),新人模特转转Lisa 天生尤物曲线诱人,Lisa Zhuan Zhuan Lisa,"巨乳大奶,淫女,初次拍摄"
3419,赵欣怡(Zhao Xin Yi),果团美人计，你能否抵御！,"赵欣怡,Zhao Xin Yi",性感美女
3420,杜菲菲(杜蕊蕊),头条女神杜菲菲 欲望都市黑丝美腿,"杜菲菲,杜蕊蕊","丝袜,美女"
3422,乔馨儿(Xiner Qiao),克拉美人乔馨儿 《久媚成妖》,"乔馨儿,Xiner Qiao",性感美女
3438,小熊baby-O(万千宠儿baby),青豆短发美人小熊 白色蕾丝内衣诱惑,小熊,"丝袜,只穿内衣,cos扮演,性感美女"
3454,付艺轩(艺轩Renee),气质美女艺轩 洁白动人的衬衫,付艺轩,"仙女文青,美女"
3461,段筱慧(筱慧Icon),筱慧的旗袍情 惊艳秋日美好,"段筱慧,筱慧",旗袍
3462,乐宜(樂宜LokYii),香港DJ樂宜LokYii 抢眼深沟辣到蹦出来,"Lokyii,乐宜","巨乳大奶,中国"
3467,莫干娜(moganna),莫干娜一袭黑纱 刚开始の故事,"莫干娜,Moganna",丝袜
3468,许飞(Blank),[XIUREN]高清写真图 2021.04.12 VOL.3294 心妍小公主,"Blank,许飞",千金小姐
3482,黄密儿(Eric),阳光模特黄密儿 透视蕾丝浴室湿身,"黄密儿,Eric","浴室,丝袜"
3496,林渃晗(Ruohan Lin),尤果合辑聚众诱惑 汇聚成了性感之河,"林渃晗,Ruohan Lin","精华,性感美女"
3497,方丽娇(Somnus),娇娇&&爱菲儿出镜 少女与御姐你选谁？,方丽娇,"少女,妹子,御姐"
3516,卓雅jane(Jane),丽质美女卓雅 饱满胸口美翘臀,卓雅,美女
3532,白白(baibai),俏天使白白 一直守护着你,白白,cos扮演
3534,Niki大脸(Niki),龚诗雯- [51MODO女神美腿杂志]高清写真图 Vol.8 开胸泳衣的日常,Niki Niki,"泳装水着,美女"
3545,佳琪(Kiki),青豆美人佳琪 家居透视大尺度,佳琪,"誘人,性感美女"
3550,赵冰(赵冰冰),冰冰- [TouTiao头条女神]高清写真图 2017-03-30 纯真年代,"赵冰冰,赵冰",美女
3553,粘婉柔(Nationality),「明道校花」毕业以后更进化，辣到粉丝喊不要不要！,尚未分類,学生
3555,翁子涵(子涵Renee),宅男女神Joanna子涵 迷人的不只是脸蛋,翁子涵,"颜值漂亮,美女"
3557,尤果茉莉(Moli),长腿美人茉莉 性感吊带直男杀,Moli,"美腿,秘书,OL,性感美女"
3583,宋苏颖(宋梓静),克拉女神静静 《定足时光》,"宋苏颖,宋梓静",美女
3638,奶油妹妹(Nai You Mei Mei),[XiuRen]高清写真图 2021.02.26 No.3143 奶油妹妹,Nai Mei Mei,姊姊
3661,林熙桐(Xitong Lin),林熙桐性感的小心思 高叉开口侧开事业线,"林熙桐,Xitong Lin",性感美女
3663,周晓唯(Vivienne),兔女郎周晓唯真空上阵 眼神迷离惹人遐思不断,"周晓唯,Vivienne","美女,cos扮演"
3666,尘苏迪(苏迪),清纯少女晓迪 浴室湿身诱惑,"尘苏迪,苏迪","少女,妹子,浴室"
3673,戴斯羽(黛丝羽),星颜尤物白露Lucy 白色露背雪纺内衣,"戴斯羽,黛丝羽",只穿内衣
3676,小娜比(Xiao Na Bi),娜比的性感一面 完美曲线心跳节奏,"小娜比,Xiao Na Bi","巨乳大奶,性感美女"
3681,萌奈子(Meng Nai Zi),丰满妹子萌奈子 动人职业OL系列,"萌奈子,Nai Zi","萝莉,妹系,各种职业"
3696,顾北(顾一只),灵动模特顾北北 娇柔少女易推倒,"顾一只,顾北","少女,妹子"
3715,虎牙猫宝(Maobao Huya),画语界首刊猫宝 一元复始万象更新,"Maobao Huya,虎牙",虎牙
3722,陈郁晴(羽晴Min),欲兔羽晴Min陪你中秋赏月！诱人身材搭配月饼饱喂饱你！,陈郁晴,"淫女,身材好"
3754,孟衍竹(金杯妹妹),金杯妹妹孟衍竹 75F震撼私房照,孟衍竹,姊姊
3755,钟晴(Zhong Qing),钟晴熟女的连衣裙 成熟的性感充满诱惑,Zhong Qing,"熟女,性感美女"
3767,李宝宝(Baobao Li),李宝宝- [MiiTao蜜桃社]高清写真图 2017.02.14 VOL.051,李宝宝,翘臀美尻
3769,左井翼(Kico),左井翼- [51MODO女神美腿杂志]高清写真图 Extra特刊 Vol.1,左井翼,美女
3772,小奶瓶呜呜(Xiao Nai Ping Wu Wu),[XiuRen]高清写真图 2022.03.22 No.4754 模特合集,Xiao Nai Wu Wu,贫乳
3778,高钰雯(Rita Gao),千年一遇空姐高钰雯 最新海量私房照50P,高钰雯,"巨乳大奶,空中小姐"
3784,鍾晴(钟晴),[TouTiao头条女神]高清写真图 2019.06.13 小萝莉也御姐,钟晴,"御姐,萝莉,妹系,美女"
3788,金卓然(Jewel_Babe),金卓然的黑白诱惑 红唇晕染雪色蕾丝,"金卓然,Jewel Babe",丝袜
3790,珊淇(Shan Qi),纯天然女神珊淇 薄薄衣衫若隐若现,珊淇,"衣衫,美女"
3793,程慧娴(Cheng Hui Xian),骨感美女陈舒羽 身段苗条多姿,Cheng Hui Xian,"苗条,美女"
3801,小艾-轩伊(XuanYi),轩伊- [TouTiao头条女神]高清写真图 2017-02-20 宫廷马甲,"Xuanyi,艾-轩伊",美女
3802,毛Coco(Mao Coco),胸涌女神毛Coco 咬口红唇眨下眼神,Mao,美女
3803,Lucy,Lucy拨动浴缸的水 熟悉温柔让人心动,Lucy,浴室
3805,艾霓莎(Nisha Ai),心花路放的艾霓莎 上演性感公路大片,"艾霓莎,Nisha",性感美女
3806,可爱的小叶子(Keaide Xiaoyezi),清纯妹子可爱的小叶子 学生服清纯甜美动人,Keaide Xiaoyezi,"学生服,学生,萝莉,妹系"
3816,祈锦鈅(祈锦钥),台湾正妹祈锦钥比基尼泳池写真,祈锦鈅(祈锦钥),"颜值漂亮,泳池,台湾"
3820,Tong Lee Yann(Gatita Yan),想要奖杯还是要我？大马正妹Gatita Yan胸部比奖杯还迷人,Tong Lee Yann Gatita Yan,"巨乳大奶,颜值漂亮,东南亚"
3825,Suki Luo(Suki),中葡混血辣模Suki 欧美范内衣诱惑,Suki Luo Suki,"欧美,只穿内衣,模特"
3833,李培祯(Crystal),女神喵咪探店SPA,李培祯,美女
3843,尤果米米(Ugirls Mimi),米米一米惊人 惊喜性感尤物,尚未分類,性感美女
3851,明娜(Na Ming),尤果合辑美人故事,"明娜,Na","精华,性感美女"
3868,刘艾琳(Liu Ai Lin),轻熟美人刘艾琳 暖色调浴室内,"刘艾琳,Liu Ai Lin","浴室,性感美女"
3869,LULIUJING-兔哥哥(LULIUJING),猫系女仆兔哥 听从您的安排,Luliujing Luliujing,女仆
3887,倪叶藤(朱莉娅),倪叶藤携手艾小青 姐妹花风从海边来,"朱莉娅,倪叶藤",姊姊
3900,詹艾葳(Avril艾葳),台湾超正妹Avril艾葳 长腿美胸私房照分享,詹艾葳,"美腿,颜值漂亮,台湾"
3908,桂纶镁(Kwai Lun-mei),新晋模特大球悦悦 草莓内衣点式比基尼,Kwai,只穿内衣
3919,沈雅琪(沈琪琪),宅男女神沈琪琪 混血外型太迷人,沈雅琪,美女
3923,丘涵Joanne(Joanne),丘涵Joanne最新比基尼照 超完美身材真在太不科学,Joanne Joanne,身材好
3942,杨洋(yangyang),美人杨洋如沐海风 水手服与比基尼,"Yangyang,杨洋","水手服,性感美女"
3945,宅兔兔(Tutu Zhai),新人模特宅兔兔 浴巾裹体酥胸半露,"宅兔兔,Tutu","巨乳大奶,日式服装,初次拍摄"
3950,谢立琪(Kiki Hsieh),[SUNGIRL阳光宝贝]高清写真图 Vol.048 气质女神 谢立琪 KIKI,Kiki Hsieh,"仙女文青,美女"
3951,蜜桃酱o(Mi Tao Jiang),[XIAOYU]高清写真图 2021.03.25 VOL.496 蜜桃酱o,Tao Jiang,翘臀美尻
3955,黎美Cici(Limei CiCi),头条小美的网袜诱惑,"Cici Limei Cici,黎美",网袜
3956,夏北(Mary),混血美女Mary 冷艳内衣翘臀写真,"夏北,Mary","混血兒,只穿内衣,美女"
3959,汤嘉琳(呆萌琳),运动正妹短裤超级短，露肉的季节快来了,"汤嘉琳,呆萌琳","颜值漂亮,短裤,运动"
3960,周心怡Alva(Alva),周心怡撩人的早春 白雪透视蕾丝上衣,"周心怡,Alva Alva","丝袜,上衣"
3965,邱静谊(凭果茱),台湾正妹凭果茱 氧气少女私房照,邱静谊,"少女,妹子,颜值漂亮,台湾"
3974,黄冠洁(BirdyBirdy),台湾辣妹黄冠洁 好身材快掉出来了,黄冠洁,"巨乳大奶,台湾,身材好,惹火辣妹"
3975,林珈伊(Jiayi),这种play也可以！台湾正妹「林珈伊」IG好精彩,Jiayi,"颜值漂亮,台湾"
3977,李凌子(Lingzi Lee),皮裤女郎李凌子 内衣外穿连身裙,"李凌子,Lingzi Lee","只穿内衣,美女,皮裤"
3996,陈品妍(Yen Chen),正妹品妍日本海边玩水 沙滩释放健康最美体态,"陈品妍,Yen Chen","颜值漂亮,日本,身材好"
3997,草莓丫头Strawberry(Straw Berry),模特新人草莓兔兔 开背毛衣雪白肌肤,Strawberry Straw Berry,"毛衣,皮肤白皙,初次拍摄"
3999,蘇小立(苏小立),超可爱！甜美系「白皙美胸正妹」极品身材好犯规！,苏小立,"颜值漂亮,身材好"
4009,柳曦颖(Nana Liu),伦多华裔小姐柳曦颖 学霸姐姐大方秀美照,"柳曦颖,Nana Liu","學生,写真集,姊姊"
4031,李纤纤(Li Qian Qian),尤蜜Youmi 李纤纤 黑丝俏佳人,"Qian Qian,纤纤",丝袜
4032,Talcy莎莎(Talcy),32G美胸皇后说早安，有她在每天都不想起床！,Talcy Talcy,cos扮演
4034,但甲子(丹妮酱也是但老师),模特丹妮Dannyy 运动滑板浴室湿身,丹妮酱,"运动,浴室,女教师"
4036,乔莹(乔梦汐),乔梦汐- [露水TV]高清写真图 白色内衣,"乔梦汐,乔莹",只穿内衣
4055,漪洛熙(Luoxi Lian),精妆恋人漪洛熙 为你点的绯红唇,"漪洛熙,Luoxi Lian",女友
4057,夏希子(Xia Xi Zi),夏希子的浅纱浪漫 透视薄纱最温柔,"夏希子,Xia Xi",情趣服装
4067,欣欣Rubybaby(Ruby Baby),制服女郎陶欣儿 性感就是代名词,尚未分類,"美女,性感美女"
4068,金梓馨(Jin Zi Xin),金梓馨的蜜桃臀 男人最喜欢的身材,"金梓馨,Jin Zi Xin","翘臀美尻,身材好"
4069,劉庭羽(庭羽Doris),劉庭羽Doris垂钓厚重 电眼甜笑气质迷人,庭羽,仙女文青
4073,黄琳(lynn),台湾可爱妹子黄琳 Ig最新俏皮私房照,Lynn,"萝莉,妹系,台湾"
4076,Sandyx珊迪(Sandy),元元Sandy- 台湾小清新正妹私房照,"Sandyx Sandy,珊迪","颜值漂亮,台湾"
4079,章佳怡(Judy),章佳怡 新一代性感车模小天后,章佳怡,"模特,性感美女"
4080,梦娜Vanessa(Vanessa),梦娜Vanessa-新女神新图上架[XiuRen]高清写真图No.131,Vanessa Vanessa,美女
4083,姝姝妹妹(Shu Shu Mei Mei),[FeiLin]高清写真图 Vol.418 姝姝不是妹妹,"Shu Shu Mei Mei,姝姝",姊姊
4086,小恶魔-S(SHSTEPHANIE),[FEILIN]高清写真图 2020.10.29 VOL.350 小恶魔-S,Shstephanie,恶魔
4098,凌希儿(Xier Lin),欧码学生妹凌希儿 白色连体学生装,"凌希儿,Xier Lin","学生服,学生"
4145,真人美人魚！~女神「Choco」,真人美人魚！~女神「Choco」,尚未分類,"美女,性感美女"
4146,青春性感不足以形容的小云,青春性感不足以形容的小云,尚未分類,"青春,性感美女"
4151,超愛打遊戲的電眼正妹~珈琳,超愛打遊戲的電眼正妹~珈琳,珈琳,颜值漂亮
4153,火辣的身材搭上有趣的靈魂Apple欸頗,火辣的身材搭上有趣的靈魂Apple欸頗,Apple欸頗,身材好
4164,胖熟女裝學妹被草 (70P),胖熟女裝學妹被草 (70P)亚洲情色,尚未分類,"丰满,熟女,TS美妖"
4168,爆乳夜景 月光杯 (35P),爆乳夜景 月光杯 (35P)亚洲情色,尚未分類,"巨乳大奶,户外野外"
4172,美女多P的享受 Reon Otowa 音羽レオン (39P),美女多P的享受 Reon Otowa 音羽レオン (39P)亚洲情色,"音羽レオン,音羽レオン","多P群交,美女"
4174,修剪過的毛穴女孩接受內射中出 (31P),修剪過的毛穴女孩接受內射中出 (31P)亚洲情色,尚未分類,"体内射精,萝莉,妹系"
4179,吉岡蓮美：エンドレスセックス 吉岡蓮美 (52P),吉岡蓮美：エンドレスセックス 吉岡蓮美 (52P)亚洲情色,吉冈莲美,裙装
4181,楠セナ：マンコもアナルも刺し盡くす激亂交 (38P),楠セナ：マンコもアナルも刺し盡くす激亂交 (38P)亚洲情色,楠セナ,"肛交,舔阴,多P群交"
4185,一本道美女 桐島 (34P),一本道美女 桐島 (34P)亚洲情色,桐岛,"多P群交,美女"
4197,Nami-Honda 1人 VS 多人 (102P),Nami-Honda 1人 VS 多人 (102P)亚洲情色,Nami Honda,多P群交
4203,顏射與中出—春咲ゆりあ+日向ひなた (39P),顏射與中出—春咲ゆりあ+日向ひなた (39P)亚洲情色,"日向ひなた,春咲ゆりあ","颜射,体内射精"
4208,夫妻吵架失控 立花美涼 (38P),夫妻吵架失控 立花美涼 (38P)亚洲情色,美凉,夫妻
4210,美熟女界No.1 魅力 篠田 (39P),美熟女界No.1 魅力 篠田 (39P)亚洲情色,"筿田,筿田","颜值漂亮,熟女"
4220,向井千晶 Chiaki Muka (53P),向井千晶 Chiaki Muka (53P)亚洲情色,"Chiaki Muka P,向井千晶",多P群交
4221,安田紗枝 Sae Yasuda (113P),安田紗枝 Sae Yasuda (113P)亚洲情色,"Yasuda P,安田纱枝",多P群交
4232,先生もこういうカッコ好きかと思って著てきたの (33P) [,先生もこういうカッコ好きかと思って著てきたの (33P) [亚洲情色,尚未分類,"多P群交,女教师"
4233,淫亂ＯL..最後の誘惑 晴華れい (41P) [,淫亂ＯL..最後の誘惑 晴華れい (41P) [亚洲情色,尚未分類,淫荡淫乱
4234,魅惑のフェロモン 波多野結衣 (41P),魅惑のフェロモン 波多野結衣 (41P)亚洲情色,尚未分類,魅惑
4244,Larisa旅遊旅館裸拍 (51P),Larisa旅遊旅館裸拍 (51P)亚洲情色,Larisa P,旅馆
4248,粉嫩的小穴無限的內射 (36P),粉嫩的小穴無限的內射 (36P)亚洲情色,尚未分類,"体内射精,粉穴"
4250,溫泉飯店認識的熟女 (42P),溫泉飯店認識的熟女 (42P)亚洲情色,尚未分類,"温泉,熟女"
4256,佐倉寧寧Nene Sakura女熟大陸 (31P),佐倉寧寧Nene Sakura女熟大陸 (31P)亚洲情色,"Nene Sakura,佐仓宁宁",中国
4259,短髮佳人3P內射 (41P),短髮佳人3P內射 (41P)亚洲情色,尚未分類,"体内射精,多P群交,短发"
4262,不爆量內射真是對不起人妻的性渴望 (43P),不爆量內射真是對不起人妻的性渴望 (43P)亚洲情色,尚未分類,"已婚人妻,多P群交,体内射精"
4264,女流演奏家輪姦変イ短調 水嶋 沙織 (43P),女流演奏家輪姦変イ短調 水嶋 沙織 (43P)亚洲情色,尚未分類,"多P群交,轮奸"
4270,小松彩Aya Komatsuスケベな女子高生 (15P),小松彩Aya Komatsuスケベな女子高生 (15P)亚洲情色,Aya Komatsu,妄想
4284,滿足風騷絕佳人妻的慾望顔射加內射 (35P),滿足風騷絕佳人妻的慾望顔射加內射 (35P)亚洲情色,尚未分類,"已婚人妻,风俗嬢,妓女,体内射精,颜射"
4292,短髮佳人3P內射 (41P) [,短髮佳人3P內射 (41P) [亚洲情色,尚未分類,"体内射精,多P群交,短发"
4295,ガンガンいこうぜな後背位SEX畫像 part12 (35P),ガンガンいこうぜな後背位SEX畫像 part12 (35P)亚洲情色,尚未分類,背后插入
4298,[ガチん娘] 顏射D奶妹 (31P),[ガチん娘] 顏射D奶妹 (31P)亚洲情色,颜射D,"颜射,巨乳大奶"
4303,OL經歷正午的色情事 阿佐美里佳子 (36P),OL經歷正午的色情事 阿佐美里佳子 (36P)亚洲情色,阿佐美里佳子,"色情,秘书,OL"
4312,中山琴葉 初中出し 會社終わ,中山琴葉 初中出し 會社終わ亚洲情色,"中山,琴叶","体内射精,公司"
4316,大橋由香 雪白的咪咪姐姐 (36P),大橋由香 雪白的咪咪姐姐 (36P)亚洲情色,咪咪,姊姊
4317,單身男人房間被中出的人妻 大塚麻美 (33P),單身男人房間被中出的人妻 大塚麻美 (33P)亚洲情色,大冢麻美,"已婚人妻,家裏,多P群交,体内射精"
4318,還是鍾愛成熟大姊姊 (141P) [,還是鍾愛成熟大姊姊 (141P) [亚洲情色,尚未分類,姊姊
4322,氣質出眾少婦菊花被插2 (21P),氣質出眾少婦菊花被插2 (21P)亚洲情色,尚未分類,"年轻少妇,颜值漂亮,肛交,仙女文青"
4343,苗條美女和3P連續中出~如月結衣 (34P),苗條美女和3P連續中出~如月結衣 (34P)亚洲情色,尚未分類,"体内射精,苗条,多P群交,美女"
4365,清楚な素人娘とプチSM～松田朋美 (33P),清楚な素人娘とプチSM～松田朋美 (33P)亚洲情色,松田朋美,"素人,多P群交,清纯,BDSM"
4380,與田知佳：いつもの2倍のベロキスでいつもの4倍盛り上がる密著接吻性交 與田知佳 (36P),與田知佳：いつもの2倍のベロキスでいつもの4倍盛り上がる密著接吻性交 與田知佳 (36P)亚洲情色,盛り上がる,"性交,接吻"
4382,星野みき：高級ソープへようこそ 星野みき (37P),星野みき：高級ソープへようこそ 星野みき (37P)亚洲情色,星野みき,泡泡浴
4391,【究極おっぱいH乳とマッチング！！】テ●ンダーで即ってセフれ！！,【究極おっぱいH乳とマッチング！！】テ●ンダーで即ってセフれ！！亚洲情色,尚未分類,乳交
4400,亂パ仲間のド変態W爆潮ギャル 先輩：ペッパー(23),亂パ仲間のド変態W爆潮ギャル 先輩：ペッパー(23)亚洲情色,ギャル,"少女,妹子,上司"
4408,佐々木ゆき 050318_681 (213P),佐々木ゆき 050318_681 (213P)亚洲情色,尚未分類,多P群交
4411,李恩慧 寫真集 (70P),李恩慧 寫真集 (70P)亚洲情色,李恩慧,写真集
4412,結城のの 美艷巨乳AV女優高清超多圖寫真 (80P),結城のの 美艷巨乳AV女優高清超多圖寫真 (80P)亚洲情色,结城,"AV女优,高画质,巨乳大奶"
4413,香艳写真（49）刘钰儿&曼苏拉娜[50P],香艳写真（49）刘钰儿&曼苏拉娜[50P]亚洲情色,刘钰儿 曼苏拉娜,写真影片
4416,中出しグラマラス〜立花瑠莉 神田るな〜 (35P),中出しグラマラス〜立花瑠莉 神田るな〜 (35P)亚洲情色,"立花瑠莉,神田るな",体内射精
4420,白石麗奈：戀オチ 〜自信を取り戻した女の子は豹変する〜 (33P),白石麗奈：戀オチ 〜自信を取り戻した女の子は豹変する〜 (33P)亚洲情色,白石丽奈,多P群交
4421,深美せりな：ワーキングおっぱい過失乳 〜テーラー編〜 (40P),深美せりな：ワーキングおっぱい過失乳 〜テーラー編〜 (40P)亚洲情色,美,乳交
4424,單身男人房間被中出的人妻 大塚麻美 (33P) [,單身男人房間被中出的人妻 大塚麻美 (33P) [亚洲情色,尚未分類,"已婚人妻,家裏,多P群交,体内射精"
4433,【加勒比系列】3P絶潮飛濺～玉名【51P】 (51P),【加勒比系列】3P絶潮飛濺～玉名【51P】 (51P)亚洲情色,加勒比,多P群交
4448,瞳ゆら 膚絲長腿OL被同事強迫吃肉棒 (43P),瞳ゆら 膚絲長腿OL被同事強迫吃肉棒 (43P)亚洲情色,瞳ゆら,"美腿,多P群交,同事,秘书,OL"
4450,穂乃果ちゃん 25歳 看護師 レンタル彼女 (45P),穂乃果ちゃん 25歳 看護師 レンタル彼女 (45P)亚洲情色,穂乃果,女朋友
4454,泡姬無修正下馬解禁葉山瞳 (42P),泡姬無修正下馬解禁葉山瞳 (42P)亚洲情色,"叶山瞳,下马,泡姬",无码
4467,山澗清泉外拍，掰開小屄摳逼，石頭上一灘乳白色的騷水 (32P),山澗清泉外拍，掰開小屄摳逼，石頭上一灘乳白色的騷水 (32P)亚洲情色,尚未分類,皮肤白皙
4468,近期與00后情趣性愛，大咪咪小翹臀才是男人永恒的愛 (37P),近期與00后情趣性愛，大咪咪小翹臀才是男人永恒的愛 (37P)亚洲情色,大咪咪,"性交,情趣"
4487,小衣くるみ：家事代行のドデカいピタパン尻に辛抱できませんでした！ (31P),小衣くるみ：家事代行のドデカいピタパン尻に辛抱できませんでした！ (31P)亚洲情色,尚未分類,家庭主妇
4488,小宵こなん：すっごい柔らかおっぱいのチ○ポ包,小宵こなん：すっごい柔らかおっぱいのチ○ポ包亚洲情色,尚未分類,乳交
4490,西園さくや 短髮巨乳姐姐 (49P),西園さくや 短髮巨乳姐姐 (49P)亚洲情色,"さくや,西园","巨乳大奶,姊姊,短发"
4492,上條めぐ色白の綺麗な肌にデカい乳 (31P),上條めぐ色白の綺麗な肌にデカい乳 (31P)亚洲情色,尚未分類,皮肤白皙
4494,森田みゆ：Debut Vol.63 〜新人ロリ巨乳が魅せる淒まじい濃厚中出しセックス〜 (37P),森田みゆ：Debut Vol.63 〜新人ロリ巨乳が魅せる淒まじい濃厚中出しセックス〜 (37P)亚洲情色,Debut,"巨乳大奶,初次拍摄,秘书,OL,萝莉,妹系,体内射精"
4495,森田みゆ、美雲あい梨：蝶が如く ～ピンク通りの二輪車ソープランド17～ (45P),森田みゆ、美雲あい梨：蝶が如く ～ピンク通りの二輪車ソープランド17～ (45P)亚洲情色,"あい梨,ピンク,美云",泡泡浴
4500,美乳美人異常的喜好 安達奈保子 (39P),美乳美人異常的喜好 安達奈保子 (39P)亚洲情色,安达奈保子,"美乳,性感美女"
4517,ひびき、朝から我慢できないの モデル：大槻 ひびき (35P),ひびき、朝から我慢できないの モデル：大槻 ひびき (35P)亚洲情色,"ひびき,大槻",网红艺人
4526,美熟女 野口裕美 (38P),美熟女 野口裕美 (38P)亚洲情色,野口裕美,熟女
4542,汗流浹背透明Ｈ罩杯 真菜果 (33P),汗流浹背透明Ｈ罩杯 真菜果 (33P)亚洲情色,尚未分類,多P群交
4558,真的貪婪的妻子 石井香織 (37P),真的貪婪的妻子 石井香織 (37P)亚洲情色,石井香织,已婚人妻
4579,美麗的姑娘一起玩 (31P),美麗的姑娘一起玩 (31P)亚洲情色,尚未分類,颜值漂亮
4580,有肉感的身材插得爽 (32P),有肉感的身材插得爽 (32P)亚洲情色,尚未分類,"身材好,丰满"
4582,性感透視內衣 白瀨 (33P),性感透視內衣 白瀨 (33P)亚洲情色,白濑,"多P群交,只穿内衣,性感美女"
4587,[Tokyo-247] Haruki_さとう遙希 (63P),[Tokyo-247] Haruki_さとう遙希 (63P)亚洲情色,"Tokyo Haruki,さとう遥希",多P群交
4597,桜もこ 初めてのソロCAMP△で教え魔キャンパーに犯○れて… (13P),桜もこ 初めてのソロCAMP△で教え魔キャンパーに犯○れて… (13P)亚洲情色,尚未分類,"多P群交,搭讪猎艳,初次拍摄"
4619,沙月恵奈：10回イッたら中出し解禁！,沙月恵奈：10回イッたら中出し解禁！亚洲情色,沙月恵奈,体内射精
4633,小嶋ひより友達のママと秘密の関係 (33P),小嶋ひより友達のママと秘密の関係 (33P)亚洲情色,"小嶋ひより,友达","秘密,妈妈,多P群交"
4634,如月ジュリぬるぬるオイルマッサージでイキまくり (31P),如月ジュリぬるぬるオイルマッサージでイキまくり (31P)亚洲情色,尚未分類,"美容院、按摩,涂油"
4637,有賀美緒 (44P),有賀美緒 (44P)亚洲情色,贺美绪,多P群交
4659,大倉ひろみ：AV女優をあなたの自宅に宅配！8 (42P),大倉ひろみ：AV女優をあなたの自宅に宅配！8 (42P)亚洲情色,大仓ひろみ,"家中室内,AV女优,宅配"
4668,如月ジュリぬるぬるオイルマッサージでイキまくり (30P),如月ジュリぬるぬるオイルマッサージでイキまくり (30P)亚洲情色,尚未分類,"美容院、按摩,涂油"
4688,可愛まゆ 100215_164 (34P),可愛まゆ 100215_164 (34P)亚洲情色,まゆ,多P群交
4714,[Tokyo-247] Momoko (53P),[Tokyo-247] Momoko (53P)亚洲情色,Tokyo Momoko P,多P群交
4728,涼宮のん：積極的なオンナ 涼宮のん (34P),涼宮のん：積極的なオンナ 涼宮のん (34P)亚洲情色,尚未分類,多P群交
4740,ゆうき美羽時間よ止まれナース (31P),ゆうき美羽時間よ止まれナース (31P)亚洲情色,美羽,护理师
4741,巨乳人妻特別有感覺 (33P),巨乳人妻特別有感覺 (33P)亚洲情色,尚未分類,"已婚人妻,巨乳大奶,多P群交"
4742,上野真奈美 看著老公的遺照被同學幹 (33P),上野真奈美 看著老公的遺照被同學幹 (33P)亚洲情色,上野真奈美,"多P群交,同学"
4743,佐々木優奈 氣質系熟女想被幹 (35P),佐々木優奈 氣質系熟女想被幹 (35P)亚洲情色,佐々木优奈,"仙女文青,熟女"
4753,肉肉的妞穿上製服還是可以操 (84P),肉肉的妞穿上製服還是可以操 (84P)亚洲情色,肉肉,多P群交
4758,町村小夜子 短髮熟女不穿胸罩倒垃圾 (50P),町村小夜子 短髮熟女不穿胸罩倒垃圾 (50P)亚洲情色,尚未分類,"熟女,短发"
4763,上山奈々　誘惑する爆乳美熟女,上山奈々　誘惑する爆乳美熟女亚洲情色,尚未分類,"巨乳大奶,熟女"
4777,韓冰20090730裸體旅拍 (115P),韓冰20090730裸體旅拍 (115P)亚洲情色,韩冰,裸体
4810,大尺度視圖整理合集,大尺度視圖整理合集亚洲情色,尚未分類,"精华,誘人"
4824,北山かんな何度イっても終わらない！ (33P),北山かんな何度イっても終わらない！ (33P)亚洲情色,北山,多P群交
4828,可愛妹子只想讓人狠狠的草 (51P),可愛妹子只想讓人狠狠的草 (51P)亚洲情色,尚未分類,"萝莉,妹系"
4844,椎名あすか、新城由衣：3Pで中出しされたザーメンをごっくん (31P),椎名あすか、新城由衣：3Pで中出しされたザーメンをごっくん (31P)亚洲情色,"あすか,新城由衣","体内射精,多P群交,深喉"
4850,碧しの：ゴミ捨てをする隙だらけの浮きブラ奧さんに勘違いしちゃいました！ (33P),碧しの：ゴミ捨てをする隙だらけの浮きブラ奧さんに勘違いしちゃいました！ (33P)亚洲情色,尚未分類,多P群交
4853,森田みゆ：まんチラの誘惑 〜押しが強いナイスボディのママ友に誘われて〜 (31P),森田みゆ：まんチラの誘惑 〜押しが強いナイスボディのママ友に誘われて〜 (31P)亚洲情色,尚未分類,妈妈
4861,[Tokyo-247] 桜花えり (94P),[Tokyo-247] 桜花えり (94P)亚洲情色,Tokyo,多P群交
4870,夜空まひろ 120916_442 (56P),夜空まひろ 120916_442 (56P)亚洲情色,尚未分類,户外野外
4882,芹野莉奈 073115_125 (34P),芹野莉奈 073115_125 (34P)亚洲情色,芹野莉奈,多P群交
4890,結希真琴 122916_454 (64P),結希真琴 122916_454 (64P)亚洲情色,结希,多P群交
4900,もあちゃん 21歳 隠れ地下アイドル レンタル彼女 (36P),もあちゃん 21歳 隠れ地下アイドル レンタル彼女 (36P)亚洲情色,尚未分類,"女朋友,网红艺人"
4904,まりりん 25歳 ガールズバー店員 イ●スタやりたガール。 (42P),まりりん 25歳 ガールズバー店員 イ●スタやりたガール。 (42P)亚洲情色,尚未分類,"少女,妹子,店员"
4918,由大橋香雪白的咪咪姐姐 (35P),由大橋香雪白的咪咪姐姐 (35P)亚洲情色,大桥,姊姊
4921,[10musume] 淺香えみり (33P),[10musume] 淺香えみり (33P)亚洲情色,浅香,多P群交
4951,美體展露 Nodoka Sakuraba 桜羽のどか (34P),美體展露 Nodoka Sakuraba 桜羽のどか (34P)亚洲情色,桜羽のどか,"多P群交,身材好"
4953,Karen Kaede 楓カレン『Cool Beauty』 (21P),Karen Kaede 楓カレン『Cool Beauty』 (21P)亚洲情色,Karen Kaede P,"秘书,OL"
4954,[email protected]涼涼子 Vol.050 家中的人妻狐 (20P),[email protected]涼涼子 Vol.050 家中的人妻狐 (20P)亚洲情色,凉凉子,"已婚人妻,秘书,OL"
4960,夢心月 艷模居家脫衣清涼私拍 (41P),夢心月 艷模居家脫衣清涼私拍 (41P)亚洲情色,夢心月,"家裏,模特"
4963,運動系寫真偶像仲村みう 纖細好身材散發青春活力 (35P),運動系寫真偶像仲村みう 纖細好身材散發青春活力 (35P)亚洲情色,仲村,"巨乳大奶,网红艺人,身材好,青春,运动"
4966,王道美少女牧野真莉愛 超高顏值笑容甜美 (27P),王道美少女牧野真莉愛 超高顏值笑容甜美 (27P)亚洲情色,牧野真莉,"少女,妹子,颜值漂亮,美女"
4967,超人氣偶像田中美久 深邃大眼性感身材收服你的心 (29P),超人氣偶像田中美久 深邃大眼性感身材收服你的心 (29P)亚洲情色,田中美久,"网红艺人,身材好,性感美女"
4968,日本人氣演員豊田ルナ 扮演性感小貓挑逗你心 (22P),日本人氣演員豊田ルナ 扮演性感小貓挑逗你心 (22P)亚洲情色,豊田ルナ,"网红艺人,日本,性感美女"
4969,E級清純正妹小日向ゆか 渾圓巨乳呼之欲出 (25P),E級清純正妹小日向ゆか 渾圓巨乳呼之欲出 (25P)亚洲情色,日向,"巨乳大奶,颜值漂亮,清纯"
4971,日本電視台超甜主播宇垣美里 美顏巨乳有夠正 (25P),日本電視台超甜主播宇垣美里 美顏巨乳有夠正 (25P)亚洲情色,宇垣美里,"主播/主持人,巨乳大奶,日本"
4972,日本泳裝模特兒山崎真実 性感健康好身材 (37P),日本泳裝模特兒山崎真実 性感健康好身材 (37P)亚洲情色,山崎,"巨乳大奶,泳装水着,日本,身材好,性感美女,模特"
4974,日本知名Coser宮本彩希 童顏巨乳誘惑力滿點 (20P),日本知名Coser宮本彩希 童顏巨乳誘惑力滿點 (20P)亚洲情色,宫本彩希,"巨乳大奶,日本,淫女,萝莉,妹系"
4981,【X-City】佐藤ローラRola Satoh (43P),【X-City】佐藤ローラRola Satoh (43P)亚洲情色,"ローラ,Rola P,佐藤","多P群交,秘书,OL"
4983,韓   國美女(20p),韓   國美女(20p)亚洲情色,韩  ,美女
4986,糯美子Mini (63P),糯美子Mini (63P)亚洲情色,糯美子,多P群交
4991,Xu An An (徐安安) (64P),Xu An An (徐安安) (64P)亚洲情色,"徐安安,Xu An An",多P群交
4994,D台灣人氣coser雨波 時崎狂三寫真讓人驚豔不已 (54P,D台灣人氣coser雨波 時崎狂三寫真讓人驚豔不已 (54P亚洲情色,时崎,"多P群交,台湾,cos扮演"
4995,特攝劇演員豊田ルナ 白嫩美乳有夠搶眼 (32P),特攝劇演員豊田ルナ 白嫩美乳有夠搶眼 (32P)亚洲情色,豊田ル,"美乳,网红艺人,皮肤白皙"
4996,推特眼醬大魔王w福利寫真作品(下) (134P),推特眼醬大魔王w福利寫真作品(下) (134P)亚洲情色,福利,"多P群交,魔王"
5010,療癒系Ｇ杯川村那月 清涼性感寫真融化你的心 (35P),療癒系Ｇ杯川村那月 清涼性感寫真融化你的心 (35P)亚洲情色,川村,性感美女
5014,绮里嘉海邊度假性感比基尼展露曲線 (48P),绮里嘉海邊度假性感比基尼展露曲線 (48P)亚洲情色,绮里嘉,"巨乳大奶,性感美女"
5017,日本女團HKT48田中美久 性感甜美笑容讓人秒中招 (34P),日本女團HKT48田中美久 性感甜美笑容讓人秒中招 (34P)亚洲情色,Hkt48 P,"多P群交,性感美女,日本,cos扮演"
5021,日向坂46人氣偶像齊藤京子 水靈電眼笑容太甜美 (40P),日向坂46人氣偶像齊藤京子 水靈電眼笑容太甜美 (40P)亚洲情色,"日向坂,齐藤京子",网红艺人
5023,蘇小美會員福利完整 VIP版 (52P),蘇小美會員福利完整 VIP版 (52P)亚洲情色,苏小美,"特典推荐,社員"
5025,ArtGravia Vol.179 Maruemon (마루에몽) (68P),ArtGravia Vol.179 Maruemon (마루에몽) (68P)亚洲情色,Artgravia Maruemon P,"秘书,OL"
5029,性感尤物寶貝姗姗豐臀肥乳惹火至極 (45P),性感尤物寶貝姗姗豐臀肥乳惹火至極 (45P)亚洲情色,姗姗,性感美女
5036,Nodoka Sakuraba 桜羽のどか (34P),Nodoka Sakuraba 桜羽のどか (34P)亚洲情色,Nodoka Sakuraba P,多P群交
5039,娜娜 好美的身材干干淨淨就是舒服 影棚 藝術 2 (44P),娜娜 好美的身材干干淨淨就是舒服 影棚 藝術 2 (44P)亚洲情色,尚未分類,"藝術,多P群交,身材好"
5041,女王蜂 (58P),女王蜂 (58P)亚洲情色,女王蜂,"老板娘,女主人"
5043,前年少日本偶像香月杏珠 稚嫩氣質笑容甜美有夠讓人崇拜 (38P),前年少日本偶像香月杏珠 稚嫩氣質笑容甜美有夠讓人崇拜 (38P)亚洲情色,尚未分類,"网红艺人,仙女文青,日本"
5045,日本國民巨乳姐姐フミカ 誘人美體極品曲線讓人看了愛不釋手 (37P),日本國民巨乳姐姐フミカ 誘人美體極品曲線讓人看了愛不釋手 (37P)亚洲情色,フミカ,"巨乳大奶,日本,身材好,姊姊,淫女"
5046,日本模特團體京佳 魅力臉蛋神情太銷魂 (32P),日本模特團體京佳 魅力臉蛋神情太銷魂 (32P)亚洲情色,京佳,"特别企划,颜值漂亮,日本,模特"
5047,日本女星工藤美桜 散發滿滿氣質感細長美腿完美顏質擄獲你心 (42P),日本女星工藤美桜 散發滿滿氣質感細長美腿完美顏質擄獲你心 (42P)亚洲情色,工藤美桜,"网红艺人,颜值漂亮,美腿,日本,仙女文青"
5048,日本偶像藝人齊藤京子 精緻美臉超氣質白皙姣好曲線 (36P),日本偶像藝人齊藤京子 精緻美臉超氣質白皙姣好曲線 (36P)亚洲情色,齐藤京子,"巨乳大奶,网红艺人,日本,皮肤白皙,仙女文青"
5056,艷麗女優神前つかさ 肉體解放色氣滿點 (41P),艷麗女優神前つかさ 肉體解放色氣滿點 (41P)亚洲情色,前つかさ,"AV女优,色情"
5057,性感秘書套裝下的紫色色誘 就是阿朱啊 (61P),性感秘書套裝下的紫色色誘 就是阿朱啊 (61P)亚洲情色,尚未分類,"性感美女,秘书,OL"
5064,治癒系賽車皇后川村那月 火辣酮體性感直勾誘惑度滿滿 (37P),治癒系賽車皇后川村那月 火辣酮體性感直勾誘惑度滿滿 (37P)亚洲情色,皇后,"性感美女,赛车,cos扮演"
5070,吉澤遙奈 柔軟F奶馬甲線纖腰完美身材散發陽光魅力 (32P),吉澤遙奈 柔軟F奶馬甲線纖腰完美身材散發陽光魅力 (32P)亚洲情色,吉泽,"苗条,颜值漂亮,身材好"
5071,極品美尻 夢心月 紅色情趣內衣下的誘惑 (40P),極品美尻 夢心月 紅色情趣內衣下的誘惑 (40P)亚洲情色,梦心,"情趣,情趣服装,色情,翘臀美尻,只穿内衣"
5075,超萌AV女優架乃ゆら 可愛大膽三點露出 (80P),超萌AV女優架乃ゆら 可愛大膽三點露出 (80P)亚洲情色,乃ゆら,"AV女优,野外露出"
5078,【網搜美腿系列】美模 依依 逛街購物2【115P】,【網搜美腿系列】美模 依依 逛街購物2【115P】亚洲情色,依依,美腿
5079,【HuaYang花漾】2021.06.09 Vol.412 王雨純 完整版無水印寫真【64P】   [複,【HuaYang花漾】2021.06.09 Vol.412 王雨純 完整版無水印寫真【64P】   [複亚洲情色,"Huayang,花漾","多P群交,秘书,OL"
5080,【網路收集系列】福利姬 小容仔咕咕咕《 調教 》VIP福利帖【37P】,【網路收集系列】福利姬 小容仔咕咕咕《 調教 》VIP福利帖【37P】亚洲情色,"小容仔,咕咕咕","调教凌辱,特典推荐"
5085,【XIAOYU畫語系列】2021.06.18 Vol.552 楊晨晨Yome 完整版無水印寫真【52P】,【XIAOYU畫語系列】2021.06.18 Vol.552 楊晨晨Yome 完整版無水印寫真【52P】亚洲情色,Xiaoyu Yome P,"秘书,OL"
5086,【網路收集系列】美模 小黎 無聖光大尺度VIP福利帖4【100P】,【網路收集系列】美模 小黎 無聖光大尺度VIP福利帖4【100P】亚洲情色,小黎,"特典推荐,誘人"
5087,【XIAOYU畫語系列】2021.06.23 Vol.555 娜比 完整版無水印寫真【79P】,【XIAOYU畫語系列】2021.06.23 Vol.555 娜比 完整版無水印寫真【79P】亚洲情色,"Xiaoyu,娜比","秘书,OL"
5088,【SIW斯文傳媒系列】VOL.053 綠茵白領 龍哥【61P】,【SIW斯文傳媒系列】VOL.053 綠茵白領 龍哥【61P】亚洲情色,"Siw P,龙哥,绿茵,斯文","秘书,OL"
5094,【MFStar模范學院】2021.06.21 Vol.507 模特合集 完整版無水印寫真【50P】,【MFStar模范學院】2021.06.21 Vol.507 模特合集 完整版無水印寫真【50P】亚洲情色,Mfstar,"精华,模特,秘书,OL"
5095,【台模美腿系列】長腿美模 李小星 藍色比基尼泳衣 高跟美腿外拍【92P】,【台模美腿系列】長腿美模 李小星 藍色比基尼泳衣 高跟美腿外拍【92P】亚洲情色,李小星,"美腿,泳装水着,高跟鞋,模特"
5098,寫真美少女吉澤遙奈 白嫩纖瘦又超有料完美身線太有感 (33P),寫真美少女吉澤遙奈 白嫩纖瘦又超有料完美身線太有感 (33P)亚洲情色,尚未分類,"巨乳大奶,皮肤白皙,多P群交,美女,少女,妹子"
5099,性感美女演員工藤美桜 纖瘦姿態超撩人撫媚姿態畫面感十足 (52P),性感美女演員工藤美桜 纖瘦姿態超撩人撫媚姿態畫面感十足 (52P)亚洲情色,尚未分類,"网红艺人,员工,性感美女,AV女优,美女"
5100,性感女主播塩地美澄裸體泡湯解禁 (31P),性感女主播塩地美澄裸體泡湯解禁 (31P)亚洲情色,"美澄,塩地","主播/主持人,裸体,性感美女"
5101,秀人模特-轉轉Lisa性感寫真 (36P),秀人模特-轉轉Lisa性感寫真 (36P)亚洲情色,尚未分類,"模特,性感美女"
5105,原創攝影師破神作品-2 雙城記 (54P),原創攝影師破神作品-2 雙城記 (54P)亚洲情色,尚未分類,"多P群交,原创,摄影师,自拍"
5108,美艷艷模 夢心月 情慾大尺度高清裸拍 (100P),美艷艷模 夢心月 情慾大尺度高清裸拍 (100P)亚洲情色,美艳艳,"高画质,誘人,模特"
5110,日本國民Cosplaye伊織もえ水汪大眼甜笑迷人白嫩美乳緊夾深溝 (46P),日本國民Cosplaye伊織もえ水汪大眼甜笑迷人白嫩美乳緊夾深溝 (46P)亚洲情色,尚未分類,"美乳,巨乳大奶,日本,皮肤白皙"
5116,清純正統派美少女吉田莉桜 大秀性感姿態甜笑讓人戀愛 (41P),清純正統派美少女吉田莉桜 大秀性感姿態甜笑讓人戀愛 (41P)亚洲情色,吉田莉桜,"清纯,性感美女,美女,少女,妹子,恋爱"
5117,千金模特兒橋本萌花 美艷奪目挺奶翹臀誘惑你步入她的情慾陷阱 (32P),千金模特兒橋本萌花 美艷奪目挺奶翹臀誘惑你步入她的情慾陷阱 (32P)亚洲情色,千金,"千金小姐,巨乳大奶,模特"
5121,極品小姐姐 (75P),極品小姐姐 (75P)亚洲情色,尚未分類,"姊姊,美女"
5122,小尤奈《镂空透視內衣與魅惑黑色內衣》,小尤奈《镂空透視內衣與魅惑黑色內衣》亚洲情色,小尤奈,"魅惑,只穿内衣"
5126,性感高爾夫教練野田すみれ 魅惑電眼加上健美體態有夠動人 (31P),性感高爾夫教練野田すみれ 魅惑電眼加上健美體態有夠動人 (31P)亚洲情色,野田すみれ,"健身教练,魅惑,身材好,性感美女"
5127,越南應召女郎合集74 (102P),越南應召女郎合集74 (102P)亚洲情色,尚未分類,"精华,越南,美女"
5129,張優ayoyo《巨乳女神》,張優ayoyo《巨乳女神》亚洲情色,尚未分類,"巨乳大奶,美女"
5130,鄭穎姗Bev - 情趣蜘蛛俠服飾系列 (43P),鄭穎姗Bev - 情趣蜘蛛俠服飾系列 (43P)亚洲情色,Bev P,"多P群交,情趣,cos扮演"
5133,美女可以不要抱抱枕嗎可以來抱抱我(希威社林雅琪) (72P),美女可以不要抱抱枕嗎可以來抱抱我(希威社林雅琪) (72P)亚洲情色,"林雅琪,林雅琪",美女
5134,美女外送員橋本萌花 溢軟嫩側乳翹挺蜜桃臀性感報錶 (35P),美女外送員橋本萌花 溢軟嫩側乳翹挺蜜桃臀性感報錶 (35P)亚洲情色,桥本,"巨乳大奶,翘臀美尻,美女,性感美女"
5136,夢心月 解放牛仔魅惑展現身體曲線 (52P),夢心月 解放牛仔魅惑展現身體曲線 (52P)亚洲情色,夢心月,"巨乳大奶,魅惑"
5144,少女模特豊田ルナ 誘人胴體散發高溫熱情燃慾火 (56P),少女模特豊田ルナ 誘人胴體散發高溫熱情燃慾火 (56P)亚洲情色,尚未分類,"少女,妹子,淫荡淫乱,淫女,模特"
5146,思淇Sukiiii《誘惑蕾絲+束條內衣》,思淇Sukiiii《誘惑蕾絲+束條內衣》亚洲情色,Sukiiii,"丝袜,只穿内衣"
5150,無聖光大胸部美女圖 (39P),無聖光大胸部美女圖 (39P)亚洲情色,无圣光大,"巨乳大奶,美女"
5151,洗澡澡這麼誘人、妳這個小壞壞-ArtGravia 孫樂樂（Son Ye-Eun） (90P),洗澡澡這麼誘人、妳這個小壞壞-ArtGravia 孫樂樂（Son Ye-Eun） (90P)亚洲情色,Artgravia Eun,"淫女,浴室"
5152,[@factory]Astolfo (71P),[@factory]Astolfo (71P)亚洲情色,Astolfo P,"秘书,OL"
5153,[ArtGravia] vol.318 Kang Inkyung (100P),[ArtGravia] vol.318 Kang Inkyung (100P)亚洲情色,Artgravia Vol Kang Inkyung P,"秘书,OL"
5155,[DJAWA] Jenny - Empress of Bunny (74P),[DJAWA] Jenny - Empress of Bunny (74P)亚洲情色,Djawa P,多P群交
5156,[X-City] 2019-07-21 Juicy Honey トレカ連動寫真集 jh231 Miku Abeno 阿部乃みく (100P),[X-City] 2019-07-21 Juicy Honey トレカ連動寫真集 jh231 Miku Abeno 阿部乃みく (100P)亚洲情色,"City Juicy Jh231 Miku Abeno,トレカ,连动",写真集
5158,[尤蜜YouMi] 沈夢瑤 - 溫泉浴室 (39P),[尤蜜YouMi] 沈夢瑤 - 溫泉浴室 (39P)亚洲情色,Youmi,"温泉,浴室"
5162,Cris_卓娅祺《欲望燃燒的的浴室私房》,Cris_卓娅祺《欲望燃燒的的浴室私房》亚洲情色,尚未分類,浴室
5166,超治愈大姐姐塩地美澄 日本超氣質女主播笑容陽光 (41P),超治愈大姐姐塩地美澄 日本超氣質女主播笑容陽光 (41P)亚洲情色,塩地美澄,"主播/主持人,日本,仙女文青,姊姊"
5167,越南應召女郎合集15 (82P),越南應召女郎合集15 (82P)亚洲情色,越南應召女,"精华,越南,美女"
5168,越南應召女郎合集16 (95P),越南應召女郎合集16 (95P)亚洲情色,越南應召女,"精华,越南,美女"
5169,越南應召女郎合集17 (75P),越南應召女郎合集17 (75P)亚洲情色,越南應召女,"精华,越南,美女"
5170,越南應召女郎合集18 (81P),越南應召女郎合集18 (81P)亚洲情色,越南應召女,"精华,越南,美女"
5172,越南應召女郎合集19 (70P),越南應召女郎合集19 (70P)亚洲情色,越南應召女,"精华,越南,美女"
5173,越南應召女郎合集20 (40P),越南應召女郎合集20 (40P)亚洲情色,越南應召女,"精华,越南,美女"
5174,今いちばん売れてるAV女優「MINAMO」アダルト寫真集グラビアまとめ (40P),今いちばん売れてるAV女優「MINAMO」アダルト寫真集グラビアまとめ (40P)亚洲情色,"Minamo,アダルト","AV女优,写真集"
5175,越南應召女郎合集21 (57P),越南應召女郎合集21 (57P)亚洲情色,越南應召女,"精华,越南,美女"
5176,越南應召女郎合集22 (68P),越南應召女郎合集22 (68P)亚洲情色,越南應召女,"精华,越南,美女"
5179,越南應召女郎合集23 (91P),越南應召女郎合集23 (91P)亚洲情色,越南應召女,"精华,越南,美女"
5183,[福利姬一只肉醬阿] 印熊 (54P),[福利姬一只肉醬阿] 印熊 (54P)亚洲情色,印熊,多P群交
5184,[ 有喵醬 ] Pink School Unifrom (81P),[ 有喵醬 ] Pink School Unifrom (81P)亚洲情色,有喵醬,"秘书,OL"
5185,越南應召女郎合集24 (82P),越南應召女郎合集24 (82P)亚洲情色,越南應召女,"精华,越南,美女"
5192,大胸國模閆盼盼(洗澡堂) (31P),大胸國模閆盼盼(洗澡堂) (31P)亚洲情色,闫盼盼,"浴室,模特"
5194,越南應召女郎合集25 (88P),越南應召女郎合集25 (88P)亚洲情色,越南應召女,"精华,越南,美女"
5195,越南應召女郎合集26 (95P),越南應召女郎合集26 (95P)亚洲情色,越南應召女,"精华,越南,美女"
5203,芝芝Booty写真[39P],芝芝Booty写真[39P]亚洲情色,芝芝,写真影片
5204,女神芝芝Booty露背长裙配超薄肉丝秀丰满身材诱惑[42P],女神芝芝Booty露背长裙配超薄肉丝秀丰满身材诱惑[42P]亚洲情色,芝芝,"挑逗,裙裝,身材好,美女"
5205,可乐Vicky私房粉色连身吊裙配肉丝裤袜秀完美身材诱惑[38P],可乐Vicky私房粉色连身吊裙配肉丝裤袜秀完美身材诱惑[38P]亚洲情色,Vicky P,"挑逗,丝袜,身材好"
5215,少女映画-春日野穹 黑旗袍[46P],少女映画-春日野穹 黑旗袍[46P]亚洲情色,尚未分類,"少女,妹子,旗袍"
5218,[[MTCos] 喵糖映畫 Vol.117 南鴿 透明女仆 [50P],[[MTCos] 喵糖映畫 Vol.117 南鴿 透明女仆 [50P]亚洲情色,"南鸽,喵糖","女仆,秘书,OL"
5219,[MTCos] 喵糖映畫 Vol.117 南鴿 透明女仆 [50P],[MTCos] 喵糖映畫 Vol.117 南鴿 透明女仆 [50P]亚洲情色,Mtcos P,"女仆,秘书,OL"
5221,[白襪襪格羅丫] Loligirl naked body selfie (45P),[白襪襪格羅丫] Loligirl naked body selfie (45P)亚洲情色,"格罗丫,Loligirl","丝袜,秘书,OL"
5226,夢馨 大尺度公寓私拍 無水印高清套圖 pr1 (200P),夢馨 大尺度公寓私拍 無水印高清套圖 pr1 (200P)亚洲情色,梦馨,"高画质,誘人"
5227,夢馨 大尺度公寓私拍 無水印高清套圖 pt.2 (200P),夢馨 大尺度公寓私拍 無水印高清套圖 pt.2 (200P)亚洲情色,梦馨,"高画质,誘人"
5228,夢馨 大尺度公寓私拍 無水印高清套圖 pt.3 (200P),夢馨 大尺度公寓私拍 無水印高清套圖 pt.3 (200P)亚洲情色,梦馨,"高画质,誘人"
5234,[有喵醬] 純白少女 (51P),[有喵醬] 純白少女 (51P)亚洲情色,有喵醬,"少女,妹子"
5236,AKAMI EIGA 瘾少女 Cute Girl On The Bed (68P),AKAMI EIGA 瘾少女 Cute Girl On The Bed (68P)亚洲情色,Akami Eiga,"少女,妹子"
5245,腿模Vicni 美腿写真集[35P],腿模Vicni 美腿写真集[35P]亚洲情色,Vicni,"美腿,写真集,模特,写真影片"
5257,抖娘利世 - 蕾丝珍珠[45P],抖娘利世 - 蕾丝珍珠[45P]亚洲情色,尚未分類,丝袜
5265,安久奈白教室露出 (35P),安久奈白教室露出 (35P)亚洲情色,安久奈白,"野外露出,教室"
5268,Misaki Suzuki - Sexy girl in old china architecture (44P),Misaki Suzuki - Sexy girl in old china architecture (44P)亚洲情色,Misaki Suzuki Sexy China,"多P群交,秘书,OL"
5274,ArtGravia 孫樂樂（Son Ye-Eun）黑色薄紗睡衣 (63P),ArtGravia 孫樂樂（Son Ye-Eun）黑色薄紗睡衣 (63P)亚洲情色,Artgravia Ye Eun,"情趣服装,多P群交,睡衣"
5275,ArtGravia Bambi 밤비(角色扮演) (72P),ArtGravia Bambi 밤비(角色扮演) (72P)亚洲情色,Artgravia Bambi P,cos扮演
5276,【網路收集】秀人網Vol.3970 尹甜甜 (43P),【網路收集】秀人網Vol.3970 尹甜甜 (43P)亚洲情色,尹甜甜,"多P群交,秘书,OL"
5277,【網路收集】秀人網Vol.3969 柚子 (59P),【網路收集】秀人網Vol.3969 柚子 (59P)亚洲情色,秀人网,"秘书,OL"
5278,【網路收集】HUAYANG花漾 Vol.451 玥兒玥 (67P),【網路收集】HUAYANG花漾 Vol.451 玥兒玥 (67P)亚洲情色,Huayang,"秘书,OL"
5280,[XiuRen秀人網] 2021.09.18 No.3972 魚子醬Fish 劇情主題系列 [112P],[XiuRen秀人網] 2021.09.18 No.3972 魚子醬Fish 劇情主題系列 [112P]亚洲情色,Xiuren Fish,剧情
5282,[XiuRen秀人網] 2021.09.18 No.3970 尹甜甜 運動內衣 [47P],[XiuRen秀人網] 2021.09.18 No.3970 尹甜甜 運動內衣 [47P]亚洲情色,尹甜甜,"只穿内衣,运动"
5283,[IMISS愛蜜社] 2021.09.18 VOL.632 Evon陳贊之 酷爽機車與魅力皮衣 [56P],[IMISS愛蜜社] 2021.09.18 VOL.632 Evon陳贊之 酷爽機車與魅力皮衣 [56P]亚洲情色,"陈赞之,爱蜜社,Imiss Evon P","颜值漂亮,机车,秘书,OL"
5285,基列莱特[34P],基列莱特[34P]亚洲情色,基列莱特,多P群交
5298,美女宇儿[47P],美女宇儿[47P]亚洲情色,宇儿,美女
5300,美艳少妇爱丽莎白皙肌肤让人眼前一亮[47P],美艳少妇爱丽莎白皙肌肤让人眼前一亮[47P]亚洲情色,爱丽莎,"年轻少妇,皮肤白皙"
5301,桃瓣儿翘高长腿诱惑你（14）[50P],桃瓣儿翘高长腿诱惑你（14）[50P]亚洲情色,桃瓣儿,"美腿,挑逗"
5306,性感御姐赵小米泳装台球一杆进洞[39P],性感御姐赵小米泳装台球一杆进洞[39P]亚洲情色,赵小米,"泳装水着,御姐,性感美女"
5308,沈佳熹居家[43P],沈佳熹居家[43P]亚洲情色,沈佳熹,"家裏,多P群交"
5312,李梓熙——情趣SM[32P],李梓熙——情趣SM[32P]亚洲情色,李梓熙,"BDSM,情趣"
5335,模特王心怡清纯校服主题宿舍半脱露性感内衣秀曼妙身材诱惑写真[73P],模特王心怡清纯校服主题宿舍半脱露性感内衣秀曼妙身材诱惑写真[73P]亚洲情色,王心怡,"学生服,清纯,学生,挑逗,身材好,性感美女,多P群交,写真集,模特,写真影片,只穿内衣"
5336,周慕汐baby私房碎花裙露超薄无内肉丝裤袜秀翘臀诱惑写真[57P],周慕汐baby私房碎花裙露超薄无内肉丝裤袜秀翘臀诱惑写真[57P]亚洲情色,尚未分類,"写真影片,挑逗,写真集,翘臀美尻,丝袜"
5352,童颜巨乳妹子@糯美子Mini首套写真[70P],童颜巨乳妹子@糯美子Mini首套写真[70P]亚洲情色,糯美子,"巨乳大奶,萝莉,妹系,写真影片"
5364,女神杨晨晨Yome私房猩红低胸吊裙配无内黑丝裤袜完美诱惑写真[57P],女神杨晨晨Yome私房猩红低胸吊裙配无内黑丝裤袜完美诱惑写真[57P]亚洲情色,Yome,"挑逗,低胸装,写真集,美女,写真影片,丝袜"
5370,香艳写真（81）赵小米&顾乔楠[50P],香艳写真（81）赵小米&顾乔楠[50P]亚洲情色,赵小米,写真影片
5371,香艳写真（80）赵小米[50P],香艳写真（80）赵小米[50P]亚洲情色,赵小米,写真影片
5372,香艳写真（79）九月生&栗子Riz[50P],香艳写真（79）九月生&栗子Riz[50P]亚洲情色,九月生,写真影片
5373,香艳写真（78）九月生[50P],香艳写真（78）九月生[50P]亚洲情色,九月生,写真影片
5374,香艳写真（77）王雨纯[50P],香艳写真（77）王雨纯[50P]亚洲情色,王雨纯,写真影片
5375,香艳写真（76）萌汉药&王雨纯[50P],香艳写真（76）萌汉药&王雨纯[50P]亚洲情色,王雨纯,写真影片
5379,勾魂倩女诗诗kiki肉丝玉足娇羞遮乳[50P],勾魂倩女诗诗kiki肉丝玉足娇羞遮乳[50P]亚洲情色,Kiki P,誘人
5381,完美女人尤妮丝夹心巨乳捆绑诱惑[50P],完美女人尤妮丝夹心巨乳捆绑诱惑[50P]亚洲情色,尤妮丝,"调教凌辱,巨乳大奶,挑逗,美女"
5382,香艳写真（75）糯美子&萌汉药[50P],香艳写真（75）糯美子&萌汉药[50P]亚洲情色,糯美子,写真影片
5383,香艳写真（74）糯美子[50P],香艳写真（74）糯美子[50P]亚洲情色,糯美子,写真影片
5384,香艳写真（73）尹菲[50P],香艳写真（73）尹菲[50P]亚洲情色,尹菲,写真影片
5405,夜店女王极品尤物艺轩这颜值这美腿真是让人疯狂了[50P],夜店女王极品尤物艺轩这颜值这美腿真是让人疯狂了[50P]亚洲情色,艺轩,"美腿,颜值漂亮,老板娘,女主人,夜店"
5418,女神周于希Sandy私房半脱露豪乳胶带裹身撩人诱惑写真[53P],女神周于希Sandy私房半脱露豪乳胶带裹身撩人诱惑写真[53P]亚洲情色,周于希,"巨乳大奶,挑逗,多P群交,写真集,美女,胶带,写真影片"
5420,女神王雨纯私房紫色镂空服饰秀丰乳肥臀诱惑写真[48P],女神王雨纯私房紫色镂空服饰秀丰乳肥臀诱惑写真[48P]亚洲情色,王雨纯,"写真集,挑逗,美女,写真影片"
5423,谭晓彤-合集[56P],谭晓彤-合集[56P]亚洲情色,谭晓彤,精华
5424,可爱妹子cos霊夢「100P」,可爱妹子cos霊夢「100P」亚洲情色,霊梦,"萝莉,妹系,cos扮演"
5426,童颜巨乳妹子@糯美子Mini[59P],童颜巨乳妹子@糯美子Mini[59P]亚洲情色,糯美子,"巨乳大奶,萝莉,妹系"
5432,童颜巨乳妹子@糯美子[60P],童颜巨乳妹子@糯美子[60P]亚洲情色,糯美子,"巨乳大奶,萝莉,妹系"
5443,夺命女郎杨晨晨蕾丝网袜情趣妩媚[50P],夺命女郎杨晨晨蕾丝网袜情趣妩媚[50P]亚洲情色,杨晨晨,"网袜,丝袜,情趣,美女"
5444,热辣小姐蓝夏丝袜包臀上演湿身诱惑[50P],热辣小姐蓝夏丝袜包臀上演湿身诱惑[50P]亚洲情色,蓝夏,"丝袜,挑逗,美女"
5445,风骚夜猫玉兔miki蕾丝情趣皮鞭调教[50P],风骚夜猫玉兔miki蕾丝情趣皮鞭调教[50P]亚洲情色,玉兔,"调教凌辱,风俗嬢,妓女,丝袜,情趣"
5447,迷情少妇梦心玥肉体美妙令人痴醉[37P],迷情少妇梦心玥肉体美妙令人痴醉[37P]亚洲情色,尚未分類,年轻少妇
5448,香艳写真（72）田小燕&尹菲[50P],香艳写真（72）田小燕&尹菲[50P]亚洲情色,田小燕 尹菲,写真影片
5458,芝芝Booty写真[46P],芝芝Booty写真[46P]亚洲情色,芝芝,写真影片
5461,方子萱私房浴室高叉连体衣配肉丝裤袜湿身诱惑[33P],方子萱私房浴室高叉连体衣配肉丝裤袜湿身诱惑[33P]亚洲情色,方子萱,"多P群交,浴室,丝袜,挑逗"
5462,Vol.379 童颜巨乳妹子@糯美子Mini比基尼写真[100P],Vol.379 童颜巨乳妹子@糯美子Mini比基尼写真[100P]亚洲情色,糯美子,"写真影片,巨乳大奶,萝莉,妹系,秘书,OL"
5464,糯美子Mini - 童颜巨乳内衣写真[54P],糯美子Mini - 童颜巨乳内衣写真[54P]亚洲情色,Mini P,"巨乳大奶,萝莉,妹系,多P群交,写真影片,只穿内衣"
5467,香艳写真（71）唐婉儿&田小燕[50P],香艳写真（71）唐婉儿&田小燕[50P]亚洲情色,"唐婉儿,田小燕",写真影片
5468,香艳写真（70）唐婉儿[50P],香艳写真（70）唐婉儿[50P]亚洲情色,唐婉儿,写真影片
5469,香艳写真（69）妲己&唐婉儿[50P],香艳写真（69）妲己&唐婉儿[50P]亚洲情色,"唐婉儿,妲己",写真影片
5470,香艳写真（68）妲己[50P],香艳写真（68）妲己[50P]亚洲情色,妲己,写真影片
5478,韩静安写真[48P],韩静安写真[48P]亚洲情色,韩静安,写真影片
5479,夏茉GIGI家居小清凉+性感猫女装Vol.024[55P],夏茉GIGI家居小清凉+性感猫女装Vol.024[55P]亚洲情色,小清凉,"TS美妖,性感美女,秘书,OL"
5481,王瑾轩 轻熟韵味No.829[40P],王瑾轩 轻熟韵味No.829[40P]亚洲情色,王瑾轩,丰满
5484,女神周于希Sandy大理旅拍女侦探剧情主题半脱撩人姿势诱惑写真[50P],女神周于希Sandy大理旅拍女侦探剧情主题半脱撩人姿势诱惑写真[50P]亚洲情色,大理旅,"挑逗,cos扮演,写真集,美女,写真影片,剧情"
5499,香艳写真（67）赵小米&李七喜[50P],香艳写真（67）赵小米&李七喜[50P]亚洲情色,赵小米,写真影片
5500,甜心宝贝卓娅祺多汁美乳湿身诱惑[50P],甜心宝贝卓娅祺多汁美乳湿身诱惑[50P]亚洲情色,卓娅祺,"美乳,挑逗"
5501,全民女神王雨纯极品爆乳尺度巨大[50P],全民女神王雨纯极品爆乳尺度巨大[50P]亚洲情色,王雨纯,"巨乳大奶,誘人,美女"
5502,勾魂新娘玉兔miki丝滑巨乳风骚蚀骨[50P],勾魂新娘玉兔miki丝滑巨乳风骚蚀骨[50P]亚洲情色,新娘,"年轻少妇,巨乳大奶,誘人,风俗嬢,妓女"
5503,香艳写真（66）楚楚&白茹雪&赵小米[50P],香艳写真（66）楚楚&白茹雪&赵小米[50P]亚洲情色,"赵小米,楚楚",写真影片
5504,香艳写真（65）张俊佳&楚楚[50P],香艳写真（65）张俊佳&楚楚[50P]亚洲情色,"张俊佳,楚楚",写真影片
5505,香艳写真（64）小九月&张俊佳[50P],香艳写真（64）小九月&张俊佳[50P]亚洲情色,"张俊佳,小九月",写真影片
5506,暧昧人妻任莹樱豪乳蜜臀很迷人[50P],暧昧人妻任莹樱豪乳蜜臀很迷人[50P]亚洲情色,任莹樱,"已婚人妻,巨乳大奶"
5517,朱可儿 - 魅惑极致的黑丝内衣写真[40P],朱可儿 - 魅惑极致的黑丝内衣写真[40P]亚洲情色,朱可儿,"魅惑,丝袜,只穿内衣,写真影片"
5518,可樂写真[51P],可樂写真[51P]亚洲情色,可乐,写真影片
5521,陆萱萱写真[36P],陆萱萱写真[36P]亚洲情色,陆萱萱,写真影片
5524,性感女神可儿精彩合集套图[69P],性感女神可儿精彩合集套图[69P]亚洲情色,可儿,"精华,美女,性感美女"
5528,尤物女神艺轩性感破丝袜极品诱人护士装诱惑[50P],尤物女神艺轩性感破丝袜极品诱人护士装诱惑[50P]亚洲情色,尤物,"挑逗,性感美女,护理师,美女,淫女,丝袜"
5532,红黑配恶魔小护士~cos风，这个装扮很让人上火的[35P],红黑配恶魔小护士~cos风，这个装扮很让人上火的[35P]亚洲情色,Cos,"护理师,恶魔,cos扮演"
5535,倾城容颜玉兔miki丝滑巨乳湿身诱惑[50P],倾城容颜玉兔miki丝滑巨乳湿身诱惑[50P]亚洲情色,"倾城,Miki","巨乳大奶,挑逗"
5536,热辣女友冯木木丝袜包臀半裸诱惑[50P],热辣女友冯木木丝袜包臀半裸诱惑[50P]亚洲情色,尚未分類,"女朋友,丝袜,挑逗,惹火辣妹"
5537,香艳写真（63）爱丽莎&小九月[50P],香艳写真（63）爱丽莎&小九月[50P]亚洲情色,小九月,写真影片
5538,香艳写真（62）杨晨晨&爱丽莎[50P],香艳写真（62）杨晨晨&爱丽莎[50P]亚洲情色,杨晨晨,写真影片
5539,香艳写真（61）杨晨晨[50P],香艳写真（61）杨晨晨[50P]亚洲情色,杨晨晨,写真影片
5553,唐安琪写真[37P],唐安琪写真[37P]亚洲情色,唐安琪,写真影片
5554,芝芝Booty写真[47P],芝芝Booty写真[47P]亚洲情色,"芝芝,Booty",写真影片
5555,Flower朱可儿 - 情趣内衣与浴室系列[41P],Flower朱可儿 - 情趣内衣与浴室系列[41P]亚洲情色,朱可儿,"只穿内衣,情趣服装,浴室,情趣"
5559,cosplay蒂法·洛克哈特「52P」,cosplay蒂法·洛克哈特「52P」亚洲情色,蒂法·洛克哈特,cos扮演
5561,服务小姐周慕汐黑丝高跟美腿秀身材[50P],服务小姐周慕汐黑丝高跟美腿秀身材[50P]亚洲情色,周慕汐,"高跟鞋,美腿,身材好,美女,丝袜"
5572,糯米NM 真空丝袜护士制服诱惑 制服诱惑图片-淑女爱美图[41P],糯米NM 真空丝袜护士制服诱惑 制服诱惑图片-淑女爱美图[41P]亚洲情色,Nm,"学生,挑逗,护理师,写真集,丝袜"
5581,绮里嘉ula - 蕾丝镂空内衣的精妙与筒袜诱惑[38P],绮里嘉ula - 蕾丝镂空内衣的精妙与筒袜诱惑[38P]亚洲情色,Ula,"只穿内衣,丝袜,挑逗"
5589,孙梦瑶黑色套装性感诱人[32P],孙梦瑶黑色套装性感诱人[32P]亚洲情色,孙梦瑶,"淫女,性感美女,秘书,OL"
5596,极品媚娘周思乔修身旗袍风骚蚀骨[50P],极品媚娘周思乔修身旗袍风骚蚀骨[50P]亚洲情色,周思乔,"风俗嬢,妓女,旗袍"
5597,香艳写真（60）易阳[50P],香艳写真（60）易阳[50P]亚洲情色,易阳,写真影片
5598,香艳写真（59）张优&易阳[50P],香艳写真（59）张优&易阳[50P]亚洲情色,张优,写真影片
5599,香艳写真（58）珍妮&张优[50P],香艳写真（58）珍妮&张优[50P]亚洲情色,珍妮,写真影片
5603,多情秘书王雨纯黑丝包臀豪乳深沟[50P],多情秘书王雨纯黑丝包臀豪乳深沟[50P]亚洲情色,王雨,"巨乳大奶,丝袜,秘书,OL"
5604,沐浴娇娘糯美子巨乳丰臀稚嫩可口[50P],沐浴娇娘糯美子巨乳丰臀稚嫩可口[50P]亚洲情色,糯美子,"傲嬌,巨乳大奶,翘臀美尻"
5605,高挑人妻顾乔楠绝色胴体全裸诱惑[50P],高挑人妻顾乔楠绝色胴体全裸诱惑[50P]亚洲情色,顾乔楠,"已婚人妻,裸体,高挑,挑逗"
5606,香艳写真（57）冰冰&珍妮[50P],香艳写真（57）冰冰&珍妮[50P]亚洲情色,冰冰,写真影片
5607,香艳写真（56）冰冰[50P],香艳写真（56）冰冰[50P]亚洲情色,冰冰,写真影片
5608,香艳写真（55）子芯&大晗[50P],香艳写真（55）子芯&大晗[50P]亚洲情色,大晗,写真影片
5665,周小然《爆乳尤物_性感巨乳内衣诱惑》[45P],周小然《爆乳尤物_性感巨乳内衣诱惑》[45P]亚洲情色,周小然,"只穿内衣,巨乳大奶,挑逗,性感美女"
5667,香艳写真（54）温心怡&子芯[50P],香艳写真（54）温心怡&子芯[50P]亚洲情色,温心怡 子芯,写真影片
5668,香艳写真（53）周妍希&温心怡[50P],香艳写真（53）周妍希&温心怡[50P]亚洲情色,周妍希,写真影片
5669,香艳写真（52）周妍希[50P],香艳写真（52）周妍希[50P]亚洲情色,周妍希,写真影片
5671,热辣秘书田小燕黑丝高跟隐约露美乳[50P],热辣秘书田小燕黑丝高跟隐约露美乳[50P]亚洲情色,田小燕,"美乳,高跟鞋,丝袜,秘书,OL"
5672,香艳写真（51）栗子&李梓熙[50P],香艳写真（51）栗子&李梓熙[50P]亚洲情色,李梓熙,写真影片
5673,香艳写真（50）曼苏拉娜&栗子[50P],香艳写真（50）曼苏拉娜&栗子[50P]亚洲情色,曼苏拉娜,写真影片
5675,激萌学生妹陶喜乐黑丝短裙酥胸迷人[50P],激萌学生妹陶喜乐黑丝短裙酥胸迷人[50P]亚洲情色,喜乐,"巨乳大奶,丝袜,学生,裙裝"
5694,Yura Kano 架乃ゆら Hi-Color[43P],Yura Kano 架乃ゆら Hi-Color[43P]亚洲情色,"Yura Kano Hi,架乃ゆら","多P群交,秘书,OL"
5697,性感翘臀女仆与cos小野猫，我个人更喜欢女仆翘臀小姐姐[32P],性感翘臀女仆与cos小野猫，我个人更喜欢女仆翘臀小姐姐[32P]亚洲情色,尚未分類,"姊姊,女仆,性感美女,cos扮演,美女,翘臀美尻"
5699,海滨度假白嫩美女茜茜尽展迷人风情[40P],海滨度假白嫩美女茜茜尽展迷人风情[40P]亚洲情色,尚未分類,"皮肤白皙,美女"
5703,战姝羽洗白白大床上等着你[47P],战姝羽洗白白大床上等着你[47P]亚洲情色,战姝羽,床上
5706,香艳写真（48）芊雪&刘钰儿[50P],香艳写真（48）芊雪&刘钰儿[50P]亚洲情色,芊雪,写真影片
5707,香艳写真（47）周于希&豆豆[50P],香艳写真（47）周于希&豆豆[50P]亚洲情色,豆豆,写真影片
5708,香艳写真（46）九儿&周于希[50P],香艳写真（46）九儿&周于希[50P]亚洲情色,周于希,写真影片
5709,职业装小姐姐杨晨晨的诱惑[40P],职业装小姐姐杨晨晨的诱惑[40P]亚洲情色,杨晨晨,"挑逗,秘书,OL,姊姊,美女,各种职业"
5712,迷死人的刘飞儿小姐姐114[43P],迷死人的刘飞儿小姐姐114[43P]亚洲情色,刘飞儿,"多P群交,姊姊,美女"
5724,魅惑尤物刘钰儿雪白胴体让人血脉偾张[40P],魅惑尤物刘钰儿雪白胴体让人血脉偾张[40P]亚洲情色,刘钰儿,魅惑
5731,香艳写真（45）姖尹&九儿[50P],香艳写真（45）姖尹&九儿[50P]亚洲情色,姖尹,写真影片
5732,香艳写真（44）美喻&姖尹[50P],香艳写真（44）美喻&姖尹[50P]亚洲情色,美喻,写真影片
5733,香艳写真（43）苏可儿&美喻[50P],香艳写真（43）苏可儿&美喻[50P]亚洲情色,苏可儿,写真影片
5734,甜甜小妹白茹雪丝滑胴体大尺度露出[50P],甜甜小妹白茹雪丝滑胴体大尺度露出[50P]亚洲情色,白茹雪,"野外露出,誘人"
5735,职业情人程慧娴黑丝美臀无限诱惑[50P],职业情人程慧娴黑丝美臀无限诱惑[50P]亚洲情色,程慧娴,"丝袜,翘臀美尻,挑逗,各种职业"
5744,日本宅男女神杉原杏璃湿身诱惑显巨乳[50P],日本宅男女神杉原杏璃湿身诱惑显巨乳[50P]亚洲情色,"杉原,杏璃","巨乳大奶,日本,挑逗,美女"
5745,如果能回到从前，只想看看潘金莲[34P],如果能回到从前，只想看看潘金莲[34P]亚洲情色,潘金莲,多P群交
5754,勾人秘书周妍希黑丝美腿撩人欲罢不能[45P],勾人秘书周妍希黑丝美腿撩人欲罢不能[45P]亚洲情色,周妍希,"美腿,誘人,丝袜,秘书,OL"
5766,高颜值超清纯虎牙小嫩妹笑的真甜射她一脸[34P],高颜值超清纯虎牙小嫩妹笑的真甜射她一脸[34P]亚洲情色,尚未分類,"颜值漂亮,清纯,虎牙,嫩妹,多P群交"
5769,香艳写真（42）酥小白&苏可儿[50P],香艳写真（42）酥小白&苏可儿[50P]亚洲情色,酥小白,写真影片
5770,香艳写真（41）豆豆&周妍[50P],香艳写真（41）豆豆&周妍[50P]亚洲情色,周妍,写真影片
5772,丰润人妻午后白纱入浴勾人[41P],丰润人妻午后白纱入浴勾人[41P]亚洲情色,尚未分類,"已婚人妻,誘人,浴室"
5789,兔女郎[33P],兔女郎[33P]亚洲情色,兔女郎,"多P群交,美女,cos扮演"
5794,极品尤物妲己丰乳肥臀等你来调教[39P],极品尤物妲己丰乳肥臀等你来调教[39P]亚洲情色,妲己,调教凌辱
5796,尤物蔡文钰两点式内衣秀魔鬼身材[32P],尤物蔡文钰两点式内衣秀魔鬼身材[32P]亚洲情色,蔡文钰,"只穿内衣,魅惑,身材好"
5797,桜桃喵 - 死库水 COS写真[36P],桜桃喵 - 死库水 COS写真[36P]亚洲情色,桜桃,写真影片
5798,性感机长冯木木黑丝高跟制服诱惑[42P],性感机长冯木木黑丝高跟制服诱惑[42P]亚洲情色,冯木木,"高跟鞋,学生,挑逗,性感美女,丝袜"
5801,夏美酱白色透视镂空连体衣与粉色性感内衣私房写真[42P],夏美酱白色透视镂空连体衣与粉色性感内衣私房写真[42P]亚洲情色,夏美酱,"写真影片,只穿内衣,性感美女"
5806,香艳写真（39）杨晨晨&Miki兔[50P],香艳写真（39）杨晨晨&Miki兔[50P]亚洲情色,杨晨晨,写真影片
5807,香艳写真（37）周于希&王沫儿[50P],香艳写真（37）周于希&王沫儿[50P]亚洲情色,周于希,写真影片
5810,极品美爆乳OL秘书，老板肯定hold不住了 [33P],极品美爆乳OL秘书，老板肯定hold不住了 [33P]亚洲情色,尚未分類,"巨乳大奶,多P群交,老板娘,女主人,秘书,OL"
5821,美妙人妻李可可敞开胸怀白嫩美胸很挺[51P],美妙人妻李可可敞开胸怀白嫩美胸很挺[51P]亚洲情色,李可可,"已婚人妻,皮肤白皙"
5828,魅力四射塔利莎[33P],魅力四射塔利莎[33P]亚洲情色,塔利莎,"颜值漂亮,多P群交"
5835,香艳写真（40）Miki兔&豆豆[50P],香艳写真（40）Miki兔&豆豆[50P]亚洲情色,豆豆,写真影片
5836,香艳写真（38）杨晨晨[50P],香艳写真（38）杨晨晨[50P]亚洲情色,杨晨晨,写真影片
5837,香艳写真（36）黄乐然&周于希[50P],香艳写真（36）黄乐然&周于希[50P]亚洲情色,黄乐然,写真影片
5838,香艳写真（35）婕西儿&黄乐然[50P],香艳写真（35）婕西儿&黄乐然[50P]亚洲情色,婕西儿 黄乐然,写真影片
5847,黑丝小姐姐[38P],黑丝小姐姐[38P]亚洲情色,黑丝,"丝袜,姊姊,美女"
5848,黑丝猫咪[38P],黑丝猫咪[38P]亚洲情色,尚未分類,丝袜
5855,推女郎影像月刊田芯娜[40P],推女郎影像月刊田芯娜[40P]亚洲情色,田芯娜,美女
5857,短发少女艾莉白皙翘臀让人分外迷醉[41P],短发少女艾莉白皙翘臀让人分外迷醉[41P]亚洲情色,艾莉,"少女,妹子,翘臀美尻,皮肤白皙"
5858,短发女郎小姿学生装如玉胴体分外诱人[51P],短发女郎小姿学生装如玉胴体分外诱人[51P]亚洲情色,小姿,"学生服,淫女,学生,美女"
5865,尤女郎一身黑胸器巨大表情销魂[33P],尤女郎一身黑胸器巨大表情销魂[33P]亚洲情色,尚未分類,"巨乳大奶,多P群交,美女"
5868,邻家有女初长成-Lynelle Wong[40P],邻家有女初长成-Lynelle Wong[40P]亚洲情色,Lynelle Wong,邻家女孩
5872,长腿尤物许文婷前凸后翘劲爆沙滩[32P],长腿尤物许文婷前凸后翘劲爆沙滩[32P]亚洲情色,许文婷,"美腿,巨乳大奶"
5873,性感女神Egg尤妮丝情趣内衣丰胸肥臀 [43P],性感女神Egg尤妮丝情趣内衣丰胸肥臀 [43P]亚洲情色,Egg P,"巨乳大奶,情趣,情趣服装,性感美女,多P群交,美女,只穿内衣"
5874,香艳写真（34）妲己&尤妮丝[50P],香艳写真（34）妲己&尤妮丝[50P]亚洲情色,尤妮丝,写真影片
5875,香艳写真（31）周妍希&栗子[50P],香艳写真（31）周妍希&栗子[50P]亚洲情色,周妍希,写真影片
5876,香艳写真（32）栗子&李可可[50P],香艳写真（32）栗子&李可可[50P]亚洲情色,李可可,写真影片
5877,香艳写真（33）李可可&妲己[50P],香艳写真（33）李可可&妲己[50P]亚洲情色,李可可,写真影片
5878,香艳写真（30）于思琪&周妍希[50P],香艳写真（30）于思琪&周妍希[50P]亚洲情色,周妍希,写真影片
5879,香艳写真（29）白沫&张雨萌[50P],香艳写真（29）白沫&张雨萌[50P]亚洲情色,白沫,写真影片
5880,香艳写真（28）尹菲&白沫[50P],香艳写真（28）尹菲&白沫[50P]亚洲情色,尹菲,写真影片
5881,香艳写真（27）李可可&尹菲[50P],香艳写真（27）李可可&尹菲[50P]亚洲情色,李可可,写真影片
5882,香艳写真（26）徐cake&果儿[50P],香艳写真（26）徐cake&果儿[50P]亚洲情色,徐,写真影片
5883,香艳写真（25）王婉悠&徐cake[50P],香艳写真（25）王婉悠&徐cake[50P]亚洲情色,Cake,写真影片
5884,香艳写真（24）可儿&王婉悠[50P],香艳写真（24）可儿&王婉悠[50P]亚洲情色,可儿 王婉悠,写真影片
5885,香艳写真（23）易阳&可儿[50P],香艳写真（23）易阳&可儿[50P]亚洲情色,易阳,写真影片
5886,香艳写真（22）易阳[50P],香艳写真（22）易阳[50P]亚洲情色,易阳,写真影片
6240,絲襪美人,絲襪美人,尚未分類,"丝袜,性感美女"
6334,妹子,妹子,尚未分類,"萝莉,妹系"
6352,極品妹子（1,極品妹子（1,尚未分類,"萝莉,妹系"
6710,超女友「霍萱」飽滿圓乳塞好塞滿整個畫面!美乳誘惑讓人融化！,超女友「霍萱」飽滿圓乳塞好塞滿整個畫面!美乳誘惑讓人融化！,霍萱,"女朋友,巨乳大奶,美乳"
6797,IRIS 霍萱 超長美腿超胸身材又甜又辣迷死你(52P),IRIS 霍萱 超長美腿超胸身材又甜又辣迷死你(52P),Iris P,"美腿,身材好"
6798,清純正妹「宓淩 Talise」,清純正妹「宓淩 Talise」,宓凌,"颜值漂亮,清纯"
7046,迷人美女小葵,迷人美女小葵,小葵,美女
7050,營養師正妹,營養師正妹,尚未分類,"颜值漂亮,医师"
7212,銀行氣質正妹 林小欣 制服底下藏著豐滿的雙峰,銀行氣質正妹 林小欣 制服底下藏著豐滿的雙峰,林小欣,"颜值漂亮,仙女文青,学生"
7438,正中你的心，台灣最美愛神「Judy邱比特」,正中你的心，台灣最美愛神「Judy邱比特」,邱比特,台湾
7439,性感貓奴黎嫣Li Yan，擄獲貓也擄獲你的心！,性感貓奴黎嫣Li Yan，擄獲貓也擄獲你的心！,黎嫣,性感美女
7445,超兇混血正妹~湘綾,超兇混血正妹~湘綾,湘绫,颜值漂亮
7447,長期背重物導致腰痠的極品網紅~Yumi.k,長期背重物導致腰痠的極品網紅~Yumi.k,Yumi K,网红艺人
7449,迷網美女神~李優（URIKO）,迷網美女神~李優（URIKO）,Uriko,美女
7451,百變性感女帝~DJ 紀曉嵐 AraSHi,百變性感女帝~DJ 紀曉嵐 AraSHi,纪晓岚,"性感美女,公主"
7453,人氣越來越高的魅惑女神~Lola 蘿拉,人氣越來越高的魅惑女神~Lola 蘿拉,萝拉,"魅惑,美女,秘书,OL"
7548,喜歡親近大自然的正妹 Amber 胸前車頭燈真亮啊,喜歡親近大自然的正妹 Amber 胸前車頭燈真亮啊,尚未分類,"巨乳大奶,颜值漂亮"
7554,清新可愛妹「龍睬崴 MIYA」笑起來甜蜜卻散發著魅惑的性感,清新可愛妹「龍睬崴 MIYA」笑起來甜蜜卻散發著魅惑的性感,龙睬崴,"魅惑,性感美女"
7638,氣質爆表美女,氣質爆表美女,尚未分類,"仙女文青,美女"
7651,展現自己好身材的妹子 婉甄 正面背面都辣到受不了,展現自己好身材的妹子 婉甄 正面背面都辣到受不了,婉甄,"巨乳大奶,萝莉,妹系,身材好"
7760,性感可愛的樂天女孩 小鹿 這個笑容魅力爆表 讓人快撐不住,性感可愛的樂天女孩 小鹿 這個笑容魅力爆表 讓人快撐不住,小鹿,"颜值漂亮,萝莉,妹系,性感美女"
7765,俏麗短髮妹「婷婷Mona」清新氣質不斷外洩 隱乳身材令人好在意呀,俏麗短髮妹「婷婷Mona」清新氣質不斷外洩 隱乳身材令人好在意呀,Mona,"贫乳,仙女文青,身材好,短发"
7770,中職啦啦隊94香～尹樂,中職啦啦隊94香～尹樂,尹乐,cos扮演
7848,昔日的宅男女神 J0 依舊如此的亮眼,昔日的宅男女神 J0 依舊如此的亮眼,J0,"颜值漂亮,美女"
7920,小蠻腰太誘人！網紅 Vo Thuy Hang 看似靦腆嬌羞 穿衣卻意外大膽,小蠻腰太誘人！網紅 Vo Thuy Hang 看似靦腆嬌羞 穿衣卻意外大膽,尚未分類,"网红艺人,淫女"
7942,百貨公司前的「紅衣爆乳妹」，「白皙美胸」讓路人都忍不住回頭！,百貨公司前的「紅衣爆乳妹」，「白皙美胸」讓路人都忍不住回頭！,尚未分類,"巨乳大奶,公司,皮肤白皙,素人,百货公司"
7958,妖豔女孩 纁曖 散發出強烈的氣場,妖豔女孩 纁曖 散發出強烈的氣場,尚未分類,"萝莉,妹系"
8230,氣質感滿滿正妹羽晴 白皙皮膚和雪白美乳加上修長美腿 根本極品!,氣質感滿滿正妹羽晴 白皙皮膚和雪白美乳加上修長美腿 根本極品!,尚未分類,"颜值漂亮,美乳,美腿,皮肤白皙,仙女文青"
8305,讓人忍不住多看好幾遍的韓勾欸正妹,讓人忍不住多看好幾遍的韓勾欸正妹,韩勾,颜值漂亮
8370,抖音女孩潔晞 低胸背心快滿出來,抖音女孩潔晞 低胸背心快滿出來,洁晞,"萝莉,妹系,背心,低胸装"
8410,林衣蘋 火辣爆乳曲線太誘人,林衣蘋 火辣爆乳曲線太誘人,尚未分類,"巨乳大奶,淫女"
8422,韓國IG網紅、內衣模特「Jeonjisu」,韓國IG網紅、內衣模特「Jeonjisu」,Jeonjisu,"网红艺人,韩国,只穿内衣,模特"
8424,韓國IG網紅、模特「민e」,韓國IG網紅、模特「민e」,韩国,"网红艺人,韩国,模特"
8425,韓國IG網紅、模特「U.Hwa」,韓國IG網紅、模特「U.Hwa」,U Hwa,"网红艺人,韩国,模特"
8426,韓國IG網紅、模特「고말숙」,韓國IG網紅、模特「고말숙」,韩国,"网红艺人,韩国,模特"
8547,日本網友評選為最佳美腿Candice 這腿真的是逆天!IG滿滿福利照~,日本網友評選為最佳美腿Candice 這腿真的是逆天!IG滿滿福利照~,日本,"美腿,日本"
8565,火辣身材正妹,火辣身材正妹,尚未分類,"颜值漂亮,身材好"
8582,氣質爆表美女(100P),氣質爆表美女(100P),尚未分類,"仙女文青,美女"
8610,外型亮麗可愛加上白皙的美腿 兄弟啦啦隊正妹 畇二,外型亮麗可愛加上白皙的美腿 兄弟啦啦隊正妹 畇二,尚未分類,"美腿,颜值漂亮,皮肤白皙,cos扮演"
8638,長髮氣質正妹殷微帆 搭配陽光甜笑 真是甜美,長髮氣質正妹殷微帆 搭配陽光甜笑 真是甜美,微帆,"颜值漂亮,仙女文青"
8651,受到疫情影響航班被砍 依舊不影響正妹空姐winnie,受到疫情影響航班被砍 依舊不影響正妹空姐winnie,Winnie,"颜值漂亮,空中小姐"
8679,擁有修長美腿的萱 這腿真的是逆天 IG給你滿滿的福利~,擁有修長美腿的萱 這腿真的是逆天 IG給你滿滿的福利~,萱,美腿
8697,喜歡親近大自然的正妹 Amber 胸前車頭燈真亮啊!,喜歡親近大自然的正妹 Amber 胸前車頭燈真亮啊!,尚未分類,"巨乳大奶,颜值漂亮"
8700,馬來西亞博主日常po出的照片,馬來西亞博主日常po出的照片,马来西亚,"网红艺人,写真集"
8701,Helen巨乳豐臀前後雙殺…彈指間粉碎你的理智線,Helen巨乳豐臀前後雙殺…彈指間粉碎你的理智線,Helen,巨乳大奶
8703,羅菱 清純臉蛋釋放仙女氣質親切隨和爽朗笑容 實在太犯規了,羅菱 清純臉蛋釋放仙女氣質親切隨和爽朗笑容 實在太犯規了,罗菱,"颜值漂亮,清纯,仙女文青"
8735,喜歡居家做美食的啦啦隊正妹 琪琪,喜歡居家做美食的啦啦隊正妹 琪琪,琪琪,"家裏,颜值漂亮,cos扮演"
8741,仙氣十足君白溫暖甜笑讓人身心都淪陷,仙氣十足君白溫暖甜笑讓人身心都淪陷,尚未分類,颜值漂亮
8742,星岑 練瑜珈展現性感線條辣到太誘惑,星岑 練瑜珈展現性感線條辣到太誘惑,星岑,"苗条,性感美女"
8743,長髮性感女生Tiffany 白皙肌膚絕美臉蛋太逆天啦,長髮性感女生Tiffany 白皙肌膚絕美臉蛋太逆天啦,尚未分類,"女生,颜值漂亮,皮肤白皙,性感美女"
8749,鬼靈精正妹綵冞 魅惑的眼神讓人瘋狂回頭,鬼靈精正妹綵冞 魅惑的眼神讓人瘋狂回頭,尚未分類,"颜值漂亮,魅惑"
8765,修長美腿豐滿巨乳蔡譯心,修長美腿豐滿巨乳蔡譯心,蔡譯心,"美腿,巨乳大奶"
8770,身材火辣的舞蹈老師林檸檬,身材火辣的舞蹈老師林檸檬,林,"舞蹈,身材好,女教师"
8772,短髮女神安娜 性感美乳曲線 實在可以出道了,短髮女神安娜 性感美乳曲線 實在可以出道了,安娜,"巨乳大奶,美乳,性感美女,美女,短发"
8775,熱愛親近大自然的少女 慈妹,熱愛親近大自然的少女 慈妹,尚未分類,"少女,妹子"
8786,高顏值美女楊晴模特兒身材好性感,高顏值美女楊晴模特兒身材好性感,杨晴,"颜值漂亮,身材好,性感美女,模特,美女"
8807,豐滿的巨乳極品翹臀修長美腿Bei IG福利給好給滿,豐滿的巨乳極品翹臀修長美腿Bei IG福利給好給滿,尚未分類,"美腿,巨乳大奶"
8824,樂天女孩筠熹 散發出滿滿活力 讓人全身充滿活力,樂天女孩筠熹 散發出滿滿活力 讓人全身充滿活力,筠熹,"萝莉,妹系"
8828,沛妤 有點兇的好身材讓鄉民也忍不住推一波！,沛妤 有點兇的好身材讓鄉民也忍不住推一波！,沛妤,"巨乳大奶,身材好,cos扮演"
8836,氣質主播P.Y絕美運動內衣開播姣好身材與迷人電眼電力超強,氣質主播P.Y絕美運動內衣開播姣好身材與迷人電眼電力超強,尚未分類,"巨乳大奶,主播/主持人,身材好,运动,仙女文青,只穿内衣"
8838,穿搭一把罩「Vanessa」高挑身材拉長比例！人好看怎麼穿都好看吧,穿搭一把罩「Vanessa」高挑身材拉長比例！人好看怎麼穿都好看吧,尚未分類,"高挑,身材好"
8840,性感小隻馬有夠大膽「夏語芯」毫無保留的美胸美少女 怕一次激起你的所有慾望,性感小隻馬有夠大膽「夏語芯」毫無保留的美胸美少女 怕一次激起你的所有慾望,夏语芯,"少女,妹子,美女,性感美女"
8857,#_IG正妹週報@3109,#_IG正妹週報@3109,尚未分類,"周刊,颜值漂亮"
8862,林倪安 純情臉蛋＋魔鬼曲線太誘人,林倪安 純情臉蛋＋魔鬼曲線太誘人,林倪安,"魅惑,巨乳大奶,颜值漂亮,淫女"
8895,長髮白皙女孩 惟蒨 顏值一級棒,長髮白皙女孩 惟蒨 顏值一級棒,惟蒨,"颜值漂亮,萝莉,妹系,皮肤白皙"
8896,甜美少女還能帶一身完美身材！天菜美女「鄔育錡 Lillian」這種完美模特兒還能上哪找,甜美少女還能帶一身完美身材！天菜美女「鄔育錡 Lillian」這種完美模特兒還能上哪找,尚未分類,"颜值漂亮,身材好,模特,美女,少女,妹子"
8897,人間性感胸器「雲嫣」大膽風動漫女主角給你最美好的銷魂夜晚,人間性感胸器「雲嫣」大膽風動漫女主角給你最美好的銷魂夜晚,云嫣,"巨乳大奶,H动画,性感美女"
8918,超美工程師你敢信？迷人笑容「佳佳里 Kagari」有這種同事在身邊好有動力！,超美工程師你敢信？迷人笑容「佳佳里 Kagari」有這種同事在身邊好有動力！,尚未分類,"同事,cos扮演"
8921,人見人愛的笑容「陳貝瑀 Betty」天生的模特兒身材高挑的有夠羨慕,人見人愛的笑容「陳貝瑀 Betty」天生的模特兒身材高挑的有夠羨慕,陈贝瑀,"高挑,身材好,模特"
8922,高挑美人「1萱」穿上比基尼後還超級纖細！笑容迷人,高挑美人「1萱」穿上比基尼後還超級纖細！笑容迷人,尚未分類,"高挑,性感美女"
8923,銘傳大學的清新學生妹「Yuki」超神臉蛋各粉絲都讚嘆不已,銘傳大學的清新學生妹「Yuki」超神臉蛋各粉絲都讚嘆不已,铭传,"學生,颜值漂亮,学生"
8924,清新公主「李小倢」用鎖骨立蛋要多深才能這麼做！長髮飄逸果然是美女專屬,清新公主「李小倢」用鎖骨立蛋要多深才能這麼做！長髮飄逸果然是美女專屬,李,"千金小姐,美女"
8934,女神身材爆炸好！端出長腿大長輩 彭琁,女神身材爆炸好！端出長腿大長輩 彭琁,尚未分類,"美腿,美女,身材好,上司"
8935,號稱最美空姐林巧子! 好想在飛機上被她服務喔,號稱最美空姐林巧子! 好想在飛機上被她服務喔,林巧子,"飞机,空中小姐"
8948,巨乳騎士現身跟著慾火「艾妃 Aifei」體驗神級美巨乳超美姿態解鎖專屬視角,巨乳騎士現身跟著慾火「艾妃 Aifei」體驗神級美巨乳超美姿態解鎖專屬視角,Aifei,"主观视角,巨乳大奶,颜值漂亮,淫荡淫乱"
8949,清純感富邦勇士強勢來襲「安娜」可愛樣貌無人能敵 還有超軟Q的身體,清純感富邦勇士強勢來襲「安娜」可愛樣貌無人能敵 還有超軟Q的身體,安娜,清纯
8950,蒙面騎士一個不小心尺度大開 甜滋滋女孩「KiKi」俏皮短髮的姿態足以墜入愛河,蒙面騎士一個不小心尺度大開 甜滋滋女孩「KiKi」俏皮短髮的姿態足以墜入愛河,"爱河,Kiki","誘人,萝莉,妹系,台湾,短发"
8952,純正仙女「Naomi」稚嫩臉蛋與纖細身材 胸前美乳直接爆出來,純正仙女「Naomi」稚嫩臉蛋與纖細身材 胸前美乳直接爆出來,Naomi,"美乳,颜值漂亮,仙女文青,身材好"
8953,超猛韓系氣質「蔡旻」精緻五官與治癒臉蛋卻擁有超猛身材：這是韓國藝人吧！,超猛韓系氣質「蔡旻」精緻五官與治癒臉蛋卻擁有超猛身材：這是韓國藝人吧！,蔡旻,"网红艺人,颜值漂亮,韩国,身材好,仙女文青"
8967,未成年最香？！台日混血妹「奈璃」稚嫩臉蛋讓你嚐嚐禁忌的果實是這種滋味,未成年最香？！台日混血妹「奈璃」稚嫩臉蛋讓你嚐嚐禁忌的果實是這種滋味,尚未分類,颜值漂亮
8971,多啦雪神還原動漫人物 相似度99% 真是太厲害了,多啦雪神還原動漫人物 相似度99% 真是太厲害了,雪神,H动画
9013,身材高挑修長美腿的姊姊許小葆,身材高挑修長美腿的姊姊許小葆,许小葆,"身材好,美腿,高挑,姊姊"
9036,101泳池驚見超胸長腿正妹 門打開竟然只有性感睡衣 受不了啦,101泳池驚見超胸長腿正妹 門打開竟然只有性感睡衣 受不了啦,尚未分類,"颜值漂亮,美腿,睡衣,泳池,性感美女"
9043,韓國 youtuber Eunji Pyo 寫真,韓國 youtuber Eunji Pyo 寫真,Youtuber Eunji Pyo,韩国
9050,絕美護理師「Yuna 尤娜」仙女級笑容果然避不開 護士服下藏腹肌還有迷人身軀,絕美護理師「Yuna 尤娜」仙女級笑容果然避不開 護士服下藏腹肌還有迷人身軀,尤娜,"护理师,仙女文青,肌肉"
9055,雙眼放電女神「U」頂級顏值宛如韓國少女 電到神魂顛倒都不知道,雙眼放電女神「U」頂級顏值宛如韓國少女 電到神魂顛倒都不知道,尚未分類,"少女,妹子,颜值漂亮,韩国,美女"
9107,青春洋溢女網紅白冰沙 百褶裙真香 女友味滿滿,青春洋溢女網紅白冰沙 百褶裙真香 女友味滿滿,尚未分類,"女朋友,网红艺人,青春"
9116,林衣蘋 生活照超犯規 辣到太完美...!,林衣蘋 生活照超犯規 辣到太完美...!,林衣苹,写真集
9140,饒方晴 火辣身材SIZE超驚人...誘人騷氣藏不住！想壞壞...,饒方晴 火辣身材SIZE超驚人...誘人騷氣藏不住！想壞壞...,饶方晴,"淫女,身材好"
9157,魏凱芃 補習班正妹!清新氣質...飽滿視角太過份啦!,魏凱芃 補習班正妹!清新氣質...飽滿視角太過份啦!,魏凯芃,"主观视角,颜值漂亮,室內,仙女文青"
9159,邱瀞誼 性感解放絕美美臀曲線超誘人 ...,邱瀞誼 性感解放絕美美臀曲線超誘人 ...,邱瀞谊,"巨乳大奶,淫女,翘臀美尻,性感美女"
9160,黎嫣 「超高顏值+超極品身材」這太完美了吧！?,黎嫣 「超高顏值+超極品身材」這太完美了吧！?,黎嫣,"颜值漂亮,身材好"
9161,靖汶 滿滿仙氣與氣質 超電電眼看暈惹....!,靖汶 滿滿仙氣與氣質 超電電眼看暈惹....!,靖汶,"颜值漂亮,仙女文青"
9162,林襄 啦啦隊女神 臉蛋超甜美！氣質滿分 讓人一見戀愛的滋味!,林襄 啦啦隊女神 臉蛋超甜美！氣質滿分 讓人一見戀愛的滋味!,女神,"颜值漂亮,cos扮演,美女,仙女文青,恋爱"
9164,周妤謙 逆天長腿＋超甜笑容讓 ...我融化了,周妤謙 逆天長腿＋超甜笑容讓 ...我融化了,周妤谦,美腿
9165,李藹蔚 歌唱老師天使外貌 不僅人美歌聲更甜....!,李藹蔚 歌唱老師天使外貌 不僅人美歌聲更甜....!,李蔼蔚,"歌唱,颜值漂亮,女教师,cos扮演"
9166,庭庭 S級超甜美鄰家女孩 讓人戀愛啦...!,庭庭 S級超甜美鄰家女孩 讓人戀愛啦...!,尚未分類,"萝莉,妹系,恋爱,邻家女孩"
9169,依梨 飽滿火辣的身材... 讓人瞬間淪陷,依梨 飽滿火辣的身材... 讓人瞬間淪陷,依梨,身材好
9170,小米恩 皮膚白皙身材飽滿！ 身材腰線太迷人,小米恩 皮膚白皙身材飽滿！ 身材腰線太迷人,小米,"身材好,皮肤白皙"
9173,小雪 這個側身太犯規啦! 皮膚白皙飽滿...不注意都難,小雪 這個側身太犯規啦! 皮膚白皙飽滿...不注意都難,小雪,皮肤白皙
9178,完美人妻 丁丁 黑絲美腿超誘人 生活照超犯規「頂級玉腿」藏不住,完美人妻 丁丁 黑絲美腿超誘人 生活照超犯規「頂級玉腿」藏不住,尚未分類,"颜值漂亮,已婚人妻,美腿,性感美女,写真集,淫女,丝袜"
9181,林艾融 極品短髮妹！發育真好 ! ..堪稱完美,林艾融 極品短髮妹！發育真好 ! ..堪稱完美,林艾融,"蘿莉,短发"
9182,amber 沐浴照包不住超兇身材....微微露出,amber 沐浴照包不住超兇身材....微微露出,Amber,"野外露出,身材好"
9183,李佩瑾 S級護理師 白衣天使下的魔鬼 看到都戀愛啦....,李佩瑾 S級護理師 白衣天使下的魔鬼 看到都戀愛啦....,李佩瑾,"cos扮演,护理师,魅惑,白色内衣,恋爱"
9387,[台灣圍棋女棋士][黑嘉嘉][01],[台灣圍棋女棋士][黑嘉嘉][01],黑嘉嘉,台湾
9432,清新妹子「亭妘」這張照片大爆紅讓粉絲不斷湧入 這個特派員很可以,清新妹子「亭妘」這張照片大爆紅讓粉絲不斷湧入 這個特派員很可以,亭妘,"萝莉,妹系,写真集,cos扮演"
9449,這個馬賽克太罪惡「孫SUN」照片完全被美巨乳佔滿 笑起來卻是調皮小可愛,這個馬賽克太罪惡「孫SUN」照片完全被美巨乳佔滿 笑起來卻是調皮小可愛,Sun,"巨乳大奶,写真集"
9491,網路收集 台模 黃吐,網路收集 台模 黃吐,尚未分類,模特
9496,甜美臉蛋，氣質也十分出眾~Zena 嘉希,甜美臉蛋，氣質也十分出眾~Zena 嘉希,Zena,"颜值漂亮,仙女文青"
9529,黃艾比性感好身材,黃艾比性感好身材,尚未分類,"巨乳大奶,身材好,性感美女"
9595,立志成為最辣護理師「歐歐ouou 歐雅婷」犯規歐美曲線渾圓美尻辣一個好養眼,立志成為最辣護理師「歐歐ouou 歐雅婷」犯規歐美曲線渾圓美尻辣一個好養眼,Ouou,"巨乳大奶,护理师,欧美,翘臀美尻"
9603,插畫家泥泥擠「F級北半球」逛COSTCO賣場！低胸領口撐不住,插畫家泥泥擠「F級北半球」逛COSTCO賣場！低胸領口撐不住,Costco,"巨乳大奶,仙女文青,低胸装"
9605,隱藏版美人出沒！被卡到爆的精緻美人「RAYNA CHEN」超完美曲線，加上天菜顏值簡直超燒,隱藏版美人出沒！被卡到爆的精緻美人「RAYNA CHEN」超完美曲線，加上天菜顏值簡直超燒,RAYNA CHEN,"巨乳大奶,颜值漂亮,性感美女"
9608,地表最強芭比臉正妹「元欣」S曲線令人陶醉 海邊大曬狂妄美乳看到眼睛都不知道怎麼辦,地表最強芭比臉正妹「元欣」S曲線令人陶醉 海邊大曬狂妄美乳看到眼睛都不知道怎麼辦,芭比脸,"美乳,巨乳大奶,颜值漂亮"
9611,大眼萌正妹來襲「來來」白嫩肌膚衝撞美乳 這細肩帶怎麼撐得住！無辜樣貌通殺學長學弟,大眼萌正妹來襲「來來」白嫩肌膚衝撞美乳 這細肩帶怎麼撐得住！無辜樣貌通殺學長學弟,尚未分類,"颜值漂亮,清纯,学生,美乳,皮肤白皙"
9616,超長美腿現身驚人「Vivian」陽光感強烈帶你到處趴趴走,超長美腿現身驚人「Vivian」陽光感強烈帶你到處趴趴走,尚未分類,美腿
9662,台模 呂家伶,台模 呂家伶,吕家伶,模特
9701,神人等級的美貌「Chiayi」清新之外充滿希望之光的感覺 絕對是校花等級的完美女孩,神人等級的美貌「Chiayi」清新之外充滿希望之光的感覺 絕對是校花等級的完美女孩,Chiayi,"萝莉,妹系,学生,美女"
9721,專夢幻級健身教練「Amanda」超狂美臀直接連神秘地帶都一起展現,專夢幻級健身教練「Amanda」超狂美臀直接連神秘地帶都一起展現,尚未分類,"健身教练,翘臀美尻"
9752,甜美系妹子「豆豆 簡妤恩」一身反差好身材 清新臉蛋網友看了都已跪,甜美系妹子「豆豆 簡妤恩」一身反差好身材 清新臉蛋網友看了都已跪,简妤恩,"巨乳大奶,颜值漂亮,反差,萝莉,妹系,身材好"
9753,活潑少女「芮絲」硬底子舞蹈人 絕對的戶外咖 燦爛心血大放異彩,活潑少女「芮絲」硬底子舞蹈人 絕對的戶外咖 燦爛心血大放異彩,芮丝,"少女,妹子,舞蹈"
9758,精緻臉龐氣質系正妹「麻糬」笑容夠甜、身材太好 直接惹的網友不斷暴動,精緻臉龐氣質系正妹「麻糬」笑容夠甜、身材太好 直接惹的網友不斷暴動,尚未分類,"颜值漂亮,仙女文青,身材好"
9875,百大網紅「安安 Momo」亮麗肌膚的優質天使臉孔 曼妙身材與白嫩長腿根本絕配,百大網紅「安安 Momo」亮麗肌膚的優質天使臉孔 曼妙身材與白嫩長腿根本絕配,安安,"网红艺人,美腿,身材好,皮肤白皙,cos扮演"
9879,直接告白起來！芭比正妹「Ginny」氣質臉孔目光直接離不開 有股姊姊的感覺散發出來,直接告白起來！芭比正妹「Ginny」氣質臉孔目光直接離不開 有股姊姊的感覺散發出來,尚未分類,"颜值漂亮,仙女文青,姊姊"
9880,正妹Mia米亞U字領低胸上衣自拍白皙美乳呼之欲出辣翻,正妹Mia米亞U字領低胸上衣自拍白皙美乳呼之欲出辣翻,米亚,"颜值漂亮,上衣,美乳,低胸装,皮肤白皙,自拍"
9926,台灣好媳婦頭銜大家搶著娶？！「汪選璇」頭髮放下來的仙氣逼人你要她怎麼不可愛,台灣好媳婦頭銜大家搶著娶？！「汪選璇」頭髮放下來的仙氣逼人你要她怎麼不可愛,尚未分類,"已婚人妻,颜值漂亮,台湾"
9927,音樂系KOL「美樂 Melodybaby」不只提升自己的氣質 用健身來提高魅力,音樂系KOL「美樂 Melodybaby」不只提升自己的氣質 用健身來提高魅力,"Melodybaby,美乐","颜值漂亮,仙女文青,秘书,OL"
9972,穿著低胸服裝自拍 強大的傲人上圍呼之欲出~蕎蕎,穿著低胸服裝自拍 強大的傲人上圍呼之欲出~蕎蕎,尚未分類,"巨乳大奶,低胸装,自拍"
9974,除了亮眼的外表值得注意 心地更是善良~楊楊 Milly,除了亮眼的外表值得注意 心地更是善良~楊楊 Milly,杨杨,颜值漂亮
9987,女神級網紅「Eisen Lai」個性歐美系笑起來迷人的樣子大愛 擔任亞洲小姐的推廣大使,女神級網紅「Eisen Lai」個性歐美系笑起來迷人的樣子大愛 擔任亞洲小姐的推廣大使,Eisen Lai,"欧美,网红艺人,美女"
9988,一閃就成熱搜！超火女騎士「小貓 Miao」安全帽下氣質清新樣貌太驚豔 逆天長腿成招牌,一閃就成熱搜！超火女騎士「小貓 Miao」安全帽下氣質清新樣貌太驚豔 逆天長腿成招牌,尚未分類,"美腿,仙女文青"
9989,大馬美女蕭佩兒 Siew Pui Yi(糖糖),大馬美女蕭佩兒 Siew Pui Yi(糖糖),"萧佩儿,Siew Yi","东南亚,美女"
9993,蘿莉眼镱妹貓九醬大膽秀巨乳私房照,蘿莉眼镱妹貓九醬大膽秀巨乳私房照,镱妹,"巨乳大奶,萝莉,妹系"
9996,NAGISA魔物喵女仆小姐 寫真套圖,NAGISA魔物喵女仆小姐 寫真套圖,Nagisa,"女仆,美女"
9997,兔耳蘿莉倉井優香大尺度嬌軀粉嫩十分可口,兔耳蘿莉倉井優香大尺度嬌軀粉嫩十分可口,尚未分類,"蘿莉,誘人,萝莉,妹系,粉穴"
10001,天然系美女「泥泥汝 niniru」這個微笑除了精靈就只有她有！還不認識甜甜youtuber就遜掉了,天然系美女「泥泥汝 niniru」這個微笑除了精靈就只有她有！還不認識甜甜youtuber就遜掉了,Niniru,"精灵,美女"
10003,個性派正妹「李奇兒 Richie」超強烈歐美感名模降,個性派正妹「李奇兒 Richie」超強烈歐美感名模降,"李奇儿,Richie","欧美,颜值漂亮,模特"
10011,前遠東最美佛系長腿黑絲空姐〜黃小千,前遠東最美佛系長腿黑絲空姐〜黃小千,远东,"美腿,丝袜,空中小姐"
10048,新世代天菜「夏瑀琪 琪琪」擁有玲瓏有致好身材、雅緻臉蛋與傲人美胸的氣質仙女,新世代天菜「夏瑀琪 琪琪」擁有玲瓏有致好身材、雅緻臉蛋與傲人美胸的氣質仙女,夏瑀,"巨乳大奶,颜值漂亮,仙女文青,身材好"
10051,超大木瓜奶泳衣整個包不住了 Cynthia(ccynthia1996),超大木瓜奶泳衣整個包不住了 Cynthia(ccynthia1996),Cynthia Ccynthia1996,泳装水着
10163,清新外表超質感「薛芬妮」眼睛碩大搭上時尚厭世臉 根本是雜誌的模特兒,清新外表超質感「薛芬妮」眼睛碩大搭上時尚厭世臉 根本是雜誌的模特兒,薛芬妮,"颜值漂亮,模特"
10200,令男人們魂牽夢縈的頂級天菜~映晨Mita,令男人們魂牽夢縈的頂級天菜~映晨Mita,尚未分類,颜值漂亮
10289,留著俏麗短髮，擁有渾圓酥胸的正妹~優寶,留著俏麗短髮，擁有渾圓酥胸的正妹~優寶,优宝,"巨乳大奶,颜值漂亮,短发"
10310,32G超兇Bivi華華上衣拉鍊沒拉胸前挖空白皙爆乳辣翻,32G超兇Bivi華華上衣拉鍊沒拉胸前挖空白皙爆乳辣翻,G Bivi,"巨乳大奶,上衣,皮肤白皙"
10311,超級電眼與惹火身材得最佳搭配「逼小桃」隨便拍都夢幻的如同女神降臨,超級電眼與惹火身材得最佳搭配「逼小桃」隨便拍都夢幻的如同女神降臨,尚未分類,"身材好,美女"
10371,超人氣直播主「林潔」清新與娃娃臉蛋備受關注 甜美性感樣樣行,超人氣直播主「林潔」清新與娃娃臉蛋備受關注 甜美性感樣樣行,林洁,"颜值漂亮,蘿莉,主播短片,性感美女"
10373,是仙女下凡嗎？正妹「Lily」氣質滿滿 看到那一對 D 杯胸器就秒按追蹤了,是仙女下凡嗎？正妹「Lily」氣質滿滿 看到那一對 D 杯胸器就秒按追蹤了,尚未分類,"巨乳大奶,颜值漂亮,仙女文青"
10383,五官深邃，鼻子高挺，還有著一雙逆天的修長美腿~Candy鄭穩雯,五官深邃，鼻子高挺，還有著一雙逆天的修長美腿~Candy鄭穩雯,郑稳雯,"美腿,颜值漂亮"
10388,台灣小姐紅一波！美顏正妹「高曼容」世界級認證就是特愛這一味 笑不笑都是美人都很愛,台灣小姐紅一波！美顏正妹「高曼容」世界級認證就是特愛這一味 笑不笑都是美人都很愛,尚未分類,"颜值漂亮,台湾,美女,性感美女"
10391,那雙細長白皙的美腿時常穿著絲襪 實在讓人想入非非~黃韻霏,那雙細長白皙的美腿時常穿著絲襪 實在讓人想入非非~黃韻霏,黄韵霏,"美腿,丝袜,皮肤白皙"
10495,氣質美女carry居家私房顯完美身材,氣質美女carry居家私房顯完美身材,尚未分類,"家裏,仙女文青,身材好,美女"
10508,仙氣美少女「李益其」，化身水中精靈，夢幻的戲水畫面實在唯美！,仙氣美少女「李益其」，化身水中精靈，夢幻的戲水畫面實在唯美！,李益其,"少女,妹子,颜值漂亮,精灵,美女"
10513,擁有女帝一般霸氣女模「葉嘉」十分性格又不失女性溫柔,擁有女帝一般霸氣女模「葉嘉」十分性格又不失女性溫柔,叶嘉,"模特,公主"
10579,「Minnie妮妮」不只擁有一雙修長美腿，更擁有Q彈緊實極品蜜桃臀,「Minnie妮妮」不只擁有一雙修長美腿，更擁有Q彈緊實極品蜜桃臀,妮妮,"美腿,翘臀美尻"
10602,清純妹子魏扭扭學生制服妙不可言,清純妹子魏扭扭學生制服妙不可言,尚未分類,"清纯,学生,萝莉,妹系"
10642,百大女郎連胸前都好囍歡「Lara 雙囍」就是懂怎麼讓你慾火焚身 看完好想要.....幫她點愛心,百大女郎連胸前都好囍歡「Lara 雙囍」就是懂怎麼讓你慾火焚身 看完好想要.....幫她點愛心,尚未分類,"淫荡淫乱,美女"
10645,撩人又性感的dancer「Zoey 卓穎」姣好臉蛋美女解放蜜桃臀 清新又質感網友狂讚,撩人又性感的dancer「Zoey 卓穎」姣好臉蛋美女解放蜜桃臀 清新又質感網友狂讚,卓颖,"颜值漂亮,惹火辣妹,性感美女,美女,翘臀美尻"
10647,清純妹「侑庭Yoyo」學古典樂的女生氣質感特別重 不但會琵琶刷碟也難不倒她,清純妹「侑庭Yoyo」學古典樂的女生氣質感特別重 不但會琵琶刷碟也難不倒她,"侑庭,Yoyo","女生,清纯,仙女文青,生气"
10648,稀有種淺力股發現「紀欣伶Cindy」甜美系女孩跳起舞來實力不容小覷 腿長跳舞又特別性感,稀有種淺力股發現「紀欣伶Cindy」甜美系女孩跳起舞來實力不容小覷 腿長跳舞又特別性感,纪欣伶,"美腿,舞蹈,萝莉,妹系,性感美女"
10706,愛美星尾牙，百大女神讓你眼睛懷孕，臉紅心跳血壓180!!!,愛美星尾牙，百大女神讓你眼睛懷孕，臉紅心跳血壓180!!!,"爱美星,尾牙",美女
10716,辣模「秋天」曬美胸、馬甲線、蜜桃臀，3 個願望一次滿足,辣模「秋天」曬美胸、馬甲線、蜜桃臀，3 個願望一次滿足,尚未分類,"翘臀美尻,模特"
10724,童顏D奶搶解鎖「願願 yuan」你掉的是跟你一起打遊戲的她還是可愛性感的她,童顏D奶搶解鎖「願願 yuan」你掉的是跟你一起打遊戲的她還是可愛性感的她,Yuan,"惹火辣妹,萝莉,妹系,性感美女"
10727,模特兒需要的元素是什麼？蜜桃臀配水蛇腰「賤賤」清純又性感獨佔妳的全部,模特兒需要的元素是什麼？蜜桃臀配水蛇腰「賤賤」清純又性感獨佔妳的全部,尚未分類,"清纯,翘臀美尻,模特,性感美女"
10780,老濕姬「Misa米砂」撩人服裝配上性感身材 還有什麼能超越這個天理：男生該看女生更該看,老濕姬「Misa米砂」撩人服裝配上性感身材 還有什麼能超越這個天理：男生該看女生更該看,老湿姬,"女生,身材好,性感美女"
10786,可愛外拍妹魅力無法擋「襄雨 hannah」嬰兒肥臉蛋太可愛 怎麼拍怎麼有質感,可愛外拍妹魅力無法擋「襄雨 hannah」嬰兒肥臉蛋太可愛 怎麼拍怎麼有質感,"Hannah,襄雨","颜值漂亮,模特"
10790,音樂系女神！氣質臉蛋電眼勾人 正妹「誘人長腿＋飽滿雙球」…學音樂的不讓人失望,音樂系女神！氣質臉蛋電眼勾人 正妹「誘人長腿＋飽滿雙球」…學音樂的不讓人失望,尚未分類,"巨乳大奶,颜值漂亮,美腿,美女,誘人,淫女,仙女文青"
10792,有這種同學上輩子要燒多少好香！甜美女孩「李花 fafa」超級長腿比例超好：讓我轉學吧,有這種同學上輩子要燒多少好香！甜美女孩「李花 fafa」超級長腿比例超好：讓我轉學吧,尚未分類,"美腿,萝莉,妹系,美女,同学"
10796,百變模特兒「邦邦 Esther」到底是走可愛路線還是性感路線都已經傻傻分不清楚啦！,百變模特兒「邦邦 Esther」到底是走可愛路線還是性感路線都已經傻傻分不清楚啦！,邦邦,"清纯,模特,性感美女"
10799,這麼胸猛怎麼會是隻無害的兔兔 「Hana Tu 卡比兔」高顏值與美巨乳 作風大膽神視角直接來,這麼胸猛怎麼會是隻無害的兔兔 「Hana Tu 卡比兔」高顏值與美巨乳 作風大膽神視角直接來,Hana Tu,"巨乳大奶,颜值漂亮,主观视角"
10800,備受肯定的高顏值女神「琳仔」人美心也善良 圓潤大眼與氣質形象迷人透頂,備受肯定的高顏值女神「琳仔」人美心也善良 圓潤大眼與氣質形象迷人透頂,琳仔,"颜值漂亮,仙女文青,美女"
10806,逆天長腿與清新顏值「魏凱芃」身材太胸令人禁不起誘惑：這件衣服哪裡買的,逆天長腿與清新顏值「魏凱芃」身材太胸令人禁不起誘惑：這件衣服哪裡買的,魏凯芃,"美腿,颜值漂亮,身材好"
10816,最強奶媽謝薇安「超兇雙彈撐爆白T」回歸IG,最強奶媽謝薇安「超兇雙彈撐爆白T」回歸IG,谢薇安,巨乳大奶
10908,斜槓甜心「夏筠婷」不要用外貌定義我！美女CEO化身女性典範 橫跨多項行業,斜槓甜心「夏筠婷」不要用外貌定義我！美女CEO化身女性典範 橫跨多項行業,夏筠婷,"颜值漂亮,美女"
10910,愛吃鬼小甜心「Hani 軒穎」魅力亮眼配迷人笑容快要撐不住 胸前美溝太引人注目,愛吃鬼小甜心「Hani 軒穎」魅力亮眼配迷人笑容快要撐不住 胸前美溝太引人注目,Hani,颜值漂亮
10920,遊走18禁邊緣學生妹「Yaya 小夜夜」全體起立致上最高的敬意 就算瞞著女朋友也要追蹤,遊走18禁邊緣學生妹「Yaya 小夜夜」全體起立致上最高的敬意 就算瞞著女朋友也要追蹤,Yaya,"女朋友,学生"
10943,超正護理師 靜靜 清純甜美臉蛋一穿上比基尼讓人覺得反差也太大！,超正護理師 靜靜 清純甜美臉蛋一穿上比基尼讓人覺得反差也太大！,尚未分類,"反差,护理师,清纯,颜值漂亮"
11014,南半球女王「DenKa 周荀」性感撩人不浮誇 超美巨乳好養眼 超美電眼瞬間慾火焚身,南半球女王「DenKa 周荀」性感撩人不浮誇 超美巨乳好養眼 超美電眼瞬間慾火焚身,周荀,"巨乳大奶,淫荡淫乱,老板娘,女主人,性感美女"
11016,少女心Youtuber安安邊緣子「阿民」搞怪形象超討喜 激似韓星哈妮備受關注,少女心Youtuber安安邊緣子「阿民」搞怪形象超討喜 激似韓星哈妮備受關注,阿民,"少女,妹子"
11018,校花崛起DD52「李湲」自稱厭世擔當其實超有少女心 長髮短髮都好有氣質好可愛,校花崛起DD52「李湲」自稱厭世擔當其實超有少女心 長髮短髮都好有氣質好可愛,Dd52,"少女,妹子,仙女文青,学生,短发"
11054,最正show girl「孔安」帶點甜氣的美少女 萌翻天好可愛：網友大讚人萌力量大 還能淨化人心,最正show girl「孔安」帶點甜氣的美少女 萌翻天好可愛：網友大讚人萌力量大 還能淨化人心,孔安,"少女,妹子,美女"
11056,台藝系花「王怡蘋 Tomo」職籃啦啦甜美長相好清純與反差好身材：一刻都不能鬆懈,台藝系花「王怡蘋 Tomo」職籃啦啦甜美長相好清純與反差好身材：一刻都不能鬆懈,王怡苹,"巨乳大奶,清纯,身材好,反差"
11057,「國光女神」Vivi黃書庭性感短裙這雙修長美腿太美,「國光女神」Vivi黃書庭性感短裙這雙修長美腿太美,黄书庭,"颜值漂亮,裙裝,美腿,性感美女,美女"
11058,迷你甜心「mishonna」胸猛級乳量與纖細蠻腰 就算看久了還是沒有抵抗力！,迷你甜心「mishonna」胸猛級乳量與纖細蠻腰 就算看久了還是沒有抵抗力！,Mishonna,巨乳大奶
11059,女郎都要性感又可愛！黑絲日報封面女神「雅臻」魅力無極限 巨乳直接當飲料架,女郎都要性感又可愛！黑絲日報封面女神「雅臻」魅力無極限 巨乳直接當飲料架,尚未分類,"巨乳大奶,颜值漂亮,性感美女,重口味,美女,丝袜"
11084,萌妹甜心「簡欣汝 Dolly」清新外表加上女人魅力 全身上下都受到注目的正妹,萌妹甜心「簡欣汝 Dolly」清新外表加上女人魅力 全身上下都受到注目的正妹,简欣汝,"颜值漂亮,秘书,OL"
11085,微甜女孩「諶多芬」甜美系電眼不只電還充滿誘惑的力量：讓人沈醉在其中,微甜女孩「諶多芬」甜美系電眼不只電還充滿誘惑的力量：讓人沈醉在其中,谌多芬,"萝莉,妹系"
11093,辣模小清欣裸睡剛起床惹火床照側乳完整呈現辣翻網友,辣模小清欣裸睡剛起床惹火床照側乳完整呈現辣翻網友,小清欣,"写真集,模特"
11094,性感撩人小妖精「鄭琦Kami」超神E奶看了欲罷不能,性感撩人小妖精「鄭琦Kami」超神E奶看了欲罷不能,Kami,"妖精,小妖精,性感美女"
11099,燦爛笑容模特兒「Rina 又晞」不仔細看會誤認是女神被派下來治癒鄉民,燦爛笑容模特兒「Rina 又晞」不仔細看會誤認是女神被派下來治癒鄉民,晞,"模特,美女,cos扮演"
11136,氣質能代言？「木子萱」清純系代表非她莫屬 原來氣質是能代言的東西,氣質能代言？「木子萱」清純系代表非她莫屬 原來氣質是能代言的東西,尚未分類,"蘿莉,清纯,仙女文青"
11155,甜美護理師轉戰戲劇演員「姜冪 Hami Chiang」氣質程度過於優越：眼神好勾人,甜美護理師轉戰戲劇演員「姜冪 Hami Chiang」氣質程度過於優越：眼神好勾人,Hami Chiang,"网红艺人,护理师,企划,综艺,誘人,仙女文青,剧情"
11157,大尺性感舞者「乳儒 Lulumi」化身台新夢想家啦啦隊美到不敢直視 但好喜歡到底該怎麼辦,大尺性感舞者「乳儒 Lulumi」化身台新夢想家啦啦隊美到不敢直視 但好喜歡到底該怎麼辦,Lulumi,"舞者,性感美女,cos扮演"
11162,風情萬種大美人「張娜」性感程度太驚人：妳的每日份性感都確實收到了,風情萬種大美人「張娜」性感程度太驚人：妳的每日份性感都確實收到了,张娜,性感美女
11223,正妹性感全裸泡湯這身材曲線真是太誘人了,正妹性感全裸泡湯這身材曲線真是太誘人了,尚未分類,"巨乳大奶,颜值漂亮,裸体,身材好,性感美女,淫女"
11224,正妹沛妤脫掉褲子露出黑色小褲褲與美臀這畫面太辣讓人噴鼻血,正妹沛妤脫掉褲子露出黑色小褲褲與美臀這畫面太辣讓人噴鼻血,沛妤,"野外露出,颜值漂亮,短裤,翘臀美尻"
11246,洋娃娃女孩「子筠 Nina」超長美腿吸睛程度百分百 其實是隻小隻馬？！,洋娃娃女孩「子筠 Nina」超長美腿吸睛程度百分百 其實是隻小隻馬？！,子筠,"美腿,萝莉,妹系,身材好"
11250,性感美女深V大開「璇璇」清新氣質滿溢 搭上鎖骨刺青超動人：網友暴動再多一點,性感美女深V大開「璇璇」清新氣質滿溢 搭上鎖骨刺青超動人：網友暴動再多一點,璇璇,"仙女文青,纹身,美女,性感美女"
11272,素人正妹Dara熊熊遊艇上大解放「深溝北半球」滿出比基尼辣翻,素人正妹Dara熊熊遊艇上大解放「深溝北半球」滿出比基尼辣翻,Dara,"素人,颜值漂亮,巨乳大奶,游艇"
11289,白嫩仙女「呂葳」美的程度網友一致認同 隔著銀幕都能聞到陣陣香味,白嫩仙女「呂葳」美的程度網友一致認同 隔著銀幕都能聞到陣陣香味,吕葳,"仙女文青,皮肤白皙"
11294,陽光女郎「Angela 步步」超性感body一目難忘 火辣DJ就這樣一起搖落去！,陽光女郎「Angela 步步」超性感body一目難忘 火辣DJ就這樣一起搖落去！,步步,"美女,性感美女"
11296,碰過海水的就是讚「Stephy 宋勁萱」超高魅力模特兒 長腿SG連美貌都天壤之別,碰過海水的就是讚「Stephy 宋勁萱」超高魅力模特兒 長腿SG連美貌都天壤之別,"宋劲萱,Stephy Sg","美腿,颜值漂亮,模特"
11369,強棒出擊 手束真知子 看不膩的傲人雙峰,強棒出擊 手束真知子 看不膩的傲人雙峰,尚未分類,巨乳大奶
11370,百變女神「浪浪鴨 賴心雅」每張照片都惹火又撩人，水中美人魚讓你神魂顛倒,百變女神「浪浪鴨 賴心雅」每張照片都惹火又撩人，水中美人魚讓你神魂顛倒,赖心雅,"写真集,美女,性感美女"
11381,正妹Michelle雪兒當起Foodpanda外送員前凸後翹S型曲線正翻,正妹Michelle雪兒當起Foodpanda外送員前凸後翹S型曲線正翻,雪儿,"巨乳大奶,颜值漂亮"
11425,親民無理頭模特兒「雯雯」就連日本平台都爭相報導的迷人程度！,親民無理頭模特兒「雯雯」就連日本平台都爭相報導的迷人程度！,无理头,"日本,模特"
11450,辣模千金性感回歸「翁子涵」迷人長腿美模直秀一字馬 大膽作風直露半球,辣模千金性感回歸「翁子涵」迷人長腿美模直秀一字馬 大膽作風直露半球,翁子涵,"巨乳大奶,美腿,性感美女,模特,千金小姐"
11458,甜美天使「劉莛稀 嘎嘎」重量級巨乳 不只高顏值還是個可愛吃貨 清新氣質讓人好想戀愛！,甜美天使「劉莛稀 嘎嘎」重量級巨乳 不只高顏值還是個可愛吃貨 清新氣質讓人好想戀愛！,刘,"巨乳大奶,颜值漂亮,cos扮演,仙女文青,恋爱"
11485,長腿小妖精～芝芝Abby,長腿小妖精～芝芝Abby,芝芝,"妖精,美腿,小妖精"
11563,校園新女神,校園新女神,尚未分類,"校园,美女"
11574,氣質小闆娘「梨梨 Jolly」女生三大元素白甜美集聚一身 胸前雪乳、細白大長腿無法忽視,氣質小闆娘「梨梨 Jolly」女生三大元素白甜美集聚一身 胸前雪乳、細白大長腿無法忽視,Jolly,"秘书,OL,美乳,美腿,老板娘,女主人,女生,仙女文青"
11580,天母校園美女 岱兒,天母校園美女 岱兒,岱儿,"校园,美女"
11582,電眼美女「婕砲」火辣逆天長腿直接被吸引 魅惑Dancer畫面好嗆辣,電眼美女「婕砲」火辣逆天長腿直接被吸引 魅惑Dancer畫面好嗆辣,婕砲,"美腿,魅惑,美女"
11584,同居時代夏季篇 nikki,同居時代夏季篇 nikki,Nikki,特价
11588,小心蛀牙！「全糖熊熊」童顏巨乳毫無招架之力 超級萌直播主 年紀輕輕發育超逼人,小心蛀牙！「全糖熊熊」童顏巨乳毫無招架之力 超級萌直播主 年紀輕輕發育超逼人,尚未分類,"蘿莉,巨乳大奶,萝莉,妹系,主播短片"
11595,國樂正妹「熙娜 sheena」高顏值加上高氣質 讓人墜入愛河的關鍵！,國樂正妹「熙娜 sheena」高顏值加上高氣質 讓人墜入愛河的關鍵！,"Sheena,国乐,熙娜","颜值漂亮,仙女文青,台湾"
11609,前海南航空美空服員「江勻」大眼、嘟唇成焦點,前海南航空美空服員「江勻」大眼、嘟唇成焦點,江匀,"中国,cos扮演"
11613,174公分逆天長腿「愷特霓偲」好比例的完美身材 這天使怎麼能有魔鬼身材？！,174公分逆天長腿「愷特霓偲」好比例的完美身材 這天使怎麼能有魔鬼身材？！,恺特霓偲,"美腿,魅惑,身材好,cos扮演"
11616,鄉民女神「潔哥 李秉潔」嗆辣風格廣為愛戴 優質身材以及臉蛋 真的超胸...不對是兇,鄉民女神「潔哥 李秉潔」嗆辣風格廣為愛戴 優質身材以及臉蛋 真的超胸...不對是兇,李秉洁,"颜值漂亮,身材好,美女,cos扮演"
11621,超完美女神「莎莎 Lisa」超狂美乳雪嫩Q彈 美豔動人的笑容迷的你神魂顛倒,超完美女神「莎莎 Lisa」超狂美乳雪嫩Q彈 美豔動人的笑容迷的你神魂顛倒,莎莎,"美乳,美女"
11622,靈魂女聲「RØEY 王若羽」才貌兼具創作歌手兼模特兒 全面享受一次滿足,靈魂女聲「RØEY 王若羽」才貌兼具創作歌手兼模特兒 全面享受一次滿足,"王若羽,Ey",模特
11630,韓系美女「Stephanie」闆娘兼模特兒 全都變成熱賣款：她身上的衣服全都要了,韓系美女「Stephanie」闆娘兼模特兒 全都變成熱賣款：她身上的衣服全都要了,尚未分類,"模特,美女,老板娘,女主人"
11632,可愛啦啦隊女孩「Landy 嵐蒂」擁有最強美尻 還有超級美胸,可愛啦啦隊女孩「Landy 嵐蒂」擁有最強美尻 還有超級美胸,岚蒂,"萝莉,妹系,翘臀美尻,cos扮演"
11650,Doris劉庭羽旅館換上性感睡衣自拍超凶狠雪乳呼之欲出快掉出辣翻,Doris劉庭羽旅館換上性感睡衣自拍超凶狠雪乳呼之欲出快掉出辣翻,刘庭羽,"美乳,睡衣,性感美女,自拍,旅馆"
11667,自拍女王「Miss布丁」甜美清新又可愛 是要多討人喜歡,自拍女王「Miss布丁」甜美清新又可愛 是要多討人喜歡,布丁,"老板娘,女主人,自拍"
11674,任性甜心的曼妙胴體「劉子瑜 Vickybaby」性感無上限超想撲倒她！,任性甜心的曼妙胴體「劉子瑜 Vickybaby」性感無上限超想撲倒她！,刘子瑜,性感美女
11797,甜美模特兒「莎莎 Melissa」超美逆天長腿與姣好身材,甜美模特兒「莎莎 Melissa」超美逆天長腿與姣好身材,Melissa,"美腿,巨乳大奶,身材好,模特"
11817,犀利電眼 看一眼就被電暈「Dalis 呂妲鸝」暗黑系女神 美貌已經超越凡人所想,犀利電眼 看一眼就被電暈「Dalis 呂妲鸝」暗黑系女神 美貌已經超越凡人所想,Dalis,美女
11819,簡約風的清新女神「恩恩Enen」越是簡單越多人愛,簡約風的清新女神「恩恩Enen」越是簡單越多人愛,Enen,"多P群交,美女"
11826,戶外系女孩「Jean Shen」在海裡是一隻優雅的美人魚 在海上是一位燦爛的小太陽,戶外系女孩「Jean Shen」在海裡是一隻優雅的美人魚 在海上是一位燦爛的小太陽,Shen,"萝莉,妹系,性感美女"
11828,巨乳控high起來！大尺度正妹「兔寶 黃海韻」童顏巨乳讓粉絲狂敲碗,巨乳控high起來！大尺度正妹「兔寶 黃海韻」童顏巨乳讓粉絲狂敲碗,尚未分類,"巨乳大奶,颜值漂亮,萝莉,妹系,誘人"
11864,甜系女神「Debby黛比」性感尺度與甜美程度成正比，射手座美人一箭射中我的心,甜系女神「Debby黛比」性感尺度與甜美程度成正比，射手座美人一箭射中我的心,Debby,"誘人,美女,性感美女"
11951,性感台泰混血姐妹花「Cora 可妹」不只翹臀超電 還有超狂腹肌與馬甲線,性感台泰混血姐妹花「Cora 可妹」不只翹臀超電 還有超狂腹肌與馬甲線,Cora,"姊姊,肌肉,性感美女"
11958,百變眼妝的台灣女孩「湘媛」不只眼睛、睫毛漂亮 連身材都迷人的不像話,百變眼妝的台灣女孩「湘媛」不只眼睛、睫毛漂亮 連身材都迷人的不像話,湘媛,"眼妆,萝莉,妹系,身材好,台湾"
11991,最甜化妝師「MIA」一身多職超可愛 連專心的球迷看到她都不專心起來：直接戀愛,最甜化妝師「MIA」一身多職超可愛 連專心的球迷看到她都不專心起來：直接戀愛,尚未分類,"恋爱,cos扮演"
12003,運動清新風格女神「絲絲」天然不做作，氣質滿分讓人看了好幸福！,運動清新風格女神「絲絲」天然不做作，氣質滿分讓人看了好幸福！,丝丝,"运动,仙女文青,美女"
12006,帶點鋒芒的魅力「又熙」誘惑人的小惡魔 充滿質感氣息的女人最危險,帶點鋒芒的魅力「又熙」誘惑人的小惡魔 充滿質感氣息的女人最危險,又熙,"颜值漂亮,仙女文青,恶魔"
12056,戶外系女子「安可 Anco」性感台泰混血Dancer誘人身軀 人人稱sexy queen,戶外系女子「安可 Anco」性感台泰混血Dancer誘人身軀 人人稱sexy queen,"安可,Anco","淫女,性感美女"
12086,辣女模「辛尤里」再看下去家裡衛生紙都要不夠用了 作風大膽該看哪裡才好,辣女模「辛尤里」再看下去家裡衛生紙都要不夠用了 作風大膽該看哪裡才好,辛尤里,"模特,惹火辣妹"
12115,「Becca 陳婷婷」 甜美氣質滿滿溢出 修長辣腿與緊緻線條太逆天,「Becca 陳婷婷」 甜美氣質滿滿溢出 修長辣腿與緊緻線條太逆天,陈婷婷,"美腿,苗条,仙女文青"
12165,無害系美女「紅豆」又萌又甜一眼愛上 擋不住的好身材,無害系美女「紅豆」又萌又甜一眼愛上 擋不住的好身材,尚未分類,"巨乳大奶,身材好,美女"
12288,正妹芷涵換上火紅比基尼性感雙球蹦出超惹火,正妹芷涵換上火紅比基尼性感雙球蹦出超惹火,芷涵,"巨乳大奶,颜值漂亮,性感美女"
12289,草地野餐吃香蕉！巨乳辣媽「謝薇安」美尻蠻腰齊出鏡魅力突破300萬人追蹤,草地野餐吃香蕉！巨乳辣媽「謝薇安」美尻蠻腰齊出鏡魅力突破300萬人追蹤,尚未分類,"巨乳大奶,颜值漂亮,熟女,其他剧情,户外野外,翘臀美尻"
12290,台灣「彩券女神」放福利啦！「愛語莎」辣曬比基尼！「白皙酥胸」讓粉絲超驚豔,台灣「彩券女神」放福利啦！「愛語莎」辣曬比基尼！「白皙酥胸」讓粉絲超驚豔,尚未分類,"巨乳大奶,台湾,皮肤白皙,美女"
12447,正妹雪兒林酒店泳池換上比基尼大解放破濤洶湧美胸呼之欲出辣翻,正妹雪兒林酒店泳池換上比基尼大解放破濤洶湧美胸呼之欲出辣翻,雪儿林,"颜值漂亮,泳池,酒店"
12537,正妹歌手Aiwei李藹蔚換上暴乳比基尼E奶呼之欲出美翻,正妹歌手Aiwei李藹蔚換上暴乳比基尼E奶呼之欲出美翻,Aiwei,颜值漂亮
12583,JKF 15週年站慶女郎幕後特輯,JKF 15週年站慶女郎幕後特輯,尚未分類,美女
12602,徐微微mia 水汪汪大眼可愛學生妹,徐微微mia 水汪汪大眼可愛學生妹,徐微微,学生
12654,保齡球館「超兇爆乳妹」極品視角令人無法專心～Linda Yu 尤妝妝 & 比特Elsa,保齡球館「超兇爆乳妹」極品視角令人無法專心～Linda Yu 尤妝妝 & 比特Elsa,Linda Yu,"巨乳大奶,主观视角,运动场"
13014,清純妹子@玟姊BABY首套,清純妹子@玟姊BABY首套,玟姊,"清纯,萝莉,妹系"
13097,170 cm 高挑辣模「蔡雨雨」長腿超犯規...,170 cm 高挑辣模「蔡雨雨」長腿超犯規...,蔡雨雨,"美腿,高挑,模特"
13189,逛超商發現「火辣妹子」Jessie 潔晞買東西展現超猛視角,逛超商發現「火辣妹子」Jessie 潔晞買東西展現超猛視角,洁晞,"主观视角,萝莉,妹系,惹火辣妹"
13298,爆乳女職員「泥泥學姊」豐滿上圍有夠逆天,爆乳女職員「泥泥學姊」豐滿上圍有夠逆天,尚未分類,巨乳大奶
13349,她的美麗嬌豔她的玉乳驚人，她香滑巨乳觸手可得,她的美麗嬌豔她的玉乳驚人，她香滑巨乳觸手可得,尚未分類,"巨乳大奶,颜值漂亮,触手"
13350,女神圓滑嫩乳體香,女神圓滑嫩乳體香,尚未分類,"嫩妹,美女"
13352,海線女孩「Angela寶 7」大方曬「F 杯豪乳」,海線女孩「Angela寶 7」大方曬「F 杯豪乳」,宝,"巨乳大奶,萝莉,妹系"
13356,電競女神Mita（映晨）脫單不影響人氣　飲料廣告最令網友津津樂道,電競女神Mita（映晨）脫單不影響人氣　飲料廣告最令網友津津樂道,晨,美女
13365,網紅祈錦鈅IG曬泳衣潛水照　獲網民封「翻版周子瑜」,網紅祈錦鈅IG曬泳衣潛水照　獲網民封「翻版周子瑜」,周子瑜,"网友,网红艺人,泳装水着"
13495,22 歲台美混血正妹「毛咪」從臉蛋、美胸、馬甲線到長腿都超犯規,22 歲台美混血正妹「毛咪」從臉蛋、美胸、馬甲線到長腿都超犯規,尚未分類,"美腿,颜值漂亮"
13512,不要為難那隻貓，有事衝著我來！超胸網紅「黃琳」曬豪乳,不要為難那隻貓，有事衝著我來！超胸網紅「黃琳」曬豪乳,尚未分類,"胸网,巨乳大奶,网红艺人"
13528,天菜美腿女神「王卓淇」真理褲挺出蜜桃臀　辣秀42吋「白皙嫩腿」,天菜美腿女神「王卓淇」真理褲挺出蜜桃臀　辣秀42吋「白皙嫩腿」,王卓淇,"颜值漂亮,美腿,皮肤白皙,美女,翘臀美尻"
13550,電眼護理師「黃靜」身材太暴力...再曬大尺度「南半球」,電眼護理師「黃靜」身材太暴力...再曬大尺度「南半球」,黄静,"护理师,强奸,身材好,誘人"
13560,台灣也有超正 DJ！性感尤物「Molly」大方曬爆乳,台灣也有超正 DJ！性感尤物「Molly」大方曬爆乳,尚未分類,"巨乳大奶,性感美女,台湾,秘书,OL"
13569,洋娃娃女孩蘇小立性感旅拍雙腿間若隱若現讓人噴鼻血,洋娃娃女孩蘇小立性感旅拍雙腿間若隱若現讓人噴鼻血,苏小立,"美腿,萝莉,妹系,性感美女"
13578,正妹Coni換上中空泳裝大解放絕美南半球超惹火,正妹Coni換上中空泳裝大解放絕美南半球超惹火,Coni,"泳装水着,颜值漂亮"
13608,巨乳小隻馬仙女「蕭晴」飢渴浪潮大爆發,巨乳小隻馬仙女「蕭晴」飢渴浪潮大爆發,萧晴,"巨乳大奶,仙女文青"
13647,地表最強高校生！景美女中「甜美正妹」許悅讓人瞬間戀愛,地表最強高校生！景美女中「甜美正妹」許悅讓人瞬間戀愛,尚未分類,"颜值漂亮,美女,恋爱"
13657,高學歷插畫家「泥泥學姐」巨乳身材太極品！,高學歷插畫家「泥泥學姐」巨乳身材太極品！,尚未分類,"學生,巨乳大奶,学生,身材好,仙女文青"
13658,性感的韓國女生,性感的韓國女生,韩国,"韩国,女生,惹火辣妹,性感美女"
13666,E 杯辣模「妮莎」爆乳尬翹臀...大曬各種「自摸、開腿」邪惡視角,E 杯辣模「妮莎」爆乳尬翹臀...大曬各種「自摸、開腿」邪惡視角,妮莎,"巨乳大奶,主观视角,模特"
13731,純淨正妹「張倫倫」氣質完勝,純淨正妹「張倫倫」氣質完勝,张伦伦,"颜值漂亮,仙女文青"
13756,台灣空姐界的女神！「千年一遇」虎航空姐 Rita,台灣空姐界的女神！「千年一遇」虎航空姐 Rita,尚未分類,"台湾,空中小姐,美女"
13774,台灣女星《綜藝新時代》 2019年性感泳裝合輯,台灣女星《綜藝新時代》 2019年性感泳裝合輯,尚未分類,"网红艺人,泳装水着,性感美女,精华,台湾,企划"
13809,我的女同学 2,我的女同学 2,尚未分類,"AV女优,同学"
13841,電眼 E 胸甜心「肝連妹」爆乳、馬甲線全都露,電眼 E 胸甜心「肝連妹」爆乳、馬甲線全都露,尚未分類,巨乳大奶
13912,美女主播豆豆醬無懼寒冬 著住摟HI裙雪中跳舞,美女主播豆豆醬無懼寒冬 著住摟HI裙雪中跳舞,尚未分類,"主播/主持人,舞蹈,美女"
14011,百貨公司發現「爆乳眼鏡娘」飽滿視角太犯規,百貨公司發現「爆乳眼鏡娘」飽滿視角太犯規,尚未分類,"巨乳大奶,公司,眼镜,主观视角,百货公司"
14013,性感小野貓「陳俐璇」胸、腿、顏俱全,性感小野貓「陳俐璇」胸、腿、顏俱全,陈俐璇,性感美女
14018,正妹Iris睡前自拍耍性感換上細肩帶小可愛大方解放好身材,正妹Iris睡前自拍耍性感換上細肩帶小可愛大方解放好身材,尚未分類,"巨乳大奶,颜值漂亮,身材好,性感美女,自拍"
14046,臺灣正妹陳依依為贏比賽一邊脫衣服一邊狂奔,臺灣正妹陳依依為贏比賽一邊脫衣服一邊狂奔,陈依依,"运动场,颜值漂亮,台湾"
14099,辣模Effi床上嬰兒趴+勾人眼神...這翹臀神受得了啊,辣模Effi床上嬰兒趴+勾人眼神...這翹臀神受得了啊,尚未分類,"誘人,床上,翘臀美尻,模特"
14127,電眼巨乳甜心「溫蒂」開大絕 在蜜桃尻上寫字送祝福,電眼巨乳甜心「溫蒂」開大絕 在蜜桃尻上寫字送祝福,温蒂,"巨乳大奶,翘臀美尻"
14138,性感小妖精、氣質美胸正妹〜雅妮,性感小妖精、氣質美胸正妹〜雅妮,雅妮,"颜值漂亮,妖精,性感美女,小妖精,仙女文青"
14227,極品美顏最佳女神—MoMo,極品美顏最佳女神—MoMo,尚未分類,美女
14294,為一眾臺灣正妹拍寫真女攝影師莉奈原來是一個正妹,為一眾臺灣正妹拍寫真女攝影師莉奈原來是一個正妹,莉奈,"颜值漂亮,台湾,摄影师,自拍"
14362,美顏可愛誘惑天菜—鄭雅今,美顏可愛誘惑天菜—鄭雅今,郑雅今,颜值漂亮
14393,妹「酪梨小姐」海芋園賞花性感洋裝開高衩露大腿根部...人比花更吸睛,妹「酪梨小姐」海芋園賞花性感洋裝開高衩露大腿根部...人比花更吸睛,尚未分類,"洋装,身材好,美女,性感美女"
14419,會騎重機的女生先給讚！長腿辣模「小貓」身材令人超驚喜！,會騎重機的女生先給讚！長腿辣模「小貓」身材令人超驚喜！,尚未分類,"美腿,女生,身材好,模特"
14446,溫泉邊盡情的散發渾身嫵媚,溫泉邊盡情的散發渾身嫵媚,尚未分類,温泉
14450,身材顏值俱佳的正妹－小繪兒,身材顏值俱佳的正妹－小繪兒,绘,"颜值漂亮,身材好"
14688,黑澀會Apple不怕牙醫男友吃醋　粉紅色比基尼傲人上圍,黑澀會Apple不怕牙醫男友吃醋　粉紅色比基尼傲人上圍,比基尼,"男友,巨乳大奶,医师"
14690,天氣太熱正妹羽晴打網球下身脫到剩小褲褲這真的太性感了,天氣太熱正妹羽晴打網球下身脫到剩小褲褲這真的太性感了,羽晴,"运动场,颜值漂亮,短裤,性感美女"
14814,2019TRE台北國際成人展分享心得,2019TRE台北國際成人展分享心得,2019TRE,台湾
14816,20191025 JKF VIP 秋山祥子 女優大尺攝影會之分享,20191025 JKF VIP 秋山祥子 女優大尺攝影會之分享,"秋山祥,Jkf Vip,女优","AV女优,特典推荐,自拍"
14823,2019特派員初體驗,2019特派員初體驗,尚未分類,cos扮演
14824,台灣超甜美女警「阿均」！穿上制服搭配水亮大眼,台灣超甜美女警「阿均」！穿上制服搭配水亮大眼,阿均,"学生,台湾,美女"
14825,性感正妹「米小米」側乳曲線太誘人,性感正妹「米小米」側乳曲線太誘人,尚未分類,"巨乳大奶,颜值漂亮,淫女,性感美女"
14826,2019 TRE 台北國際成人展 Taipei Red Expo不專業特派員 Day1記實 (119P),2019 TRE 台北國際成人展 Taipei Red Expo不專業特派員 Day1記實 (119P),2019TRE,"纪录片,台湾,cos扮演"
14827,正妹Weiwe穿上黃色比基尼 好身材大方顯露無疑,正妹Weiwe穿上黃色比基尼 好身材大方顯露無疑,Weiwe,"巨乳大奶,颜值漂亮,身材好"
14829,護理師林后儀車頭燈太胸，比基尼有被撐開的感覺,護理師林后儀車頭燈太胸，比基尼有被撐開的感覺,林后仪,"巨乳大奶,护理师"
14836,2019 特派員~就是爽之(三上悠亞'好正!!!),2019 特派員~就是爽之(三上悠亞'好正!!!),"爽之(,三上悠亚",cos扮演
14847,2019特派員心得分享,2019特派員心得分享,尚未分類,cos扮演
14856,2019 TRE成人展 JKF特派員心得,2019 TRE成人展 JKF特派員心得,尚未分類,cos扮演
14858,2019TRE成人展 特派員分享,2019TRE成人展 特派員分享,成人展,cos扮演
14859,2019 TRE 台北國際成人展特派員 又是一次滿足的回憶之行,2019 TRE 台北國際成人展特派員 又是一次滿足的回憶之行,2019TRE,"台湾,cos扮演"
14861,2019 TRE JVID舞台 特派員 回憶錄 中回,2019 TRE JVID舞台 特派員 回憶錄 中回,尚未分類,"纪录片,演唱会,其他,cos扮演"
14863,2019TRE成人展 特派員心得分享,2019TRE成人展 特派員心得分享,成人展,cos扮演
14869,2019 TRE 櫻花樹下 特派員 回憶錄下回,2019 TRE 櫻花樹下 特派員 回憶錄下回,尚未分類,"纪录片,cos扮演"
14879,正妹模特 Niki Wang,正妹模特 Niki Wang,Niki,"颜值漂亮,模特"
14886,2019「TRE成人博覽會」不專業特派員心得分享 (77P),2019「TRE成人博覽會」不專業特派員心得分享 (77P),尚未分類,cos扮演
14889,2019 TRE 史上最不專業特派文！！只有畫質不佳的圖片，但擁有滿滿的感動 By Chi（三日）,2019 TRE 史上最不專業特派文！！只有畫質不佳的圖片，但擁有滿滿的感動 By Chi（三日）,尚未分類,"高画质,写真集"
14890,2019 TRE 主舞台 特派員 回憶錄上回,2019 TRE 主舞台 特派員 回憶錄上回,尚未分類,"纪录片,演唱会,cos扮演"
14895,這次來參加台北TRE成人展女優~ 三上悠亞,這次來參加台北TRE成人展女優~ 三上悠亞,三上 悠亚,"AV女优,台湾"
14919,"2019 TRE 台北國際成人展特派員,現場的紀錄報告","2019 TRE 台北國際成人展特派員,現場的紀錄報告",2019TRE,"纪录片,台湾,cos扮演"
14921,2019TRE成人展 D2 特派員TK,2019TRE成人展 D2 特派員TK,Tre Tk,cos扮演
14924,20190803 TRE成人博覽會特派員現場報導,20190803 TRE成人博覽會特派員現場報導,尚未分類,cos扮演
14927,2019 TRE成人展★如夢如幻☆特派紀錄(222P),2019 TRE成人展★如夢如幻☆特派紀錄(222P),尚未分類,纪录片
14932,擁有88000粉絲的角色扮演博主~Yami,擁有88000粉絲的角色扮演博主~Yami,Yami,"网红艺人,cos扮演"
14941,2019/08/03「TRE成人博覽會」第二天菜鳥特派員,2019/08/03「TRE成人博覽會」第二天菜鳥特派員,尚未分類,"素人,颜值漂亮,cos扮演"
14954,2019/08/03「TRE成人博覽會」Day2 特派員展內報告,2019/08/03「TRE成人博覽會」Day2 特派員展內報告,尚未分類,cos扮演
14958,2019TRE台北國際成人展→非典型不專業沒大砲之內文沒看頭報導，點進來看是浪費時間,2019TRE台北國際成人展→非典型不專業沒大砲之內文沒看頭報導，點進來看是浪費時間,大砲,台湾
14966,2019 TRE 最強成人展第一天 特派員心得,2019 TRE 最強成人展第一天 特派員心得,尚未分類,cos扮演
14972,2019 TRE特派員~小小奶(X)凍累到吐奶的首日之旅,2019 TRE特派員~小小奶(X)凍累到吐奶的首日之旅,尚未分類,"贫乳,cos扮演"
14976,腿控福利連發~~超美腿的relin琳琳 第五彈!!!,腿控福利連發~~超美腿的relin琳琳 第五彈!!!,琳琳,"美腿,腿控"
14981,謝馥羽Michelle《外拍圖片合輯》寫真集,謝馥羽Michelle《外拍圖片合輯》寫真集,"谢馥羽,Michelle","精华,写真集"
14982,陳思穎《師大陽光校園行》寫真集,陳思穎《師大陽光校園行》寫真集,尚未分類,"校园,写真集"
14996,腿控福利又來了~~超美腿的relin琳琳 第四彈!!!,腿控福利又來了~~超美腿的relin琳琳 第四彈!!!,琳琳,"美腿,腿控"
15000,笑容可人的長腿焦阿咖模特兒~ 陳楚雍,笑容可人的長腿焦阿咖模特兒~ 陳楚雍,陈楚雍,"美腿,模特"
15004,沈雅琪沈琪琪《 鎢絲棚 內衣秀》寫真集,沈雅琪沈琪琪《 鎢絲棚 內衣秀》寫真集,沈雅琪,"写真集,只穿内衣"
15042,正妹江晏甯浮潛抓海膽，泳裝太美網友分心,正妹江晏甯浮潛抓海膽，泳裝太美網友分心,江晏宁,"泳装水着,颜值漂亮"
15061,李小星Xin《粉色比基尼》 寫真集,李小星Xin《粉色比基尼》 寫真集,李小星,写真集
15074,方唯真《芭蕾.性感旅拍》浴室 寫真集,方唯真《芭蕾.性感旅拍》浴室 寫真集,方唯真,"芭蕾服,浴室,写真集,性感美女"
15078,方唯真《芭蕾.性感旅拍》睡衣 寫真集,方唯真《芭蕾.性感旅拍》睡衣 寫真集,方唯真,"芭蕾服,睡衣,写真集,性感美女"
15092,relin琳琳★超美腿★~~~颱風來襲也不無聊 第七彈!!!!!,relin琳琳★超美腿★~~~颱風來襲也不無聊 第七彈!!!!!,琳琳,美腿
15139,台灣極品妹子Yumi.K 身材超好的私房照,台灣極品妹子Yumi.K 身材超好的私房照,尚未分類,"萝莉,妹系,身材好,台湾"
15154,宅男女神沈琪琪 混血外型太迷人,宅男女神沈琪琪 混血外型太迷人,沈琪琪,美女
15171,火辣正妹霍萱Iris 邪惡視角好迷人,火辣正妹霍萱Iris 邪惡視角好迷人,Iris,"主观视角,颜值漂亮"
15175,台灣氣質空姐鄭詩璇 笑容甜美又胸大腿長,台灣氣質空姐鄭詩璇 笑容甜美又胸大腿長,郑诗璇,"美腿,仙女文青,空中小姐,台湾"
15190,黃琳: 宇宙少女拯救世界!,黃琳: 宇宙少女拯救世界!,黄琳,"少女,妹子"
15198,鄰家小妹竺竺 甜美清新邪念全無,鄰家小妹竺竺 甜美清新邪念全無,竺竺,邻家女孩
15207,台灣正妹憑果茱 氧氣少女私房照,台灣正妹憑果茱 氧氣少女私房照,凭 果 茱,"少女,妹子,颜值漂亮,台湾"
15210,甜美又霸氣！陳翎瑀超自信笑容加上火辣身材，女王就決定是妳,甜美又霸氣！陳翎瑀超自信笑容加上火辣身材，女王就決定是妳,尚未分類,"身材好,老板娘,女主人"
15214,超甜美萌妹周奕瑜 深藏不露的好身材,超甜美萌妹周奕瑜 深藏不露的好身材,周奕瑜,"巨乳大奶,身材好"
15225,神盾級正妹強襲！林妤霜胸前太豪邁,神盾級正妹強襲！林妤霜胸前太豪邁,尚未分類,颜值漂亮
15227,17平台女主播陳姿含 火辣身材外拍寫真,17平台女主播陳姿含 火辣身材外拍寫真,陈姿,"主播/主持人,身材好"
15230,小步Angela~鎖骨犯罪的女王力MAX,小步Angela~鎖骨犯罪的女王力MAX,尚未分類,"犯罪,老板娘,女主人"
15235,腿控福利又來了~~超美腿的relin琳琳 第六彈!!!,腿控福利又來了~~超美腿的relin琳琳 第六彈!!!,琳琳,"美腿,腿控"
15246,柔軟女孩的逆襲！「體操正妹鋼鐵艾」笑容甜度突破天際,柔軟女孩的逆襲！「體操正妹鋼鐵艾」笑容甜度突破天際,尚未分類,"颜值漂亮,萝莉,妹系"
15259,路雨希鏡前自拍「白色內衣」，惹火尺寸令人沖動,路雨希鏡前自拍「白色內衣」，惹火尺寸令人沖動,路雨希,"只穿内衣,自拍"
15268,林倪安 哼~身材? 什麼叫身材 本淑女都沒聽過,林倪安 哼~身材? 什麼叫身材 本淑女都沒聽過,林倪,身材好
15283,台灣I級豔后洪蓉 超震撼的事業線,台灣I級豔后洪蓉 超震撼的事業線,洪蓉 超,台湾
15284,周甄娜Jenna 身材超級正的馬來正妹,周甄娜Jenna 身材超級正的馬來正妹,周甄娜,"颜值漂亮,身材好"
15294,高雄女神比比兒 「甜美學生妹」出沒,高雄女神比比兒 「甜美學生妹」出沒,高雄,"学生,美女"
15313,正在走紅中的女團團員~ 謝芷蕙,正在走紅中的女團團員~ 謝芷蕙,谢芷蕙,cos扮演
15318,大馬女神蔡卓宜 最具治愈系的笑容,大馬女神蔡卓宜 最具治愈系的笑容,蔡卓宜,"东南亚,美女"
15326,小野馬Rong的情欲房間！五位攝影師鏡下不同的邪惡視角,小野馬Rong的情欲房間！五位攝影師鏡下不同的邪惡視角,小野马,"家裏,主观视角,摄影师,自拍"
15329,台灣正妹Go Go Jiang私房照,台灣正妹Go Go Jiang私房照,Go Go Jiang,"颜值漂亮,台湾"
15373,2019 TRE 台北國際成人展Taipei Red Expo (特派員心得分享),2019 TRE 台北國際成人展Taipei Red Expo (特派員心得分享),Taipei,"台湾,cos扮演"
15381,TRE 台北國際成人展Taipei Red Expo 2019特派員分享 JKF篇,TRE 台北國際成人展Taipei Red Expo 2019特派員分享 JKF篇,Taipei Jkf,"台湾,cos扮演"
15382,2019 TRE台北國際成人展 特派員之不專業特定區 報導&心得,2019 TRE台北國際成人展 特派員之不專業特定區 報導&心得,2019TRE,"台湾,cos扮演"
15386,歐派命理師黃麟 性感泳裝開放咨詢,歐派命理師黃麟 性感泳裝開放咨詢,黄麟,"巨乳大奶,泳装水着,性感美女"
15389,高顔值甜美直播主瑀熙，宅男們檔不住的來勢胸胸,高顔值甜美直播主瑀熙，宅男們檔不住的來勢胸胸,主瑀熙,"颜值漂亮,主播短片,美女"
15390,2019TRE特派員AV女優分享@台北國際成人展,2019TRE特派員AV女優分享@台北國際成人展,2019TRE,"AV女优,台湾,cos扮演"
15400,天氣熱就是要秀身材呀~ 霈霈 Aki Chen,天氣熱就是要秀身材呀~ 霈霈 Aki Chen,霈霈,身材好
15402,2019TRE台北國際成人展特派員分享,2019TRE台北國際成人展特派員分享,Tre,"台湾,cos扮演"
15412,【IG正妹】大馬氧氣女孩 可是這笑容會讓人缺氧 @joeychua8_official (36p),【IG正妹】大馬氧氣女孩 可是這笑容會讓人缺氧 @joeychua8_official (36p),Joeychua8 Official,"颜值漂亮,萝莉,妹系,东南亚"
15435,逆天美腿女孩—林淨,逆天美腿女孩—林淨,林净,"美腿,萝莉,妹系"
15496,relin琳琳★超美腿★~~褲子好短~受不了 第九彈!!!!!,relin琳琳★超美腿★~~褲子好短~受不了 第九彈!!!!!,琳琳,"美腿,短裤"
15541,蕾依專屬模特兒 jkf女郎 Lai Manie,蕾依專屬模特兒 jkf女郎 Lai Manie,Jkf Lai,"模特,美女"
15588,relin琳琳★超美腿★~~~真的是完美的線條 第八彈!!!!!,relin琳琳★超美腿★~~~真的是完美的線條 第八彈!!!!!,琳琳,"美腿,苗条"
15745,大波浪長髮御姐...竟擁有不科學「I罩杯雪白木瓜奶」眼神超勾人...網嗨：這麼大可以嗎？,大波浪長髮御姐...竟擁有不科學「I罩杯雪白木瓜奶」眼神超勾人...網嗨：這麼大可以嗎？,波浪,"誘人,御姐"
15768,女神希維亞,女神希維亞,希维亚,美女
15770,馬來女團成員 Stella Chen,馬來女團成員 Stella Chen,"Stella Chen,马来","社員,cos扮演"
15775,身材豐滿 Nori 何苔苔,身材豐滿 Nori 何苔苔,尚未分類,身材好
15777,米米恩 – 爆乳釣蝦女VIVIAN,米米恩 – 爆乳釣蝦女VIVIAN,"米米恩,Vivian",巨乳大奶
15791,[MiStar魅妍社] Vol.106 于姬Una [50P],[MiStar魅妍社] Vol.106 于姬Una [50P],"Mistar Una,魅妍社","秘书,OL"
15852,呼呼 甜甜高顏質讓人看傻眼 根本天使下凡！,呼呼 甜甜高顏質讓人看傻眼 根本天使下凡！,尚未分類,"颜值漂亮,cos扮演"
15857,性感美女絕色嫩模中學老師尹透明菲薄紗蕾絲大胸若隱若現火辣酮體勾魂魅惑,性感美女絕色嫩模中學老師尹透明菲薄紗蕾絲大胸若隱若現火辣酮體勾魂魅惑,尹透明,"情趣服装,嫩妹,性感美女,魅惑,美女,誘人,丝袜,女教师"
15899,清純娃娃,清純娃娃,尚未分類,清纯
15900,少女情懷 [40P],少女情懷 [40P],尚未分類,"少女,妹子"
15903,鄰家少女的可愛,鄰家少女的可愛,尚未分類,"少女,妹子,邻家女孩"
15904,籃球妹妹,籃球妹妹,尚未分類,姊姊
15988,李怡葶elle 脫下衣物露出姣好身材撩慾火 不容忽視!,李怡葶elle 脫下衣物露出姣好身材撩慾火 不容忽視!,李怡葶,"巨乳大奶,野外露出,淫荡淫乱,身材好"
16050,肉感美胸～姚采辰,肉感美胸～姚采辰,姚采辰,丰满
16055,鄰家女孩的臉蛋...竟然偷藏「欠調教の壞壞大歐派」打個噴嚏就一直晃...網：想被她夾,鄰家女孩的臉蛋...竟然偷藏「欠調教の壞壞大歐派」打個噴嚏就一直晃...網：想被她夾,尚未分類,"巨乳大奶,颜值漂亮,萝莉,妹系,邻家女孩,调教凌辱"
16193,兇狠呆萌女孩—Angela寶寶77,兇狠呆萌女孩—Angela寶寶77,Angela,"萝莉,妹系"
16354,relin琳琳★超美腿★~~完美腿型真的會讓人想爽一發!! 第11彈!!!!!,relin琳琳★超美腿★~~完美腿型真的會讓人想爽一發!! 第11彈!!!!!,relin琳琳,美腿
16355,甜美性感小隻馬—Meimei涔涔,甜美性感小隻馬—Meimei涔涔,Meimei涔涔,性感美女
16422,relin琳琳★超美腿★~~今天52張先當作前菜吧 第十彈!!!!!,relin琳琳★超美腿★~~今天52張先當作前菜吧 第十彈!!!!!,"Relin,琳琳",美腿
16470,小峰美子 JKF VIP攝影會,小峰美子 JKF VIP攝影會,小峰美子,"特典推荐,自拍"
16471,20190920 JKF VIP攝影會 小峰美子,20190920 JKF VIP攝影會 小峰美子,Jkf,"特典推荐,自拍"